,country,Total area of the country (excl. coastal water) (1000 ha),Rural population (1000 inhab),Urban population (1000 inhab),Population density (inhab/km2),GDP per capita (current US$/inhab),"Agriculture, value added (% GDP) (%)",Human Development Index (HDI) [highest = 1] (-),Total renewable water resources per capita (m3/inhab/yr),Dam capacity per capita (m3/inhab),Agricultural water withdrawal (10^9 m3/year),Industrial water withdrawal (km<sup>3</sup>/year or 10<sup>9</sup>m<sup>3</sup>/year),Municipal water withdrawal (km<sup>3</sup>/year or 10<sup>9</sup>m<sup>3</sup>/year),Total water withdrawal (10^9 m3/yr),Total water withdrawal per capita (m<sup>3</sup>/year per inhabitant),Agricultural water withdrawal as % of total water withdrawal (%),SDG 6.4.2. Water Stress (%),SDG 6.4.1. Water Use Efficiency (US$/m3),SDG 6.4.1. Irrigated Agriculture Water Use Efficiency (US$/m3),SDG 6.4.1. Industrial Water Use Efficiency (US$/m3),Total population with access to safe drinking-water (JMP) (%),Rural population with access to safe drinking-water (JMP) (%),Urban population with access to safe drinking-water (JMP) (%),"Mortality rate, infant (per 1,000 live births)",Resilience and securityStorage drought duration index(Total dam capacity_km3)
0,Afghanistan,0.038181167,0.026960392,0.01005294,0.006125357,0.003791276,0.454548611,0.233443709,0.004016066,0.001744726,0.029069767,0.000727718,0.002768236,0.026764828,0.121565861,0.986782782,0.017692174,0.001736647,0.001659427,0.003618774,0.29136164,0.382675439,0.401408451,0.570771001,0.002387387
1,Albania,0.001679707,0.001544371,0.002143973,0.01327835,0.02699424,0.335780427,0.716887417,0.019852167,0.037425283,0.00087093,0.000995191,0.004976652,0.001564255,0.075578144,0.5038562,0.002313412,0.019593751,0.02364285,0.001334407,0.932650073,0.944078947,0.899061033,0.077100115,0.004789035
2,Algeria,0.139295786,0.013523242,0.03511277,0.001852641,0.035856859,0.156611736,0.660596026,0.000597832,0.006011457,0.007252907,0.001781728,0.041405573,0.011064462,0.040679151,0.5953537,0.035469805,0.046521287,0.009969837,0.028554275,0.778916545,0.804824561,0.67370892,0.225546605,0.009868323
3,Andorra,2.57E-05,1.09E-05,9.08E-05,0.023150588,0.251984161,0.010381309,0.84602649,0.007334531,0.037267984,0.022984565,0.01702681,0.035075165,0.029122166,0.08520412,0.532124372,0.021077952,0.101144359,0.017080962,0.037014052,1,1,1,0.01726122,0.050288757
4,Angola,0.072912268,0.011256534,0.020851328,0.002445305,0.032810821,0.108198406,0.329470199,0.011322121,0.010180394,0.000213227,0.001028679,0.004360864,0.0009209,0.003437386,0.208926188,0.000596243,0.41767473,0.002351703,0.04153533,0.235724744,0.221491228,0.394366197,0.620253165,0.011224178
5,Antigua and Barbuda,2.40E-05,8.35E-05,2.52E-05,0.027165067,0.080851488,0.03344196,0.710264901,0.001101784,0.001502943,2.62E-06,1.07E-05,7.68E-05,8.54E-06,0.022145531,0.157332733,0.00272645,0.272575118,0.025750107,0.008856444,0.969253294,0.976973684,0.950704225,0.055235903,5.97E-06
6,Argentina,0.162611664,0.004328802,0.052030571,0.001762164,0.0901525,0.103038383,0.802980132,0.040199197,0.08526877,0.04059593,0.017173278,0.080226727,0.04963896,0.168956991,0.743110509,0.003371405,0.037733378,0.001927879,0.005922591,0.979502196,0.958333333,0.971830986,0.092059839,0.156343403
7,Armenia,0.001737608,0.001226854,0.002464224,0.01269439,0.023476812,0.320471371,0.660596026,0.005159878,0.013013128,0.003063953,0.000996909,0.008215544,0.003858107,0.190647218,0.720476804,0.019170537,0.007229197,0.00585547,0.001373507,0.995607613,0.993421053,0.995305164,0.120828539,0.001648129
8,Australia,0.452748298,0.003858236,0.026432836,0.000153754,0.458125913,0.040254076,0.983443709,0.041149028,0.091908709,0.013934593,0.011540443,0.051337204,0.021043502,0.130177493,0.601577725,0.001995277,0.193146492,0.006193946,0.015975495,1,1,1,0.01726122,0.092437045
9,Austria,0.004904019,0.004226967,0.006595162,0.013278607,0.315697269,0.023578542,0.928807947,0.017506251,0.006772384,0.000112064,0.011570496,0.009854812,0.00458229,0.075675969,0.022192801,0.003108552,0.274993938,0.057078376,0.005099316,1,1,1,0.014959724,0.002528444
10,Azerbaijan,0.0050631,0.004948019,0.006764376,0.0140283,0.048733115,0.091531744,0.658940397,0.007169524,0.062925547,0.012917151,0.013347931,0.006683274,0.015722837,0.242061665,0.746286268,0.017078723,0.010407629,0.003446008,0.00121798,0.773060029,0.714912281,0.845070423,0.231300345,0.025599827
11,Bahamas,0.000810026,7.53E-05,0.000408293,0.003252951,0.188936703,0.01863443,0.759933775,0.003688061,0.037267984,0.022984565,0.01702681,0.00039697,0.029122166,0.08520412,0.532124372,0.021077952,0.101144359,0.017080962,0.037014052,0.976573939,0.98245614,0.962441315,0.242256861,0.050288757
12,Bahrain,4.33E-05,0.000169212,0.001557427,0.224933848,0.154922983,0.004349704,0.764900662,0.000170938,0,0.000203568,8.36E-05,0.00349141,0.000539628,0.058498897,0.338695242,0.052922026,0.190912797,0.008173477,0.110492532,1,1,1,0.052934407,0
13,Bangladesh,0.008681021,0.122645212,0.067580995,0.135424718,0.004665892,0.289371556,0.379139073,0.01556565,0.001160765,0.045784884,0.003305856,0.049361852,0.047129088,0.042978036,0.882721283,0.001841285,0.011558749,0.010733724,0.008269042,0.777452416,0.828947368,0.669014085,0.317606444,0.007696918
14,Barbados,2.34E-05,0.0002232,0.00011227,0.087758206,0.107008589,0.023259928,0.783112583,0.000540174,0.037267984,7.97E-05,2.66E-05,0.000252406,9.99E-05,0.052035063,0.680048615,0.028276844,0.146317572,0.011763717,0.014706362,0.991215227,0.993421053,0.985915493,0.126582278,0.050288757
15,Belarus,0.01213986,0.002665706,0.009718613,0.005809374,0.04487562,0.145145211,0.76986755,0.011777923,0.00890863,0.000702035,0.002065802,0.00767598,0.001997823,0.028711293,0.318292782,0.001616333,0.086689769,0.001236966,0.006370358,0.995607613,0.990131579,0.997652582,0.013808976,0.003683873
16,Belgium,0.001783811,0.00028956,0.014688854,0.048188476,0.293963062,0.013409918,0.938741722,0.003162323,0.000352274,5.23E-05,0.018173622,0.0099234,0.006555891,0.08318582,0.007246001,0.021039116,0.229551728,0.019259411,0.002830383,1,1,1,0.016110472,0.000171478
17,Belize,0.00134166,0.000213495,0.000198411,0.001721771,0.028995485,0.240045113,0.609271523,0.12317648,0.009744011,9.94E-05,9.10E-05,0.000134434,0.000126151,0.054547009,0.680736675,0.000398537,0.03549849,0.002842541,0.001692729,0.989751098,1,0.962441315,0.124280783,0.000144622
18,Benin,0.006710055,0.006295354,0.005815818,0.011066833,0.004709203,0.400903365,0.25,0.005195949,6.54E-05,8.58E-05,0.0001288,0.00185542,0.000290222,0.00251294,0.26258058,0.00030639,0.060705473,0.004075071,0.007392924,0.651537335,0.673245614,0.629107981,0.705408516,2.79E-05
19,Bhutan,0.002243508,0.000554829,0.000363269,0.002196632,0.015162579,0.285560015,0.418874172,0.21297156,0,0.000462209,1.29E-05,0.000211253,0.000437585,0.089088666,0.945703161,0.000448163,0.01256025,0.005885668,0.028992658,0.970717423,0.968201754,0.992957746,0.284234753,0
20,Bolivia (Plurinational State of),0.064249378,0.003875617,0.009342146,0.00101908,0.016632268,0.175278949,0.53807947,0.105953819,0.001540143,0.002790698,0.000137386,0.001843662,0.002737206,0.036117088,0.924304687,0.000371611,0.02722216,0.002638353,0.040306225,0.831625183,0.700657895,0.910798122,0.242256861,0.000701843
21,Bosnia and Herzegovina,0.002993294,0.002273003,0.002278249,0.009148419,0.030305556,0.109417961,0.667218543,0.019926646,0.021863165,0.022984565,0.000309548,0.004906829,0.029122166,0.08520412,0.532124372,0.000930658,0.101144359,0.017080962,0.005669763,0.992679356,0.994517544,0.990610329,0.041426928,0.003460939
22,Botswana,0.034021085,0.000852452,0.001827547,0.000226755,0.044658116,0.047717025,0.57781457,0.011496102,0.014724339,0.000107994,0.000155848,0.001126225,0.000248753,0.016116372,0.384379692,0.000648273,0.165809227,0.000830481,0.017592265,0.942898975,0.912280702,0.981220657,0.36018412,0.001318714
23,Brazil,0.498048335,0.035018404,0.231056685,0.00288047,0.080144105,0.074119773,0.655629139,0.083117154,0.095115803,0.058263081,0.056178087,0.229887076,0.09188628,0.064380509,0.576186105,0.001058904,0.060947599,0.004502832,0.004395435,0.963396779,0.839912281,0.990610329,0.14844649,0.832360256
24,Brunei Darussalam,0.000335707,0.000112695,0.000402027,0.008982098,0.312949708,0.011150259,0.836092715,0.040809646,0.003053099,7.70E-06,0.01702681,0.002056287,0.000114324,0.041664386,0.057907186,0.001111716,0.101144359,0.045438947,0.037014052,0.814548817,0.800654395,0.861502347,0.084004603,5.35E-05
25,Bulgaria,0.006490149,0.002287877,0.00722907,0.008571722,0.047861156,0.078429292,0.741721854,0.005563439,0.0240527,0.001379942,0.016387601,0.012986568,0.007503334,0.145252888,0.166984982,0.013645737,0.019543654,0.001294734,0.000144203,0.992679356,0.989035088,0.990610329,0.055235903,0.007746115
26,Burkina Faso,0.016036172,0.014245554,0.005784549,0.007819255,0.004207114,0.425207178,0.092715232,0.00156057,0.008716704,0.000611483,9.32E-05,0.005130428,0.001068338,0.007449782,0.516967962,0.002515131,0.024311325,0.000770656,0.020856195,0.732064422,0.734649123,0.941314554,0.647871116,0.006342882
27,Burundi,0.0016259,0.009584582,0.001407103,0.044071584,0.000860379,0.635891589,0.129139073,0.00259723,0.037267984,0.000322674,6.44E-05,0.000569285,0.0003615,0.003849649,0.796680682,0.003286128,0.015187948,0.000720912,0.004094804,0.638360176,0.706140351,0.800469484,0.489067894,0.050288757
28,Cabo Verde,0.000233942,0.000221295,0.000429775,0.016480583,0.021657506,0.150801831,0.490066225,0.001137451,0,3.63E-05,1.72E-06,0,2.89E-05,0.008219692,0.93072347,0.002717332,0.133864265,0.005245651,0.097601629,0.857979502,0.850877193,0.82629108,0.158803222,0
29,Cambodia,0.010586482,0.013512497,0.004209027,0.010648402,0.005478261,0.600205834,0.347682119,0.061704272,1.83E-06,0.002984012,0.00014168,0.001322388,0.002863357,0.026027849,0.944888876,0.000326207,0.012388782,0.005784683,0.016614314,0.543191801,0.593201754,0.809859155,0.278481013,1.19E-06
30,Cameroon,0.027804649,0.011531381,0.015084136,0.005786537,0.008305402,0.245346554,0.30794702,0.025245308,0.019662712,0.001071221,0.000449081,0.003363585,0.001423662,0.007694351,0.680649258,0.000495561,0.055928249,0.000501393,0.011098597,0.62079063,0.472587719,0.861502347,0.617951669,0.018550823
31,Canada,0.583957862,0.007623956,0.038407997,0.000225627,0.344195265,0.031874627,0.940397351,0.159185225,0.652110935,0.005675872,0.127018068,0.069643504,0.050675167,0.206645742,0.101772904,0.001204288,0.101676992,0.004035338,0.001745582,0.997071742,0.989035088,1,0.032220944,1
32,Central African Republic,0.036433617,0.003151918,0.002391204,0.000708953,0.002495754,0.704616932,0.052980132,0.060882388,0.037267984,5.81E-07,5.15E-05,0.000802487,8.87E-05,0.001215456,0.005545828,9.96E-05,0.053647272,0.003310534,0.007218582,0.534407028,0.5,0.755868545,0.986191024,0.050288757
33,Chad,0.075093782,0.011455522,0.003808134,0.001087173,0.006473146,0.436478513,0.091059603,0.006847449,0.037267984,0.000977035,0.000445217,0.001400579,0.001149285,0.011119725,0.768170648,0.001379527,0.02796446,0.000511702,0.007376257,0.27818448,0.394736842,0.338028169,0.836593786,0.050288757
34,Chile,0.044219223,0.00256798,0.020466424,0.002828604,0.100819337,0.058641767,0.794701987,0.101619453,0.020554209,0.042761628,0.020367508,0.017358406,0.046552211,0.38257169,0.834648619,0.002894736,0.016332824,0.003072702,0.002106053,0.980966325,0.904605263,0.990610329,0.056386651,0.015704992
35,China,0.561460199,0.774750389,1,0.019420838,0.041294032,0.161947842,0.630794702,0.00384459,0.012899221,0.563953488,0.61136871,1,0.792771306,0.078618111,0.646461732,0.014128467,0.042634875,0.030251031,0.004617301,0.900439239,0.873903509,0.941314554,0.078250863,0.801584588
36,Colombia,0.066774202,0.011563693,0.050046235,0.005141662,0.051259124,0.099566428,0.658940397,0.098117104,0.006626597,0.009289244,0.012819852,0.045411148,0.016667652,0.050124895,0.506274253,0.00060487,0.051430225,0.008282874,0.004182068,0.871156662,0.710526316,0.927230047,0.130034522,0.013407313
37,Comoros,0.000107087,0.00060253,0.000267911,0.051639193,0.008456333,0.540224726,0.316225166,0.003175593,0.037267984,6.83E-06,2.15E-06,4.39E-05,6.57E-06,0.000738279,0.472435233,0.000260515,0.165383303,0.001122338,0.02934764,0.855051245,0.879385965,0.833333333,0.585730725,0.050288757
38,Congo,0.020000328,0.001922591,0.004025254,0.001518085,0.024359083,0.067495964,0.385761589,0.353372257,5.40E-05,5.81E-06,0.00010304,0.000851871,0.00011393,0.001968712,0.043846515,0,0.352968962,0.001904205,0.054335972,0.638360176,0.328947368,0.899061033,0.242256861,1.07E-05
40,Costa Rica,0.002986861,0.001404219,0.004660675,0.011995492,0.064959537,0.096363294,0.721854305,0.046173805,0.011526106,0.002431686,0.000369225,0.007934331,0.003067037,0.092329329,0.718968958,0.001281431,0.053980966,0.006186177,0.018549991,0.963396779,0.908991228,0.988262911,0.066743383,0.002372735
41,Cote d'Ivoire,0.018857519,0.012855372,0.013989245,0.008671646,0.007450445,0.397190728,0.213576159,0.007480261,0.046776579,0.000869816,0.001111493,0.005330707,0.001633446,0.009065705,0.481981252,0.001757544,0.041982014,0.002291426,0.003685626,0.724743777,0.655701754,0.830985915,0.242256861,0.050288757
42,Croatia,0.003307947,0.002213844,0.003227094,0.009884195,0.085788005,0.059274389,0.798013245,0.04704412,0.006060201,5.17E-05,0.000634123,0.007015243,0.000908363,0.028730272,0.051337501,0.00046618,0.164872871,0.018398442,0.010191951,0.991215227,0.99122807,0.992957746,0.0287687,0.001143189
43,Cuba,0.006424645,0.003060576,0.01184777,0.013423627,0.041524367,0.06841587,0.705298013,0.006486808,0.022559279,0.006108043,0.003191868,0.023298179,0.008726448,0.109591439,0.635607101,0.007382224,0.033459342,0.003157479,0.003705911,0.913616398,0.860745614,0.908450704,0.027617952,0.01115144
44,Cyprus,0.000539237,0.000430337,0.001027471,0.016125689,0.189574699,0.03538261,0.850993377,0.001316394,0.007121876,0.000248547,1.80E-05,0.001059008,0.000327203,0.040379911,0.676716576,0.011271833,0.209042009,0.013394446,0.080296695,1,1,1,0.004602992,0.000354966
45,Czechia,0.004611006,0.003286088,0.010504535,0.017653341,0.12818486,0.041523084,0.872516556,0.00238063,0.008144026,6.28E-05,0.00454953,0.008717612,0.002412631,0.030978895,0.023587091,0.009038231,0.240649014,0.016830454,0.007630514,1,1,1,0.242256861,0.00378405
46,Democratic People's Republic of Korea,0.007048102,0.011300566,0.020471283,0.027201237,0.003451097,0.418394272,0.583461607,0.00595906,0.023162028,0.009607558,0.004915851,0.012362411,0.011370377,0.064039784,0.76742922,0.008958659,0.004509518,0.006138052,0.000750441,0.995607613,0.993421053,0.997652582,0.242256861,0.025224269
47,Democratic Republic of the Congo,0.137138837,0.047064759,0.038435551,0.003685111,0.002013435,0.365789219,0.140728477,0.035608348,2.07E-05,0.000104506,0.000630259,0.006355421,0.000891727,0,0.105723433,6.45E-05,0.093288788,0.002605228,0.011967771,0.288433382,0.235745614,0.572769953,0.242256861,6.28E-05
48,Denmark,0.002508448,0.000835455,0.006624639,0.017195907,0.383117197,0.029066284,0.970198675,0.002048405,9.65E-05,0.000270785,0.000549545,0.005481602,0.000933646,0.022205504,0.261726464,0.006359402,1,0.07230595,0.069775117,1,1,1,0.020713464,2.38E-05
49,Djibouti,0.001355112,0.000233298,0.000913878,0.004750109,0.011956875,0.026169182,0.200331126,0.000661969,0.037267984,4.36E-06,0,0.000197535,1.84E-05,0.002262156,0.158712844,0.002038475,0.101144359,0.152620965,0.037014052,0.852122987,0.612938596,0.938967136,0.586881473,0.050288757
50,Dominica,4.21E-05,2.61E-05,5.89E-05,0.012379398,0.043571923,0.269059597,0.650662252,0.005398718,0.037267984,1.45E-06,0,0.000238688,1.97E-05,0.051339748,0.050259067,0.003223781,0.101144359,4.59E-05,0.037014052,0.918008785,0.910087719,0.899061033,0.307249712,0.050288757
51,Dominican Republic,0.002844741,0.002845646,0.010434698,0.026974462,0.038543728,0.096215673,0.612582781,0.004532976,0.006174147,0.009381105,0.002642796,0.011706704,0.010407112,0.148791364,0.818654628,0.014188646,0.018449838,0.002757857,0.003747233,0.786237189,0.793859649,0.690140845,0.272727273,0.002692436
52,Ecuador,0.014992204,0.006609179,0.013168121,0.007809647,0.036758648,0.154312556,0.665562914,0.054766441,0.013451988,0.011738372,0.002357032,0.017715066,0.013026367,0.119140709,0.818496124,0.002183627,0.024020285,0.008594492,0.009986308,0.793557833,0.718201754,0.82629108,0.126582278,0.00914052
53,Egypt,0.05856867,0.058019665,0.051153823,0.011269304,0.019950014,0.201456161,0.559602649,0.001274521,0.05266911,0.089389535,0.005151984,0.131668185,0.095000624,0.156079349,0.855029777,0.037499327,0.011466832,0.008666037,0.014839354,0.982430454,0.978070175,0.997652582,0.242256861,0.199875953
54,El Salvador,0.001228783,0.002364017,0.005662312,0.039303072,0.02184922,0.11616946,0.533112583,0.008067238,0.016828433,0.002079942,0.000914477,0.006480252,0.002776628,0.062234906,0.679138106,0.004262344,0.025562926,0.000805429,0.003553628,0.877013177,0.804824561,0.920187793,0.126582278,0.004609594
55,Equatorial Guinea,0.001638767,0.000372853,0.000963938,0.004662467,0.141150931,0.018328775,0.412251656,0.048299103,0.037267984,1.45E-06,1.29E-05,0.000194792,1.94E-05,0.001755253,0.050766735,5.04E-05,0.101144359,0.017080962,0.653345207,0.234260615,0.255482456,0.330985915,0.741081703,0.050288757
56,Eritrea,0.006876154,0.003360735,0.002242306,0.003445295,0.003634185,0.294838631,0.139072848,0.004311441,0.000367286,0.000799419,4.29E-06,0.000403301,0.000758218,0.031938971,0.949913644,0.003603655,0.015987506,0.000376701,0.143432441,0.377745242,0.487938596,0.370892019,0.361334868,5.24E-05
57,Estonia,0.00264355,0.000491391,0.001213534,0.003660983,0.11446725,0.058391855,0.862582781,0.018539853,0.003732628,6.54E-06,0.006719045,0.000814833,0.002136676,0.230857094,0.002773339,0.00569725,0.032203269,0.002369746,0.000211913,0.992679356,0.985745614,0.997652582,0.006904488,0.000216873
58,Eswatini,0.001013556,0.00111517,0.000378638,0.008051395,0.02499284,0.182269014,0.337748344,0.008004681,0.014668138,0.001462209,8.89E-05,0.000544594,0.001396855,0.184956705,0.946828123,0.025063559,0.008677241,0.001907911,0.010739304,0.622254758,0.658991228,0.849765258,0.486766398,0.000695171
59,Ethiopia,0.064583916,0.087614517,0.022766738,0.010958786,0.002222447,0.793987563,0.150662252,0.002520336,0.005102683,0.012659752,0.000219389,0.011089407,0.012570397,0.017617578,0.914745569,0.009452826,0.006664087,0.001294647,0.013148512,0.29136164,0.371710526,0.809859155,0.454545455,0.020777043
61,Fiji,0.001066778,0.000473507,0.000622184,0.006074484,0.029151869,0.172836521,0.602649007,0.06322083,0.004161811,7.27E-05,4.12E-05,0.00032511,0.000104994,0.016659483,0.591979592,8.73E-05,0.103894922,0.003574218,0.010299649,0.935578331,0.903508772,0.988262911,0.220943613,0.000158093
62,Finland,0.019790949,0.000950219,0.006222017,0.001893202,0.313400032,0.040892039,0.943708609,0.038915042,0.092975147,7.27E-05,0.006290325,0.005568023,0.002519915,0.065168426,0.026140622,0.005021403,0.301433001,0.01669354,0.005360535,1,1,1,0.003452244,0.022106802
63,France,0.032112115,0.015566747,0.068091796,0.015199398,0.267780442,0.028655362,0.894039735,0.006358791,0.004249504,0.004234012,0.084878928,0.073779397,0.03687015,0.081484029,0.104339994,0.00793282,0.217993281,0.028616646,0.00290772,1,1,1,0.020713464,0.011861239
64,Gabon,0.015653091,0.000271931,0.002056534,0.000630984,0.063569148,0.059518081,0.552980132,0.181741368,0.00340273,5.86E-05,6.05E-05,0.001139943,0.000176217,0.013139793,0.291220764,0.00015346,0.236733952,0.002068376,0.087336116,0.88579795,0.594298246,0.924882629,0.375143843,0.000261436
65,Gambia,0.000659133,0.000895214,0.001387842,0.022244765,0.004385817,0.490405324,0.170529801,0.00804446,0.037267984,5.70E-05,9.10E-05,0.000543222,0.000126939,0.008199394,0.387825874,0.000705433,0.024517228,0.001107104,0.000792235,0.855051245,0.828947368,0.863849765,0.242256861,0.050288757
66,Georgia,0.004074693,0.002078651,0.003129327,0.007536232,0.025644946,0.145943628,0.680463576,0.029850341,0.022732629,0.001541888,0.0017268,0.004916084,0.002388978,0.082818973,0.584923509,0.001910713,0.017553948,0.006373592,0.000656173,0.97510981,0.960526316,1,0.085155351,0.004056895
67,Germany,0.020887554,0.021432676,0.084861224,0.029996843,0.285697107,0.014605295,0.975165563,0.003643236,0.001336859,0.000680669,0.089115004,0.069700661,0.034563477,0.059470723,0.01789315,0.01234427,0.317538132,0.032570322,0.006114536,1,1,1,0.018411968,0.004753384
68,Ghana,0.013949405,0.014282415,0.018170631,0.014294914,0.013419476,0.374015114,0.38410596,0.004141209,0.154592738,0.001403343,0.000407865,0.003476071,0.001722088,0.007683984,0.737744273,0.001844901,0.071452631,0.001996114,0.026343574,0.786237189,0.765350877,0.802816901,0.410817031,0.176474586
69,Greece,0.007716008,0.003030134,0.011878156,0.010656141,0.141372214,0.05743983,0.857615894,0.012153374,0.030930079,0.012039244,0.000540958,0.020911296,0.013048706,0.172113815,0.838038963,0.00648848,0.051162275,0.006291518,0.030900889,1,1,1,0.025316456,0.0146428
70,Grenade,1.81E-05,7.83E-05,4.31E-05,0.041909076,0.049143596,0.086018855,0.677152318,0.003565698,5.54E-06,3.07E-06,0.01702681,0.035075165,1.08E-05,0.021305228,0.160946575,0.002122883,0.101144359,0.028421664,0.037014052,0.950219619,0.948464912,0.976525822,0.242256861,2.61E-08
71,Guatemala,0.006366745,0.009019244,0.010143186,0.018464169,0.020940656,0.188569763,0.455298013,0.016045319,0.000821928,0.002741279,0.002589301,0.01143235,0.004361527,0.039227809,0.570311369,0.001847348,0.044011585,0.015080611,0.003764582,0.882869693,0.846491228,0.953051643,0.243958573,0.000551155
72,Guinea,0.01437752,0.008589302,0.005234438,0.005537829,0.003673804,0.301095539,0.15397351,0.04064254,0.00466703,0.000425727,0.000241285,0.003061796,0.000747574,0.008302117,0.513012052,0.000276596,0.029712635,0.000750531,0.007035482,0.631039531,0.61622807,0.816901408,0.756041427,0.002182992
73,Guinea-Bissau,0.002111331,0.001121014,0.000900853,0.00568411,0.00319245,0.839901701,0.163907285,0.037477026,0,0.000209302,5.11E-05,0.000445826,0.000243103,0.02048066,0.761821653,0.000474644,0.007199171,0.001351025,0.001459729,0.613469985,0.527412281,0.823943662,0.63981588,0
74,Guyana,0.012570899,0.000641883,0.000261455,0.000227816,0.024142649,0.273907494,0.51986755,0.687223044,0.028987885,0.001981105,8.76E-05,0.000818948,0.001891865,0.35921234,0.948336801,0.001057387,0.004228542,0.002791024,0.006813099,0.939970717,0.947368421,0.941314554,0.287686997,0.00096155
75,Haiti,0.001621221,0.006020077,0.006898081,0.049029517,0.004218556,0.31444068,0.231788079,0.002620303,0.000784074,0.001757267,0.000218959,0.002584419,0.00189883,0.024836111,0.838113275,0.004317643,0.012448719,0.003007003,0.00744226,0.39238653,0.42872807,0.232394366,0.577675489,0.000352939
77,Honduras,0.006577293,0.004609605,0.006130765,0.010004323,0.013558577,0.242567409,0.433774834,0.020432319,0.018179918,0.001712209,0.000489438,0.004299134,0.002105139,0.033243415,0.736841087,0.001485024,0.029308599,0.003230856,0.006699904,0.843338214,0.790570175,0.924882629,0.163406214,0.00689794
78,Hungary,0.005439163,0.003465761,0.009321249,0.013901801,0.084706234,0.069510102,0.80794702,0.020196185,0.000703417,0.000468023,0.017229092,0.009799941,0.006630793,0.094804899,0.064080062,0.002811185,0.051936072,0.010632577,0.000758885,1,1,1,0.026467204,0.000304692
79,Iceland,0.006022264,2.41E-05,0.00040509,0.000180826,0.297019944,0.117091928,0.943708609,1,0.191640938,4.36E-07,0.000858664,0.001267518,0.00038016,0.168754572,0.00102465,0.000120276,0.101144359,0.017080962,0.001725831,1,1,1,0,0.002740445
80,India,0.192255685,1,0.542038442,0.051117348,0.008916344,0.301341078,0.433774834,0.002891908,0.005087617,1,0.072986433,0.768170495,1,0.11163931,0.908757907,0.021485716,0.005364313,0.004987824,0.004430793,0.88579795,0.893640351,0.915492958,0.361334868,0.282781988
81,Indonesia,0.111760172,0.140432503,0.173122605,0.017100479,0.023497545,0.239119866,0.569536424,0.015564479,0.002507501,0.249119601,0.063441603,0.277524984,0.271222322,0.154978663,0.834685762,0.008412056,0.00891819,0.003778836,0.003309968,0.790629575,0.75,0.849765258,0.239355581,0.027356601
82,Iran (Islamic Republic of),0.102064425,0.025007545,0.074415675,0.005532495,0.051145471,0.135957665,0.735099338,0.003475296,0.014542147,0.125,0.004722652,0.085027929,0.122596075,0.231320249,0.926533718,0.026269069,0.011423002,0.003990486,0.022283232,0.941434846,0.908991228,0.94600939,0.242256861,0.048237394
83,Iraq,0.025453527,0.011602781,0.030865238,0.00953176,0.043006955,0.073329762,0.536423841,0.005397797,0.128819321,0.056395349,0.01367729,0.023690114,0.057437021,0.256935635,0.892180568,0.019831057,0.009282541,0.001620425,0.004329808,0.796486091,0.654605263,0.856807512,0.255466053,0.180390935
84,Ireland,0.004108615,0.002061795,0.003922895,0.008504636,0.315879813,0.016985616,0.928807947,0.021616085,0.005103317,0.000260174,0.000218959,0.008592781,0.001120901,0.033282954,0.209705666,0.001168759,0.64450003,0.000286521,0.155766072,0.966325037,0.974780702,0.943661972,0.016110472,0.001032673
85,Israel,0.001289023,0.000716849,0.00959684,0.045779544,0.219146417,0.022221743,0.918874172,0.000447773,0.037267984,0.001609302,0.000528937,0.010548928,0.002622882,0.047741843,0.556190299,0.03519863,0.352063158,0.030721084,0.072658882,1,1,1,0.016110472,0.050288757
86,Italy,0.017622302,0.021662789,0.05565138,0.02626285,0.22925749,0.034730791,0.887417219,0.006119865,0.004540966,0.023713663,0.035895454,0.129624244,0.044838362,0.105732504,0.480547501,0.009671276,0.140277874,0.014940569,0.006846112,1,1,1,0.013808976,0.011940026
87,Jamaica,0.000641002,0.001509077,0.002078081,0.03425223,0.033530998,0.102853696,0.635761589,0.007294714,5.19E-05,0.000489203,0.003278188,0.004056788,0.001829789,0.090962583,0.242092972,0.004443648,0.024089171,0.007857734,0.000181621,0.909224012,0.88377193,0.941314554,0.13118527,6.48E-06
88,Japan,0.02210347,0.013164834,0.158797221,0.045078576,0.317233077,0.019872699,0.92218543,0.006413994,0.006628164,0.079113372,0.04984544,0.211368151,0.107024356,0.11787337,0.671725239,0.01206297,0.150199158,0.010768746,0.014999359,1,1,1,0.003452244,0.037378083
89,Jordan,0.005222181,0.001093593,0.009553625,0.011839588,0.024699392,0.068710502,0.642384106,0.00022187,0.000919652,0.000671512,0.00014168,0.004834125,0.001109074,0.017943786,0.546989143,0.030387879,0.110303991,0.021554281,0.046462013,0.954612006,0.913377193,0.950704225,0.149597238,0.0003267
90,Kazakhstan,0.159365712,0.008431469,0.013070363,0.000579081,0.080147652,0.07627067,0.735099338,0.012397092,0.129154987,0.01815407,0.027550232,0.034094027,0.028106624,0.239255233,0.586833459,0.009581482,0.01933917,0.000611978,0.001204576,0.89897511,0.846491228,0.981220657,0.093210587,0.095004585
91,Kenya,0.033941545,0.038224301,0.014425556,0.009949977,0.006820399,0.467934582,0.342715232,0.001326214,0.015113625,0.002772491,0.000536798,0.016251315,0.004223155,0.011834753,0.595674589,0.008569252,0.032559982,0.003545652,0.011911839,0.437774524,0.504385965,0.589201878,0.377445339,0.029429123
92,Kiribati,4.56E-05,6.29E-05,6.27E-05,0.017274519,0.010957353,0.435871396,0.427152318,0,0.037267984,0.022984565,0.01702681,0.035075165,0.029122166,0.08520412,0.532124372,0.021077952,0.101144359,0.017080962,0.037014052,0.512445095,0.458333333,0.704225352,0.481012658,0.050288757
93,Kuwait,0.001040459,0,0.004598264,0.024824496,0.336692956,0.005845233,0.764900662,1.14E-05,0.037267984,0.000933777,0.000100034,0.006127707,0.001457353,0.0609372,0.579663253,1,0.328530245,0.010237524,0.594933106,0.985358712,0.989035088,0.976525822,0.064441887,0.050288757
94,Kyrgyzstan,0.011692445,0.004183525,0.002680012,0.003509051,0.006990067,0.297914757,0.514900662,0.008048035,0.113465909,0.010319767,0.001442555,0.003050821,0.010059199,0.255392031,0.931695505,0.016166987,0.001356657,0.001781649,0.000255275,0.818448023,0.810307018,0.920187793,0.242256861,0.028009317
95,Lao People's Democratic Republic,0.01384764,0.005106526,0.002712622,0.003389032,0.009675687,0.331867402,0.382450331,0.099130984,0.04459613,0.00925,0.000729864,0.001761356,0.008750386,0.193361002,0.959930086,0.001395456,0.003489454,0.001832698,0.002665046,0.58272328,0.615131579,0.617370892,0.242256861,0.012620235
96,Latvia,0.003769398,0.000768221,0.0018951,0.004038938,0.088993735,0.055439745,0.806291391,0.032349225,0.013145167,5.93E-05,0.000241714,0.002215412,0.00033535,0.021873759,0.157614908,0.000463929,0.240675636,0.000263284,0.013193571,0.98682284,0.974780702,0.995305164,0.025316456,0.001194288
97,Lebanon,0.00060942,0.00070396,0.00583683,0.07043838,0.058449247,0.065824333,0.67218543,0.001557702,0.001114234,0.001052326,0.002897991,0.003846449,0.00220238,0.05544266,0.4329276,0.016743866,0.0747916,0.026380337,0.001273713,0.985358712,0.989035088,0.976525822,0.058688147,0.000270943
98,Lesotho,0.001773869,0.001798156,0.000720513,0.008611459,0.007654353,0.089016025,0.235099338,0.002872933,0.037879137,5.52E-06,8.59E-05,0.000252406,5.10E-05,0.002234042,0.087207514,0.000820596,0.13081934,0.000305831,0.004337593,0.724743777,0.744517544,0.866197183,0.812428078,0.003351605
99,Liberia,0.006511789,0.002489845,0.002747803,0.004712058,0.001946395,1,0.193708609,0.10746031,0.001561312,1.79E-05,0.000229263,0.001078213,0.000185152,0.004790694,0.084741128,7.66E-05,0.00841003,0.000309967,0.000247073,0.603221083,0.565789474,0.676056338,0.730724971,0.000283539
100,Libya,0.102906033,0.001542387,0.006593644,0.000235606,0.106677217,0.015520396,0.668874172,0.000213327,0.001678607,0.007049419,0.001202129,0.009580457,0.007654452,0.173242298,0.836214328,0.264145085,0.067151049,0.001605124,0.053681835,0.578330893,0.652412281,0.345070423,0.107019563,0.000463324
102,Lithuania,0.003817356,0.001165503,0.002746813,0.005979836,0.092087781,0.070902498,0.822847682,0.015410034,0.004400249,9.28E-05,0.002286721,0.001405724,0.000913998,0.041558634,0.091615167,0.001242237,0.13598734,0.000429508,0.002665508,0.938506589,0.878289474,0.981220657,0.025316456,0.000588469
103,Luxembourg,0.000149723,6.63E-05,0.000636336,0.027096923,0.700145999,0.005848065,0.917218543,0.012629767,0.003160662,2.91E-07,1.59E-05,0.000534991,5.19E-05,0.013956652,0.004517669,0.00118662,0.101144359,0.017080962,0.221198531,1,1,1,0.008055236,7.37E-05
104,Madagascar,0.03434685,0.017280013,0.010064814,0.004834151,0.002627684,0.501285811,0.279801325,0.028888328,0.00059759,0.018895349,0.000695088,0.005396552,0.017808133,0.112668951,0.963889791,0.003658471,0.001311814,0.001637986,0.001475145,0.248901903,0.265350877,0.539906103,0.436133487,0.000586401
105,Malawi,0.006927622,0.015693955,0.003444863,0.01709114,0.001556299,0.535964928,0.188741722,0.002150009,7.34E-05,0.001694767,0.000204791,0.001941058,0.001776359,0.014768494,0.86382772,0.005649835,0.006698372,0.000460907,0.002364521,0.775988287,0.811403509,0.884976526,0.386651323,4.96E-05
106,Malaysia,0.019345289,0.009365724,0.028593707,0.011479413,0.070188092,0.174948953,0.735099338,0.038222127,0.020900941,0.003640988,0.007045337,0.018387235,0.007205041,0.03377526,0.458815465,0.001003834,0.123864463,0.015815894,0.009710776,0.969253294,0.916666667,1,0.060989643,0.026678588
107,Maldives,1.58E-05,0.000280571,0.000186989,0.176368664,0.048419344,0.092442902,0.579470199,0.000144669,0,0,1.29E-06,5.49E-05,1.18E-06,0.00093425,0,0.005055618,0.101144359,0.017080962,0.158234444,0.979502196,0.976973684,0.988262911,0.073647871,0
108,Mali,0.072531527,0.011567026,0.008156489,0.001477671,0.004334204,0.672159099,0.11589404,0.014385435,0.023362673,0.007376453,1.72E-05,0.001445848,0.006808192,0.059403795,0.983666667,0.002578248,0.00290957,0.000430439,0.09007664,0.573938507,0.547149123,0.795774648,0.730724971,0.016393234
109,Malta,1.70E-05,2.82E-05,0.000529543,0.175572367,0.143354972,0.023206784,0.854304636,0.00022934,0,3.50E-05,4.29E-06,0.000181074,4.59E-05,0.01598926,0.607139611,0.025660315,0.54436826,0.030769921,0.214881563,1,1,1,0.050632911,0
110,Marshall Islands,8.77E-06,1.56E-05,4.50E-05,0.04178594,0.022545969,0.375329308,0.583461607,0,0.037267984,0.022984565,0.01702681,0.035075165,0.029122166,0.08520412,0.532124372,0.021077952,0.101144359,0.017080962,0.037014052,0.919472914,0.972587719,0.845070423,0.309551208,0.050288757
111,Mauritania,0.060279374,0.002288785,0.002506721,0.000238777,0.010031576,0.308078649,0.273178808,0.005891681,0.003650593,0.001777616,0.000136528,0.001286722,0.001767686,0.066905372,0.910484956,0.00427317,0.008812626,0.003377308,0.009432441,0.366032211,0.514254386,0,0.599539701,0.000594173
112,Mauritius,0.000117556,0.000851548,0.000694536,0.081714179,0.060511935,0.064959669,0.71192053,0.004204121,0.002005022,0.000530523,4.72E-05,0.002803902,0.000758218,0.085791322,0.630397237,0.006830111,0.044829025,0.005593777,0.031116856,0.997071742,0.996710526,0.997652582,0.127733026,0.000110362
113,Mexico,0.114886228,0.030216698,0.128513611,0.007721867,0.064664113,0.056296253,0.685430464,0.007544652,0.03514068,0.092078488,0.031783445,0.164316364,0.108710307,0.131323051,0.769683661,0.01002299,0.036031054,0.003706543,0.007754407,0.928257687,0.88377193,0.922535211,0.135788262,0.180963718
115,Monaco,0.041207914,0,4.30E-05,0.023999144,1,0.205713685,0.583461607,0.036509663,0.037267984,0,0,4.66E-05,0,0.024021623,0,0.021077952,0.101144359,0.017080962,0.037014052,1,0.800654395,1,0.012658228,0.050288757
116,Mongolia,0.091476774,0.001041922,0.002589028,0,0.027975454,0.201194975,0.630794702,0.023600003,0.002395145,0.000368241,0.000704104,0.000978759,0.000637718,0.030901445,0.519401783,0.001154835,0.044243539,0.007191162,0.002557357,0.46852123,0.493421053,0.248826291,0.16570771,0.000297087
117,Montenegro,0.000805932,0.000255308,0.000542425,0.005804378,0.042183087,0.132984029,0.761589404,0.036509663,0.044446208,2.47E-06,0.00026962,0.00130044,0.000204863,0.046663231,0.010620313,0.021077952,0.051228365,0.060013911,0.000693688,0.989751098,0.979166667,1,0.012658228,0.00122162
118,Morocco,0.026114999,0.015772124,0.026736908,0.009688035,0.018625282,0.220400387,0.493377483,0.001671156,0.014566938,0.01330814,0.000910184,0.01455999,0.013700484,0.057374149,0.882316213,0.016397235,0.019971478,0.00445504,0.017303761,0.774524158,0.614035088,0.964788732,0.218642117,0.021263421
119,Mozambique,0.04675048,0.019968143,0.011433384,0.003907522,0.00340883,0.445971014,0.099337748,0.016726959,0.080695391,0.001443729,0.000121759,0.004594202,0.00177814,0.008443579,0.735138292,0.000513178,0.017712045,0.000755078,0.010147465,0.269399707,0.301535088,0.53286385,0.66858458,0.088099902
120,Myanmar,0.039569031,0.041765177,0.020235062,0.009894484,0.007094973,0.547701172,0.336092715,0.043510533,0.008174411,0.042979651,0.00213979,0.045562043,0.043872036,0.120749872,0.890145739,0.001866552,0.002946023,0.002594911,0.004999926,0.711566618,0.719298246,0.828638498,0.433831991,0.018455015
121,Namibia,0.048207357,0.001476244,0.001333686,0.000114265,0.037070217,0.143757816,0.453642384,0.034833328,0.008736398,0.000292151,6.01E-05,0.000979445,0.000371882,0.022904613,0.701532815,0.000269638,0.084870147,0.001030224,0.033044771,0.83601757,0.797149123,0.957746479,0.355581128,0.000841982
123,Nepal,0.008606159,0.026430271,0.006540251,0.024217431,0.003484982,0.593548346,0.347682119,0.014919289,8.55E-05,0.013546512,0.000126653,0.002002787,0.012473275,0.064566524,0.986436929,0.002678055,0.00463444,0.009763406,0.0132829,0.837481698,0.871710526,0.802816901,0.30840046,0.000101366
124,Netherlands,0.002427738,0.002218814,0.020169128,0.053675108,0.328225022,0.029152014,0.965231788,0.010381209,0.014881801,8.75E-05,0.040554697,0.01667252,0.014084455,0.118697775,0.005643084,0.006570593,0.179687172,1,0.002126353,1,1,1,0.019562716,0.010973188
125,New Zealand,0.015655431,0.000716035,0.005214015,0.001985402,0.258865944,0.098293728,0.938741722,0.140182886,0.102276728,0.004661337,0.00508329,0.011089407,0.006827903,0.21788274,0.619807072,0.001977089,0.081753354,0.040900087,0.003782938,1,1,1,0.031070196,0.020068432
126,Nicaragua,0.007623016,0.002905538,0.004561067,0.005879708,0.011014912,0.315074521,0.475165563,0.052679171,0.144778269,0.001722384,0.000315988,0.00390132,0.002023141,0.046875765,0.771163988,0.000861496,0.015140414,0.003165428,0.005369076,0.79795022,0.656798246,0.974178404,0.164556962,0.038033563
127,Niger,0.074099526,0.017205286,0.003891567,0.001632448,0.002651125,0.617798692,0,0.003665378,0.00014241,0.001708818,5.88E-05,0.000824435,0.001637418,0.011403463,0.944600504,0.001913879,0.011438346,4.73E-05,0.023731591,0.358711567,0.418859649,0.957746479,0.561565017,0.000111281
128,Nigeria,0.054025507,0.106080881,0.102682237,0.023904445,0.017294869,0.391221731,0.271523179,0.003278411,0.008199281,0.008008721,0.008436373,0.068566663,0.016386441,0.012214334,0.443971882,0.003116527,0.076630966,0.003137734,0.009412962,0.494875549,0.489035088,0.537558685,0.883774453,0.060209616
130,North Macedonia,0.001501911,0.001029786,0.001599078,0.010520077,0.030152247,0.162601238,0.665562914,0.005910413,0.029875381,0.00196657,0.000525431,0.003144331,0.002235494,0.153428784,0.797099029,0.004941813,0.011932938,0.002740967,0.001894569,0.991215227,0.986842105,0.995305164,0.101265823,0.002721194
131,Norway,0.022525737,0.001168142,0.005422752,0.001495253,0.668523629,0.019624507,1,0.150154466,0.179633276,0.001228052,0.004598145,0.011171713,0.003583335,0.101005235,0.310874381,0.000662684,0.347460359,0.009116521,0.019754292,1,1,1,0.004602992,0.039548039
132,Oman,0.018099545,0.000900206,0.003637425,0.001266597,0.144612473,0.020202515,0.771523179,0.000766672,0.000683746,0.002271948,0.000529796,0.001766843,0.002380962,0.096194721,0.864769092,0.036686361,0.095488071,0.006762595,0.052923516,0.901903367,0.847587719,0.894366197,0.092059839,0.000105026
133,Pakistan,0.046558648,0.133081124,0.085451852,0.03113601,0.007159411,0.424386033,0.322847682,0.002524401,0.004018329,0.250581395,0.006010647,0.132354071,0.241059402,0.183070091,0.944634856,0.037249634,0.002895138,0.004073837,0.005104357,0.866764275,0.878289474,0.863849765,0.676639816,0.033045799
134,Palau,2.51E-05,5.72E-06,1.32E-05,0.004873901,0.066173384,0.065405059,0.743377483,0,0.037267984,0.022984565,0.01702681,0.035075165,0.029122166,0.08520412,0.532124372,0.021077952,0.101144359,0.017080962,0.037014052,0.931185944,0.846491228,0.929577465,0.180667434,0.050288757
135,Palestine,0.000350329,0.001262393,0.004339569,0.093734957,0.017931066,0.144696075,0.572847682,0.00037801,0,0.000236219,0.000107061,0.002337194,0.00046575,0.01412919,0.454495872,0.016414906,0.091080295,0.093614215,0.015777726,0.489019034,0.805921053,0.042253521,0.242256861,0
136,Panama,0.004409231,0.001496869,0.003356692,0.006427389,0.069768114,0.054031576,0.715231788,0.070770939,0.065578099,0.000674419,3.95E-05,0.009338111,0.00151188,0.055989462,0.403626734,0.000268979,0.106801035,0.004624594,0.160260422,0.907759883,0.847587719,0.94600939,0.14269275,0.010858037
137,Papua New Guinea,0.02706773,0.007488171,0.001300478,0.001958184,0.018084553,0.344860949,0.281456954,0.201073961,0,1.45E-06,0.00071956,0.003043963,0.000508676,0.007831145,0.002563584,3.39E-05,0.101144359,0.017080962,0.004653883,0.120058565,0.263157895,0.718309859,0.426927503,0
138,Paraguay,0.023787271,0.002961893,0.005176229,0.001864823,0.033567671,0.180327862,0.594370861,0.115675576,0.141301619,0.002757267,0.000661171,0.004943867,0.003164278,0.069075563,0.790231668,0.000584449,0.030647958,0.00196616,0.008040336,0.903367496,0.849780702,0.962441315,0.191024166,0.039844056
139,Peru,0.075165134,0.00810142,0.031415851,0.002821303,0.041273366,0.119949347,0.655629139,0.122037847,0.005294576,0.018328488,0.001063885,0.027763298,0.019551114,0.093361908,0.851648276,0.00088464,0.028785045,0.007255733,0.038948715,0.787701318,0.629385965,0.788732394,0.113924051,0.006860127
140,Philippines,0.017543931,0.060898299,0.06006372,0.042979371,0.016214786,0.21151278,0.572847682,0.009438818,0.001977904,0.098706395,0.038798729,0.100131141,0.110701122,0.161752084,0.810249089,0.008317162,0.007264093,0.002318916,0.000970397,0.865300146,0.876096491,0.845070423,0.246260069,0.008443199
141,Poland,0.018285529,0.017459244,0.031521439,0.016065461,0.085190624,0.047162067,0.824503311,0.003031723,0.002092584,0.001601744,0.032835308,0.027838745,0.015078943,0.05482915,0.096490405,0.012825511,0.096009485,0.001928178,0.002241207,0.970717423,0.956140351,0.983568075,0.026467204,0.003512632
142,Portugal,0.005391204,0.004685708,0.008858224,0.014985055,0.133757766,0.033894734,0.812913907,0.014085417,0.029906691,0.012742733,0.006427099,0.012468038,0.014677495,0.198557388,0.788619166,0.005931623,0.043699466,0.002389815,0.003266827,0.998535871,1,0.997652582,0.014959724,0.013823673
143,Puerto Rico,0.000517013,0.000268645,0.004693284,0.05293867,0.180064237,0.013814907,0.583461607,0.003845747,0.037267984,0.00012189,0.012175854,0.012071047,0.004988758,0.201070343,0.022174479,0.006921232,0.080061279,0.041017635,0.002724862,0.906295754,0.929824561,0.849765258,0.242256861,0.050288757
144,Qatar,0.000677263,3.18E-05,0.002816362,0.024988141,0.582324152,0.001095684,0.847682119,5.06E-05,0.037267984,0.000419767,7.64E-05,0.006024652,0.000975548,0.062384623,0.388414809,0.137128085,0.572888344,0.007652618,1,1,1,1,0.054085155,0.050288757
145,Republic of Korea,0.00585558,0.010498902,0.055459521,0.066429234,0.16771966,0.03859216,0.913907285,0.002667112,0.010181758,0.023197674,0.019105272,0.098971232,0.036296486,0.102321855,0.580700652,0.027540392,0.128445186,0.025210518,0.016201352,0.964860908,0.867324561,0.992957746,0.242256861,0.022381964
146,Republic of Moldova,0.001977984,0.002709895,0.002343694,0.01581895,0.013291988,0.186678708,0.587748344,0.00576681,0.007486292,5.67E-05,0.003012479,0.00197017,0.001157549,0.039166574,0.044251681,0.004071548,0.01652378,0.007915972,0,0.82284041,0.786184211,0.927230047,0.242256861,0.00133986
147,Romania,0.013940632,0.0107514,0.014761794,0.011076333,0.055095237,0.083193197,0.758278146,0.020077962,0.014800341,0.001588663,0.018615834,0.014422813,0.008511225,0.058632432,0.169494479,0.001952934,0.059616262,0.004274688,0.001501197,0.985358712,0.976973684,1,0.062140391,0.01314596
148,Russian Federation,1,0.043530991,0.143565773,0.000882382,0.100681709,0.056765714,0.759933775,0.060203543,0.150642315,0.017804574,0.157773658,0.17055993,0.080721074,0.078679945,0.200428909,0.001306848,0.05362216,0.001093248,0.001382423,0.950219619,0.894736842,0.971830986,0.055235903,0.952511195
149,Rwanda,0.001538757,0.010377299,0.002471548,0.053179749,0.003692548,0.523279868,0.274834437,0.002415002,0,0.000148256,8.80E-05,0.00082032,0.000235087,0.001421211,0.557523096,0.001959621,0.068580632,0.001233505,0.008129066,0.623718887,0.672149123,0.680751174,0.321058688,0
150,Saint Kitts and Nevis,1.35E-05,4.20E-05,1.39E-05,0.025350864,0.099421646,0.022828949,0.678807947,0.000921571,0.037267984,2.91E-07,0,0.000189305,1.39E-05,0.057169486,0.01288694,0.016423782,0.101144359,0.007554239,0.037014052,0.97510981,0.981359649,0.960093897,0.242256861,0.050288757
151,Saint Lucia,3.45E-05,0.000165114,3.55E-05,0.037760373,0.053444592,0.03391816,0.650662252,0.003253286,0.000398321,4.42E-05,0,0.000149523,4.98E-05,0.043982073,0.712296339,0.004613822,0.101144359,0,0.037014052,0.941434846,0.948464912,0.981220657,0.242256861,3.09E-06
152,Saint Vincent and the Grenadines,2.11E-05,6.36E-05,6.55E-05,0.03684347,0.040947008,0.109866918,0.620860927,0.001766588,0.037267984,6.38E-07,0.01702681,0.035075165,4.71E-06,0.013078195,0.051414595,0.002609577,0.101144359,0.017080962,0.037014052,0.928257687,0.94627193,0.884976526,0.242256861,0.050288757
153,Samoa,0.000164345,0.000176103,4.21E-05,0.00863955,0.025504539,0.163651916,0.592715232,0,0.001431191,0.022984565,0.01702681,0.035075165,0.029122166,0.08520412,0.532124372,0.021077952,0.101144359,0.017080962,0.037014052,0.978038067,0.986842105,0.938967136,0.14269275,1.19E-05
155,Sao Tome and Principe,5.44E-05,6.96E-05,0.000158367,0.025935207,0.008308303,0.205576171,0.364238411,0.022165177,0.005601939,0.022984565,0.01702681,0.035075165,3.94E-05,0.033208219,0.532124372,0.000510196,0.101144359,0.017080962,0.037014052,0.956076135,0.929824561,0.974178404,0.277330265,4.63E-05
156,Saudi Arabia,0.125724198,0.005887793,0.032553916,0.001568056,0.165810955,0.036677195,0.82615894,0.00015769,0.000931991,0.025450581,0.003619268,0.034642736,0.027431192,0.133344742,0.842946618,0.2909636,0.082092091,0.011460285,0.072810097,0.956076135,0.967105263,0.929577465,0.057537399,0.00119317
157,Senegal,0.011502952,0.008791142,0.008283817,0.008846297,0.008054427,0.243358765,0.25,0.005570137,0.000504818,0.003001453,0.000249013,0.001322388,0.002911977,0.029418516,0.934578785,0.003808013,0.015442786,0.000889601,0.009947938,0.653001464,0.60745614,0.823943662,0.387802071,0.000297087
158,Serbia,0.005166035,0.004630845,0.006718184,0.013254131,0.036464876,0.13442722,0.718543046,0.03475463,0.006871121,0.000907703,0.013296411,0.009322564,0.005077563,0.079837318,0.162247545,0.001595249,0.020673567,0.002414073,0.000135419,0.988286969,0.989035088,0.985915493,0.04027618,0.002697427
159,Seychelles,2.51E-05,4.90E-05,5.95E-05,0.026609662,0.074804746,0.036058231,0.726821192,0,0.000292239,1.31E-06,1.63E-05,0.000101511,1.14E-05,0.026061958,0.066033811,0.021077952,0.207382408,0.104921871,0.006469611,0.93704246,0.952850877,0.899061033,0.126582278,1.19E-06
160,Sierra Leone,0.004226756,0.004729403,0.0036305,0.012142449,0.002915693,0.906212326,0.124172185,0.045659913,0.000886945,6.64E-05,0.000238279,0.001500719,0.000272275,0.004098498,0.216478735,0.000151401,0.027006469,0.001527007,0.001557686,0.407027818,0.391447368,0.603286385,1,0.000261436
161,Singapore,4.01E-05,0,0.0071425,1,0.36346658,0,0.963576159,0.000214054,0.000377497,3.66E-05,0.002591132,0.007285722,0.00151959,0.038967173,0.021772717,0.051724383,0.101144359,0.017080962,0.017418614,1,0.800654395,1,0.00575374,8.90E-05
162,Slovakia,0.00286638,0.002868171,0.003980738,0.014486484,0.113971164,0.040147035,0.832781457,0.017723643,0.008629611,4.46E-05,0.001411643,0.004172931,0.00086768,0.021327118,0.046383688,0.000916551,0.317329486,0.047653688,0.010950919,1,1,1,0.242256861,0.002051917
163,Slovenia,0.001183749,0.001118863,0.001476214,0.013299792,0.148063853,0.034600897,0.890728477,0.029667358,0.000440556,3.34E-06,0.003280526,0.002196207,0.001213017,0.083281436,0.002491022,0.002019459,0.110281322,0.108980073,0.001928212,0.992679356,0.993421053,0.992957746,0.002301496,3.98E-05
164,Solomon Islands,0.00168848,0.000504768,0.000148638,0.002325454,0.010865866,0.496784024,0.344370861,0.153988523,0.037267984,0.022984565,0.01702681,0.035075165,0.029122166,0.08520412,0.532124372,0.021077952,0.101144359,0.017080962,0.037014052,0.714494876,0.75,0.840375587,0.192174914,0.050288757
165,Somalia,0.037292186,0.008638401,0.007187869,0.002418812,0,0.947200939,0.583461607,0.002214566,0,0.004768895,8.59E-06,0.000183817,0.004327229,0.047099149,1,0.007920096,0,0.000465712,0.006851017,0,0,0.286384977,0.905638665,0
166,South Africa,0.07129748,0.022542064,0.045483554,0.005539454,0.048452179,0.038292921,0.554635762,0.001861842,0.015640779,0.013877013,0.006787408,0.057090205,0.02008777,0.052776014,0.62758606,0.014134573,0.050319395,0.002737274,0.007256086,0.882869693,0.771929825,0.985915493,0.304948216,0.036286066
167,South Sudan,0.037682285,0.010245978,0.002665279,0.001852686,0.005079486,0.071781322,0.165562914,0.009375666,0.037267984,0.000348837,0.000965997,0.002625572,0.000858087,0.010413584,0.366631494,0.001357271,0.033413676,0.000383035,0.003213711,0.395314788,0.527412281,0.218309859,0.698504028,0.050288757
168,Spain,0.02958846,0.011448681,0.050148312,0.012166129,0.185367629,0.042573385,0.885761589,0.004538366,0.030944528,0.037020349,0.028215696,0.063065856,0.048142235,0.145121508,0.698724623,0.016187448,0.082445069,0.005456981,0.00488454,1,1,1,0.01150748,0.063950369
169,Sri Lanka,0.003835487,0.019349051,0.005033516,0.041499817,0.02127639,0.132927927,0.701986755,0.004926004,0.007831638,0.016438953,0.003567749,0.011020818,0.017005368,0.117171061,0.878155495,0.029338905,0.013724384,0.003399422,0.003891119,0.901903367,0.915570175,0.953051643,0.060989643,0.007061152
170,Sudan,0.10991378,0.027780603,0.016273072,0.002327806,0.010610778,0.613615447,0.243377483,0.002000611,0.015873764,0.037659884,0.000321999,0.013009888,0.03538788,0.138633809,0.966929597,0.038348624,0.005137124,0.003530904,0.02542629,0.348462665,0.453947368,0.201877934,0.489067894,0.025228587
171,Suriname,0.00957936,0.000210175,0.000474137,0.000199796,0.060264244,0.149757445,0.632450331,0.3503855,1,0.000626599,0.000581745,0.000654335,0.000802765,0.212973064,0.703577981,0.001268223,0.020303776,0.015288021,0.001715214,0.9238653,0.872807018,0.955399061,0.18296893,0.023766922
172,Sweden,0.026165882,0.001588854,0.011073963,0.002603894,0.379398684,0.027376389,0.943708609,0.034928321,0.101975335,0.00012907,0.006359265,0.013605237,0.003361914,0.048846053,0.034820981,0.001186883,0.46095614,0.048577907,0.010208232,1,1,1,0.006904488,0.042731737
173,Switzerland,0.002413117,0.002450617,0.008016948,0.025627288,0.546845527,0.011216667,0.988410596,0.012797758,0.011299013,0.000232703,0.002759317,0.016466754,0.002627875,0.045396322,0.080272114,0.002462468,0.899740291,0.06110059,0.040213959,1,1,1,0.02301496,0.003973235
174,Syrian Arab Republic,0.010828613,0.010983588,0.014828199,0.014480497,0.01431753,0.375598488,0.485099338,0.001574741,0.026017758,0.021322674,0.002642109,0.020211692,0.022017753,0.152952072,0.879812556,0.040192449,0.004412442,0.00290058,0.002293941,0.855051245,0.859649123,0.819248826,0.187571922,0.023351
175,Tajikistan,0.008335371,0.006801058,0.002870862,0.007127303,0.00550201,0.417513459,0.498344371,0.005329737,0.101395354,0.015174419,0.001750816,0.008853418,0.015098391,0.273720955,0.912942658,0.022763725,0.000922039,0.002099923,0.000301208,0.585651537,0.605263158,0.835680751,0.349827388,0.035062151
176,Thailand,0.030008387,0.042862295,0.041819245,0.01739215,0.037797517,0.205605082,0.65397351,0.01238578,0.031608108,0.075276163,0.011922549,0.037550893,0.075297472,0.157624305,0.908427424,0.007430735,0.017606427,0.007268987,0.007640686,0.957540264,0.964912281,0.941314554,0.082853855,0.094153729
177,Timor-Leste,0.000867927,0.000958772,0.000437859,0.009921669,0.037132585,0.079433744,0.435430464,0.013889442,0.037267984,0.001556686,8.59E-06,0.001336106,0.001533519,0.19343126,0.918557357,0.00912926,0.008950592,0.000586466,0.277793209,0.578330893,0.566885965,0.887323944,0.46260069,0.050288757
178,Togo,0.003319644,0.004881724,0.003578741,0.01566827,0.002934119,0.510850851,0.241721854,0.004157088,0.006861513,0.000110465,2.70E-05,0.001908135,0.000286467,0.004345572,0.342573015,0.001087526,0.028641752,0.000117258,0.01298844,0.43045388,0.376096491,0.762910798,0.550057537,0.002040948
180,Tonga,4.21E-05,9.31E-05,2.51E-05,0.018029665,0.028428559,0.298921467,0.599337748,0,0.037267984,0.022984565,0.01702681,0.035075165,0.029122166,0.08520412,0.532124372,0.021077952,0.101144359,0.017080962,0.037014052,0.991215227,0.994517544,0.981220657,0.147295742,0.050288757
181,Trinidad and Tobago,0.000298277,0.000719791,0.000968564,0.034724019,0.125651549,0.010860359,0.738410596,0.00546981,0.001438215,2.43E-05,0.000553409,0.003237382,0.000496981,0.051928116,0.043806181,0.006561974,0.180014847,0.026589774,0.014432427,0.928257687,0.94627193,0.884976526,0.17721519,8.49E-05
182,Tunisia,0.009567078,0.004133005,0.009919266,0.008601841,0.026457804,0.162233513,0.63410596,0.000815017,0.006678863,0.004116521,0.00128084,0.005961265,0.004680276,0.060210919,0.798179749,0.028518885,0.029235765,0.003411855,0.006244462,0.954612006,0.899122807,1,0.149597238,0.003181202
183,Turkey,0.045929927,0.024202635,0.072803102,0.01243735,0.076382311,0.13836654,0.706953642,0.005429809,0.057023872,0.063633721,0.007693629,0.067688728,0.066364431,0.125870722,0.871284537,0.01211928,0.033400512,0.005259187,0.016131896,0.992679356,0.979166667,1,0.101265823,0.186926838
184,Turkmenistan,0.028545077,0.003100536,0.003506075,0.001198636,0.043165982,0.151785957,0.57615894,0.009005455,0.028740059,0.038313953,0.003602095,0.010334932,0.036726917,1,0.947863644,0.046399105,0.002368149,0.001441952,0.003275612,0.420204978,0.282894737,0.744131455,0.399309551,0.006648202
185,Tuvalu,0,5.36E-06,0,0.047504172,0.022053596,0.455801684,0.583461607,0,0.037267984,0.022984565,0.01702681,0.035075165,0.029122166,0.08520412,0.532124372,0.021077952,0.101144359,0.017080962,0.037014052,0.966325037,0.967105263,0.960093897,0.235903337,0.050288757
186,Uganda,0.014125447,0.033458191,0.010051449,0.018841665,0.003649218,0.469953327,0.263245033,0.003331362,0.062647034,0.000376453,0.000214666,0.004477465,0.000830492,0.001610123,0.408700108,0.001875117,0.066056531,0.000643418,0.01256941,0.64568082,0.698464912,0.861502347,0.413118527,0.095068578
187,Ukraine,0.035297241,0.016394671,0.042308318,0.00980396,0.02473661,0.139495043,0.668874172,0.00738698,0.033043545,0.006094477,0.025875837,0.040129825,0.017269496,0.052738696,0.320584574,0.00538356,0.018388462,0.000623698,0.000345702,0.94875549,0.964912281,0.915492958,0.071346375,0.065953207
188,United Arab Emirates,0.004887643,0.001571935,0.010224922,0.01434396,0.27631366,0.010858638,0.817880795,3.14E-05,0.000180789,0.004813953,0.000296239,0.008441886,0.005247078,0.080700706,0.832706509,0.581339746,0.226809119,0.009802809,0.419307057,0.994143485,1,0.990610329,0.056386651,7.26E-05
189,United Kingdom,0.014245927,0.013514087,0.071324598,0.035087263,0.276396007,0.011237781,0.925496689,0.004364073,0.002210894,0.001524709,0.004817105,0.079924937,0.010787193,0.022164252,0.128370493,0.004409914,0.861209142,0.010837543,0.066859328,1,1,1,0.024165708,0.006264366
190,United Republic of Tanzania,0.055401673,0.040076939,0.019630408,0.006384126,0.004631962,0.474097157,0.26986755,0.003919297,0.059929218,0.006732558,0.000107333,0.007207291,0.006805564,0.01893097,0.898148148,0.004181694,0.014756946,0.001925826,0.064941534,0.346998536,0.402412281,0.504694836,0.242256861,0.123824117
191,United States of America,0.575000205,0.068511678,0.344813986,0.004019581,0.339556202,0.019282126,0.956953642,0.018720238,0.063412243,0.255145349,1,0.831409194,0.616383813,0.280132084,0.376168874,0.008780307,0.104227161,0.003635876,0.00187185,0.98682284,0.978070175,0.985915493,0.242256861,0.874465117
192,Uruguay,0.010304581,0.000206931,0.004357506,0.002316626,0.098582044,0.144980526,0.745033113,0.09762319,0.137383938,0.004607558,0.000343466,0.005602318,0.004802922,0.202633688,0.870607888,0.003154633,0.032320619,0.003708777,0.022417627,0.989751098,0.895833333,0.995305164,0.063291139,0.020384496
193,Uzbekistan,0.026164712,0.016745706,0.020450707,0.008538558,0.013481034,0.550270626,0.567880795,0.003178854,0.02022762,0.069886951,0.008243174,0.037389328,0.069283562,0.336180466,0.916591355,0.046502687,0.002608003,0.006175932,0.000874043,0.814055637,0.790570175,0.964788732,0.196777906,0.026157755
194,Vanuatu,0.000711185,0.000215924,7.45E-05,0.002489053,0.020012209,0.44778177,0.407284768,0.076777863,0.037267984,0.022984565,0.01702681,0.035075165,0.029122166,0.08520412,0.532124372,0.021077952,0.101144359,0.017080962,0.037014052,0.866764275,0.872807018,0.960093897,0.250863061,0.050288757
195,Venezuela (Bolivarian Republic of),0.053340055,0.004111651,0.035729047,0.004052865,0.083194639,0.089320032,0.710264901,0.086447467,0.145285575,0.024287791,0.00340589,0.070253942,0.029725951,0.143625714,0.742347636,0.002428667,0.04430424,0.007274198,0.035880692,0.896046852,0.753289474,0.88028169,0.242256861,0.187313883
196,Viet Nam,0.019355231,0.071489026,0.038954485,0.03594864,0.010558268,0.343928408,0.546357616,0.018859509,0.01337024,0.113008721,0.013197664,0.016521625,0.107786516,0.170591485,0.952734972,0.00585203,0.004616871,0.006050314,0.00239779,0.909224012,0.911184211,0.953051643,0.242256861,0.052723457
197,Yemen,0.030876898,0.019339718,0.011129519,0.005941666,0.007693872,0.263919596,0.26986755,0.000164374,0.000511429,0.004702035,0.000279066,0.003613248,0.004678086,0.025632682,0.912135107,0.054869266,0.030779716,0.017270314,0.037118934,0.339677892,0.413377193,0.342723005,0.242256861,0.00054961
198,Zambia,0.044015108,0.010153713,0.008039387,0.002322659,0.010345458,0.170891803,0.354304636,0.01387852,0.189206289,0.001674419,0.000558132,0.003956191,0.002059146,0.018648037,0.736621445,0.000907746,0.029583412,0.000986433,0.007090571,0.458272328,0.429824561,0.669014085,0.507479862,0.120181479
199,Zimbabwe,0.022852086,0.011442463,0.006544424,0.004235733,0.006876084,0.143595981,0.294701987,0.002921202,0.206198875,0.004034339,0.000564572,0.007576812,0.004541505,0.047954348,0.806112712,0.010493382,0.012353316,0.000676271,0.005144464,0.67057101,0.646929825,0.936619718,0.456846951,0.11875136
