,country,Total area of the country (excl. coastal water) (1000 ha),Rural population (1000 inhab),Urban population (1000 inhab),Population density (inhab/km2),GDP per capita (current US$/inhab),"Agriculture, value added (% GDP) (%)",Human Development Index (HDI) [highest = 1] (-),Total renewable water resources per capita (m3/inhab/yr),Dam capacity per capita (m3/inhab),Agricultural water withdrawal (10^9 m3/year),Industrial water withdrawal (km<sup>3</sup>/year or 10<sup>9</sup>m<sup>3</sup>/year),Municipal water withdrawal (km<sup>3</sup>/year or 10<sup>9</sup>m<sup>3</sup>/year),Total water withdrawal (10^9 m3/yr),Total water withdrawal per capita (m<sup>3</sup>/year per inhabitant),Agricultural water withdrawal as % of total water withdrawal (%),SDG 6.4.2. Water Stress (%),SDG 6.4.1. Water Use Efficiency (US$/m3),SDG 6.4.1. Irrigated Agriculture Water Use Efficiency (US$/m3),SDG 6.4.1. Industrial Water Use Efficiency (US$/m3),Flood occurrence (WRI) (-),Total population with access to safe drinking-water (JMP) (%),Rural population with access to safe drinking-water (JMP) (%),Urban population with access to safe drinking-water (JMP) (%),"Mortality rate, infant (per 1,000 live births)",Resilience and securityStorage drought duration index(Total dam capacity_km3)
0,Afghanistan,0.038181167,0.029867419,0.010630264,0.006753895,0.003034231,0.286053285,0.206896552,0.003540469,0.001578856,0.029069767,0.000808298,0.002541613,0.026764828,0.114077541,0.986782782,0.014213729,0.000594481,0.002115932,0.000564235,0.755102041,0.345534407,0.418859649,0.557809331,0.565491184,0.002387387
1,Albania,0.001620052,0.001338431,0.002055176,0.012853709,0.026149895,0.229845651,0.717241379,0.020596551,0.039857215,0.001315407,0.001105389,0.003544152,0.001859145,0.099836181,0.640716382,0.00184704,0.005290446,0.021417682,0.000154692,0.551020408,0.928257687,0.947368421,0.896551724,0.088161209,0.004789035
2,Algeria,0.139295786,0.012986184,0.035294018,0.001938667,0.023778544,0.144295578,0.663793103,0.000554473,0.005940256,0.009696221,0.000910825,0.045320813,0.01374122,0.050420595,0.640944826,0.035811946,0.011595586,0.010852678,0.007101096,0.571428571,0.75988287,0.800438596,0.681541582,0.231738035,0.010242652
3,Andorra,2.57E-05,1.03E-05,7.23E-05,0.020391054,0.235686234,0.005555204,0.825862069,0.008062113,0.037034498,0.02321838,0.017546045,0.032869528,0.0292855,0.089683368,0.532361007,0.017892015,0.038222295,0.022992088,0.010387795,0.673469388,1,1,1,0.01511335,0.051617935
4,Angola,0.072912268,0.011777279,0.022891702,0.002762523,0.024073823,0.120944995,0.35,0.009789976,0.009035947,0.000213227,0.001142585,0.004003859,0.0009209,0.003151238,0.208926188,0.000479016,0.116532187,0.004352407,0.004217115,0.346938776,0.25329429,0.212719298,0.501014199,0.61209068,0.011224178
5,Antigua and Barbuda,2.40E-05,8.64E-05,2.17E-05,0.027074464,0.086023168,0.021411807,0.69137931,0.001071877,0.00150088,2.62E-06,1.19E-05,7.05E-05,8.54E-06,0.023132074,0.157332733,0.002190404,0.089806164,0.032817876,0.001867957,0.734693878,0.969253294,0.976973684,0.957403651,0.052896725,5.97E-06
6,Argentina,0.162611664,0.004107889,0.048157205,0.001740193,0.086788028,0.066011162,0.79137931,0.039228305,0.085413683,0.04059593,0.019074869,0.073658915,0.04963896,0.175679908,0.743110509,0.002708555,0.01099105,0.002076186,0.00065981,0.510204082,0.98682284,1,0.979716024,0.083123426,0.156343403
7,Armenia,0.001737608,0.001215956,0.00218463,0.012224856,0.023070776,0.181188097,0.663793103,0.005189421,0.013434342,0.00309157,0.000583691,0.007743229,0.003759289,0.199058987,0.746046732,0.015003252,0.002508489,0.005276213,0.000379806,0.673469388,1,1,1,0.11209068,0.001648129
8,Australia,0.452748298,0.003876038,0.024898423,0.000149309,0.348070932,0.031137787,0.972413793,0.039364964,0.09025312,0.015261628,0.012694325,0.042701112,0.021746529,0.137196559,0.637574251,0.00165795,0.059041638,0.008248167,0.002255255,0.551020408,1,1,1,0.018891688,0.092437045
9,Austria,0.004903961,0.004116777,0.006009501,0.012997507,0.287687099,0.014266449,0.929310345,0.017328683,0.006881281,0.000112064,0.012851693,0.009048041,0.00458229,0.079958842,0.022192801,0.002497382,0.082347436,0.05905519,0.000689072,0.673469388,1,1,1,0.01511335,0.002528444
10,Azerbaijan,0.0050631,0.004935425,0.006441348,0.014073121,0.024423407,0.067572376,0.653448276,0.006927793,0.062414696,0.013473837,0.014601812,0.005642431,0.016789335,0.266128461,0.729019144,0.014651687,0.002840183,0.00392521,0.00012849,0.612244898,0.80966325,0.756578947,0.892494929,0.20906801,0.025599827
11,Bahamas,0.000810026,7.59E-05,0.000380605,0.003214516,0.184409111,0.009255801,0.743103448,0.003606796,0.037034498,0.02321838,0.017546045,0.000370285,0.0292855,0.089683368,0.532361007,0.017892015,0.038222295,0.022992088,0.010387795,0.549604813,0.976573939,0.98245614,0.967545639,0.243424166,0.051617935
12,Bahrain,4.39E-05,0.000181518,0.001570351,0.241088899,0.142307,0.003224814,0.803448276,0.000152719,0,0.00021032,6.72E-05,0.003450951,0.000564261,0.058256234,0.334829054,0.034717674,0.06226376,0.010906286,0.020511149,0,1,1,1,0.054156171,0
13,Bangladesh,0.008652772,0.118781988,0.070009936,0.135712502,0.008368978,0.162054695,0.406896552,0.015114677,0.001156994,0.045784884,0.003671912,0.045320813,0.047129088,0.044614125,0.882721283,0.001479271,0.004519096,0.01308498,0.00161431,1,0.808199122,0.85745614,0.726166329,0.302267003,0.007696918
14,Barbados,2.34E-05,0.000221198,9.74E-05,0.08361798,0.104282984,0.015421404,0.75862069,0.000549769,0.037034498,7.97E-05,2.96E-05,0.000231743,9.99E-05,0.056654929,0.680048615,0.022717355,0.042510045,0.016005577,0.001741128,0.734693878,0.995607613,0.996710526,0.993914807,0.12720403,0.051617935
15,Belarus,0.01213986,0.002328322,0.008764378,0.005484603,0.034185293,0.091276955,0.762068966,0.012051591,0.009357113,0.000626453,0.002112542,0.006566883,0.001829184,0.028767843,0.310116794,0.001188695,0.026071242,0.001157417,0.000714037,0.530612245,0.995607613,0.990131579,0.997971602,0.010075567,0.003683873
16,Belgium,0.001783811,0.000262137,0.013268408,0.04687733,0.265000844,0.007413418,0.937931034,0.003152121,0.00036044,6.54E-05,0.015307582,0.009287341,0.005241822,0.070428813,0.011325278,0.012735812,0.086720226,0.013950721,0.00050437,0.571428571,1,1,1,0.013853904,0.000171478
17,Belize,0.00134166,0.000229217,0.000194438,0.00181033,0.028898918,0.135316176,0.596551724,0.113769794,0.009238304,9.94E-05,0.000101097,0.000123428,0.000126151,0.053724049,0.680736675,0.000320181,0.010717982,0.002554896,0.00013928,0.530612245,0.992679356,1,0.977687627,0.113350126,0.000144622
18,Benin,0.006710055,0.006690209,0.006189625,0.012018352,0.004381961,0.278309643,0.244827586,0.004645072,6.00E-05,8.58E-05,0.000143062,0.001806082,0.000300922,0.002587551,0.25344316,0.000246151,0.022167846,0.005731159,0.001352864,0.734693878,0.676427526,0.694078947,0.69979716,0.722921914,2.79E-05
19,Bhutan,0.002243742,0.000543419,0.000376502,0.002195824,0.018233727,0.209908432,0.417241379,0.205787273,0,0.000462209,1.43E-05,0.000193959,0.000437585,0.091804966,0.945703161,0.00036005,0.004638135,0.009464291,0.004551257,0.959183673,1,1,1,0.279596977,0
20,Bolivia (Plurinational State of),0.064249378,0.003842882,0.009044809,0.001032864,0.019821446,0.139975964,0.563793103,0.100874007,0.001516514,0.002790698,0.000152599,0.001692729,0.002737206,0.036756899,0.924304687,0.000298549,0.010591379,0.004441215,0.00583524,0.632653061,0.853587116,0.73245614,0.93306288,0.243424166,0.000707144
21,Bosnia and Herzegovina,0.002993294,0.002055749,0.001982817,0.007995082,0.03042689,0.067505673,0.679310345,0.022008835,0.024787411,0.02321838,0.000342394,0.004524021,0.0292855,0.089683368,0.532361007,0.000684221,0.038222295,0.022992088,0.000945576,0.734693878,0.998535871,1,0.993914807,0.044080605,0.003460939
22,Botswana,0.034021085,0.000806654,0.001858734,0.000226763,0.045114156,0.023787223,0.605172414,0.010918559,0.014355086,0.000100291,0.000111588,0.001246877,0.000247045,0.016325978,0.359365352,0.000517014,0.058296105,0.001504622,0.004088407,0.428571429,0.944363104,0.915570175,0.983772819,0.386649874,0.001318714
23,Brazil,0.498048335,0.032224321,0.214188657,0.00282416,0.058462302,0.055799596,0.667241379,0.081838468,0.096133505,0.057311047,0.045355269,0.210815331,0.086302801,0.063471802,0.603436314,0.00079938,0.017866484,0.005096933,0.00061625,0.632653061,0.972181552,0.85745614,1,0.136020151,0.832360256
24,Brunei Darussalam,0.000335707,0.000109381,0.000384851,0.009018007,0.169709455,0.01285273,0.810344828,0.039389196,0.003024896,7.70E-06,0.017546045,0.001887947,0.000114324,0.042986253,0.057907186,0.000893142,0.038222295,0.069398229,0.010387795,0.469387755,0.825722432,0.812739128,0.884861749,0.100755668,5.35E-05
25,Bulgaria,0.006490149,0.002018196,0.0062647,0.007811041,0.049484737,0.048553692,0.75862069,0.005899022,0.026179165,0.001212936,0.018798283,0.011088385,0.00742909,0.162646855,0.148241377,0.010854207,0.006333291,0.001614789,1.16E-05,0.653061224,0.991215227,0.989035088,0.99188641,0.050377834,0.007746115
26,Burkina Faso,0.016036172,0.015380561,0.006533609,0.008567777,0.003833239,0.257930943,0.096551724,0.001383547,0.007932648,0.000611483,0.000103481,0.004710422,0.001068338,0.007060695,0.516967962,0.002020633,0.008963658,0.000994292,0.003134611,0.673469388,0.740849195,0.734649123,0.949290061,0.658690176,0.006342882
27,Burundi,0.0016259,0.010665372,0.001628743,0.04876614,0.001171246,0.450920471,0.082758621,0.0022775,0.037034498,0.000322674,7.15E-05,0.000522681,0.0003615,0.003604994,0.796680682,0.002640045,0.004868753,0.000926147,0.000646884,0.673469388,0.647144949,0.712719298,0.819472617,0.482367758,0.051617935
28,Cabo Verde,0.000233942,0.000213455,0.000414669,0.016553557,0.018888926,0.081265499,0.472413793,0.001097874,0,3.63E-05,1.91E-06,0,2.89E-05,0.008631572,0.93072347,0.002183079,0.041835844,0.00546472,0.014693787,0.549604813,0.878477306,0.860745614,0.878296146,0.141057935,0
29,Cambodia,0.010586482,0.013863142,0.004353272,0.010890876,0.007730435,0.282461585,0.353448276,0.058496669,1.78E-06,0.002984012,0.000157368,0.00121413,0.002863357,0.026414218,0.944888876,0.000262071,0.005571263,0.005962545,0.00406436,0.795918367,0.641288433,0.661184211,1,0.267002519,1.19E-06
30,Cameroon,0.027804649,0.011962427,0.015901252,0.006259321,0.008150965,0.173659077,0.322413793,0.022671961,0.018126214,0.001071221,0.000498808,0.003088223,0.001423662,0.007408524,0.680649258,0.000398129,0.019377576,0.000762619,0.001612072,0.448979592,0.642752562,0.481359649,0.894523327,0.61209068,0.018550823
31,Canada,0.577821551,0.007681201,0.03532169,0.000217611,0.270650129,0.021150562,0.944827586,0.155403203,0.653482514,0.003835756,0.133857892,0.061542802,0.046770347,0.198217585,0.074519582,0.000948524,0.033985546,0.006948698,0.000233569,0.387755102,0.997071742,0.989035088,1,0.032745592,1
32,Central African Republic,0.036433617,0.003092381,0.002255875,0.000678695,0.001969492,0.374835676,0.005172414,0.06034554,0.037034498,5.81E-07,5.72E-05,0.000736791,8.87E-05,0.001521934,0.005545828,8.00E-05,0.013625217,0.002060293,0.000757852,0.469387755,0.538799414,0.5,0.789046653,1,0.051617935
33,Chad,0.075093782,0.012926118,0.004030541,0.001222715,0.003588274,0.411775823,0.048275862,0.005986161,0.037034498,0.000977035,0.000494516,0.00128592,0.001149285,0.010352712,0.768170648,0.001108299,0.006684895,0.000696599,0.000416565,0.612244898,0.279648609,0.394736842,0.427991886,0.850125945,0.051617935
34,Chile,0.044218989,0.002539941,0.018723033,0.00282705,0.092003454,0.046595163,0.813793103,0.098301687,0.020409866,0.042761628,0.022622794,0.015937349,0.046552211,0.394053443,0.834648619,0.002325604,0.005087028,0.004359113,0.000258057,0.510204082,0.985358712,0.926535088,0.993914807,0.055415617,0.015704992
35,China,0.56146083,0.672295616,1,0.01881399,0.052630178,0.092094642,0.655172414,0.003845977,0.016307513,0.559883721,0.636623748,1,0.785938147,0.083219448,0.64737645,0.011217907,0.017029072,0.035983798,0.000795096,0.714285714,0.934114202,0.923245614,0.949290061,0.065491184,0.986873886
36,Colombia,0.066774144,0.010789853,0.046796919,0.005146472,0.037645295,0.07701956,0.667241379,0.094912634,0.006579989,0.009289244,0.017787315,0.043935394,0.017879224,0.055685265,0.471979575,0.000521694,0.015425202,0.007428085,0.000368423,0.755102041,0.874084919,0.712719298,0.935091278,0.128463476,0.013407313
37,Comoros,0.000107087,0.000651853,0.000269637,0.054851653,0.007266321,0.3807552,0.286206897,0.002900165,0.037034498,6.83E-06,2.38E-06,4.03E-05,6.57E-06,0.000802296,0.472435233,0.000209296,0.056734744,0.001615869,0.005329755,0.326530612,0.855051245,0.880482456,0.84989858,0.588161209,0.051617935
38,Congo,0.020000328,0.001984355,0.004137684,0.001631977,0.01195282,0.105880503,0.406896552,0.320222334,5.02E-05,5.81E-06,0.000114449,0.000782132,0.00011393,0.001969302,0.043846515,0,0.079453189,0.004011552,0.003584968,0.346938776,0.655929722,0.342105263,0.914807302,0.243424166,1.07E-05
40,Costa Rica,0.002986861,0.001182853,0.004561881,0.011953984,0.070780491,0.060387766,0.722413793,0.044904052,0.011506089,0.00334593,0.001144492,0.008191601,0.004190566,0.131401002,0.724460695,0.001408416,0.01325832,0.007102246,0.000821082,0.632653061,0.967789165,0.911184211,0.99188641,0.074307305,0.002372735
41,Cote d'Ivoire,0.018857519,0.013571705,0.014490173,0.009297586,0.008841792,0.260847707,0.239655172,0.006772586,0.043473191,0.000872093,0.00115403,0.004010156,0.001520378,0.008078037,0.519026513,0.001314155,0.018814006,0.003804434,0.000745394,0.469387755,0.734992679,0.657894737,0.860040568,0.243424166,0.051617935
42,Croatia,0.003344793,0.002041542,0.002806915,0.00895952,0.078886052,0.035236448,0.796551724,0.04961211,0.006560315,0.000110465,0.000877444,0.005710443,0.000932989,0.033535779,0.106844451,0.000381395,0.048138463,0.011359776,0.001035005,0.612244898,0.994143485,0.996710526,0.99188641,0.031486146,0.001143189
43,Cuba,0.006283695,0.002973525,0.01047499,0.013042939,0.050158896,0.045704878,0.696551724,0.006612667,0.014243553,0.006568314,0.003528851,0.021390859,0.009138036,0.124891468,0.652739547,0.006210147,0.009939808,0.003474166,0.00054895,0.612244898,0.925329429,0.888157895,0.926977688,0.027707809,0.006728576
44,Cyprus,0.000539237,0.000439929,0.000926676,0.015817569,0.158765874,0.024158006,0.85862069,0.001300587,0.008069064,0.000267442,8.11E-05,0.001365267,0.000402105,0.052661285,0.594705363,0.007660588,0.049323785,0.013309998,0.00259267,0,1,1,1,0.002518892,0.000396558
45,Czechia,0.004611006,0.003143526,0.009268431,0.016748149,0.121807322,0.02460681,0.887931034,0.002430805,0.008535968,6.77E-05,0.004612303,0.007745748,0.002135888,0.029880172,0.028730036,0.006430291,0.087847168,0.021417128,0.001272635,0.653061224,1,1,1,0.243424166,0.00378405
46,Democratic People's Republic of Korea,0.007048102,0.010985574,0.01863557,0.026329661,0.003510102,0.275980475,0.580070449,0.005967615,0.023809753,0.009607558,0.005460181,0.011350355,0.011370377,0.06851276,0.76742922,0.007197304,0.001262256,0.006528619,7.75E-05,0.612244898,0.995607613,0.993421053,0.997971602,0.243424166,0.025224269
47,Democratic Republic of the Congo,0.137138837,0.05133462,0.042316096,0.004122902,0.002174654,0.240481281,0.143103448,0.031003955,1.85E-05,0.000104506,0.000700048,0.00583513,0.000891727,0,0.105723433,5.18E-05,0.036380283,0.003502337,0.002211779,0.387755102,0.303074671,0.245614035,0.61663286,0.243424166,6.28E-05
48,Denmark,0.002392062,0.000789426,0.005958315,0.017394755,0.345284678,0.016985875,0.95862069,0.002058887,9.95E-05,0.000474855,0.000156891,0.004784731,0.000967286,0.024942233,0.443115296,0.005197574,0.301765961,0.038649491,0.039114623,0,1,1,1,0.020151134,2.38E-05
49,Djibouti,0.001355112,0.000240556,0.000872982,0.004876375,0.016794855,0.016986746,0.205172414,0.000625046,0.037034498,4.36E-06,0,0.000181364,1.84E-05,0.002419556,0.158712844,0.001637692,0.038222295,0.229531638,0.010387795,0.591836735,0.853587116,0.612938596,0.947261663,0.589420655,0.051617935
50,Dominica,4.21E-05,2.48E-05,5.34E-05,0.011753571,0.041723508,0.162489301,0.603448276,0.005505381,0.037034498,1.45E-06,0,0.000219148,1.97E-05,0.056014794,0.050259067,0.002589956,0.038222295,7.13E-05,0.010387795,0.734693878,0.918008785,0.910087719,0.912778905,0.369017632,0.051617935
51,Dominican Republic,0.002844741,0.002388141,0.010241262,0.026964927,0.041890282,0.068300181,0.634482759,0.004396886,0.006147437,0.010992733,0.003146876,0.010748327,0.011922417,0.176426701,0.837438893,0.013058748,0.00598607,0.003601267,0.000577832,0.755102041,0.775988287,0.801535088,0.703853955,0.27581864,0.002692436
52,Ecuador,0.014992204,0.006792282,0.012543652,0.00799842,0.03715728,0.112620861,0.662068966,0.051843306,0.013071334,0.011738372,0.002618026,0.016264811,0.013026367,0.120179638,0.818496124,0.001754306,0.007233334,0.011872193,0.001171974,0.653061224,0.808199122,0.731359649,0.866125761,0.130982368,0.00914052
53,Egypt,0.05856867,0.062856898,0.049392232,0.011882793,0.011431082,0.138716663,0.556896552,0.001172755,0.04974751,0.089171512,0.025751073,0.135373005,0.101833783,0.164068295,0.795714524,0.030363142,0.003424891,0.011349655,0.000388968,0.510204082,0.991215227,0.989035088,1,0.243424166,0.199875953
54,El Salvador,0.001228783,0.002060295,0.005382279,0.038003317,0.022919298,0.060730239,0.503448276,0.008089,0.017320839,0.002079942,0.001015737,0.005949742,0.002776628,0.066675247,0.679138106,0.003424328,0.008020724,0.000770378,0.000494582,0.775510204,0.909224012,0.851973684,0.949290061,0.123425693,0.004609594
55,Equatorial Guinea,0.001638767,0.000404215,0.001068848,0.005417802,0.058836112,0.027389272,0.374137931,0.040524864,0.037034498,1.45E-06,1.43E-05,0.000178845,1.94E-05,0.001504365,0.050766735,4.05E-05,0.038222295,0.022992088,0.046254616,0,0.237188873,0.248903509,0.442190669,0.740554156,0.051617935
56,Eritrea,0.006876154,0.003451476,0.002363117,0.003405679,0.006429771,0.211048803,0.1,0.004215993,0.000368669,0.000799419,4.77E-06,0.000370285,0.000758218,0.033452013,0.949913644,0.002895143,0.005467368,0.000545936,0.022729994,0.510204082,0.382137628,0.487938596,0.456389452,0.363979849,5.24E-05
57,Estonia,0.002649983,0.000460728,0.001058995,0.003415597,0.122859685,0.028399104,0.872413793,0.019091874,0.003945593,6.54E-06,0.008206962,0.000727974,0.002338912,0.277389941,0.002534213,0.005007155,0.009520992,0.001948116,1.68E-05,0.224489796,0.994143485,0.989035088,1,0.003778338,0.000216873
58,Eswatini,0.001013556,0.001174335,0.000374869,0.00791271,0.018966425,0.100680505,0.396551724,0.007886922,0.014835214,0.001462209,9.87E-05,0.00050001,0.001396855,0.194173571,0.946828123,0.020135832,0.002731193,0.001880865,0.001386088,0.632653061,0.62079063,0.658991228,0.870182556,0.465994962,0.000695171
59,Ethiopia,0.064583916,0.094060961,0.025269501,0.011888792,0.003792935,0.408607364,0.162068966,0.002255417,0.008440559,0.014079942,0.000243681,0.010181565,0.013854362,0.018721669,0.92312281,0.008370334,0.003374294,0.001450051,0.00714694,0.653061224,0.374816984,0.436403509,0.860040568,0.439546599,0.037413888
61,Fiji,0.001066778,0.000450689,0.000590361,0.00580034,0.034981918,0.127176345,0.6,0.064001114,0.004324789,7.27E-05,4.58E-05,0.000298495,0.000104994,0.018230676,0.591979592,7.01E-05,0.033379428,0.005256683,0.001518644,0.549604813,0.93704246,0.903508772,0.989858012,0.253148615,0.000158093
62,Finland,0.019792704,0.000911529,0.005580166,0.001800885,0.277411736,0.027798133,0.95,0.039259186,0.096282187,7.27E-05,0.006757272,0.005017733,0.002446797,0.068161116,0.026919693,0.004034149,0.091416243,0.006395211,0.000776893,0.040816327,1,1,1,0.003778338,0.022106802
63,France,0.032111939,0.014483546,0.06177299,0.014628025,0.23157358,0.018484743,0.89137931,0.006400751,0.004390863,0.004524709,0.086552217,0.065157484,0.034734788,0.082391884,0.118357271,0.006003246,0.068334054,0.02872349,0.000406307,0.510204082,1,1,1,0.027707809,0.011861239
64,Gabon,0.015653091,0.000251058,0.00212853,0.000721103,0.043771213,0.063426002,0.563793103,0.158137007,0.003039222,5.86E-05,6.72E-05,0.001046621,0.000176217,0.012166725,0.291220764,0.000123289,0.077479513,0.004144272,0.009977663,0.142857143,0.900439239,0.634868421,0.943204868,0.371536524,0.000261436
65,Gambia,0.000659133,0.000930767,0.001501264,0.024433891,0.003701852,0.253902458,0.148275862,0.007107918,0.037034498,5.70E-05,0.000101097,0.000498751,0.000126939,0.007735982,0.387825874,0.000566738,0.008324343,0.001053533,0.000199261,0.306122449,0.856515373,0.828947368,0.882352941,0.243424166,0.051617935
66,Georgia,0.004074693,0.001837594,0.002693152,0.006995591,0.024384815,0.075231135,0.706896552,0.031075094,0.024292271,0.001541888,0.001918008,0.004513625,0.002388978,0.092095969,0.584923509,0.001535049,0.005858422,0.006878812,0.000104734,0.734693878,1,1,1,0.086901763,0.004056895
67,Germany,0.020892233,0.020998367,0.075221919,0.028900985,0.268154413,0.009766115,0.974137931,0.00366473,0.00138037,0.00043561,0.094182165,0.055245446,0.032106256,0.059266946,0.012327381,0.008693601,0.105146391,0.05882655,0.000915751,0.591836735,1,1,1,0.020151134,0.004753384
68,Ghana,0.013949405,0.014459764,0.018936001,0.015130818,0.011706491,0.238098228,0.375862069,0.003796045,0.145461688,0.001555233,0.000453028,0.003753224,0.001918015,0.008643963,0.734360263,0.001632861,0.022426379,0.00248942,0.003483482,0.612244898,0.834553441,0.824561404,0.84989858,0.406801008,0.176474586
69,Greece,0.007716008,0.002670139,0.010409668,0.009840793,0.109218793,0.044521116,0.85862069,0.012729518,0.033254577,0.013140988,0.000993324,0.025055921,0.01476396,0.21768914,0.808505517,0.00589844,0.012276688,0.007728803,0.002426856,0.489795918,1,1,1,0.021410579,0.0146428
70,Grenade,1.81E-05,7.74E-05,3.81E-05,0.0408359,0.06224081,0.064717861,0.667241379,0.003548204,5.66E-06,3.05E-06,0,0.000130985,1.20E-05,0.024506032,0.14970786,0.001823816,0.038222295,0.043206548,0.010387795,0.549604813,0.950219619,0.948464912,0.979716024,0.243424166,2.61E-08
71,Guatemala,0.006366745,0.00938092,0.010156369,0.019321119,0.02630542,0.121443326,0.475862069,0.014874471,0.000782203,0.002741279,0.002876013,0.010496433,0.004361527,0.038814106,0.570311369,0.001484143,0.014882846,0.018702129,0.000508803,0.714285714,0.894582723,0.855263158,0.967545639,0.240554156,0.000551203
72,Guinea,0.01437752,0.009182599,0.005389454,0.005933337,0.004082341,0.21555888,0.155172414,0.036838226,0.004342239,0.000425727,0.000268002,0.00281114,0.000747574,0.008079581,0.513012052,0.000222214,0.011494021,0.001213561,0.001276784,0.224489796,0.660322108,0.64254386,0.851926978,0.783375315,0.002182992
73,Guinea-Bissau,0.002111331,0.00119425,0.000939692,0.006124369,0.003755735,0.594692008,0.15,0.03378526,0,0.000209302,5.67E-05,0.000409328,0.000243103,0.019710825,0.761821653,0.000381325,0.002206284,0.0019317,0.000209421,0.204081633,0.696925329,0.564692982,0.975659229,0.638539043,0
74,Guyana,0.012570899,0.000642626,0.000236615,0.000203534,0.026904683,0.159554357,0.50862069,0.687624684,0.029773203,0.001981105,9.73E-05,0.000751904,0.001891865,0.382775826,0.948336801,0.000849495,0.001417972,0.002982145,0.001061761,0.489795918,0.97510981,0.981359649,0.963488844,0.287153652,0.00096155
75,Haiti,0.001621221,0.005638019,0.0070685,0.049612778,0.004060193,0.220789222,0.220689655,0.002511437,0.000771406,0.001757267,0.000243205,0.002372844,0.00189883,0.025508459,0.838113275,0.003468755,0.003846368,0.003584678,0.001068939,0.795918367,0.380673499,0.425438596,0.288032454,0.586901763,0.000352939
77,Honduras,0.006577293,0.004536925,0.0061945,0.010310127,0.014399265,0.155173934,0.427586207,0.019226637,0.017560338,0.001712209,0.000543634,0.003947183,0.002105139,0.033431711,0.736841087,0.001193054,0.009658574,0.003604172,0.000976299,0.734693878,0.871156662,0.822368421,0.947261663,0.162468514,0.00689794
78,Hungary,0.005439163,0.003163697,0.008183797,0.012926664,0.08702328,0.045673832,0.806896552,0.021025032,0.000751685,0.000753779,0.016013352,0.007845246,0.005908186,0.093715535,0.115813256,0.002010882,0.019397922,0.00582153,0.000152531,0.714285714,1,1,1,0.017632242,0.000304692
79,Iceland,0.006022264,2.35E-05,0.000364371,0.00015822,0.439526322,0.044560477,0.968965517,1,0.196717758,4.36E-07,0.000944206,0.000987425,0.000359135,0.16998313,0.001083559,9.52E-05,0.047622862,0.012335628,0.000283924,0.020408163,1,1,1,0,0.002740445
80,India,0.192255627,1,0.533561344,0.051058055,0.011189817,0.188755268,0.465517241,0.002807828,0.005272985,1,0.081068193,0.705283734,1,0.115557887,0.908757907,0.017261426,0.00214814,0.007175886,0.000714582,0.795918367,0.913616398,0.918859649,0.941176471,0.33627204,0.294071275
81,Indonesia,0.115772227,0.134608934,0.171097621,0.016593839,0.022545465,0.158916289,0.570689655,0.015003983,0.002586865,0.275726744,0.043562232,0.299734,0.292551199,0.171837142,0.856482141,0.007705314,0.00290548,0.004197449,0.000811638,0.632653061,0.815519766,0.775219298,0.882352941,0.234256927,0.028521181
82,Iran (Islamic Republic of),0.102064425,0.023371805,0.071591055,0.005573572,0.033582141,0.114684365,0.734482759,0.003341477,0.0157138,0.125,0.005245589,0.078067064,0.122596075,0.236885207,0.926533718,0.021104328,0.003748048,0.006572787,0.002753989,0.653061224,0.944363104,0.913377193,0.953346856,0.243424166,0.052812229
83,Iraq,0.025442531,0.012793209,0.031888467,0.010624736,0.029375707,0.035084475,0.536206897,0.004706874,0.115306098,0.051264535,0.00977587,0.015471345,0.050650793,0.210072497,0.91965619,0.014049953,0.003720725,0.00152457,0.000875589,0.489795918,0.803806735,0.672149123,0.874239351,0.25440806,0.180390935
84,Ireland,0.004108615,0.001984145,0.003546078,0.008270601,0.423782081,0.013896464,0.975862069,0.021518812,0.005214937,0.000260174,0.000243205,0.007927112,0.001124843,0.035640785,0.208974984,0.00093897,0.286329475,0.001659708,0.047764718,0.448979592,0.969253294,0.975877193,0.957403651,0.01511335,0.001032673
85,Israel,0.001289023,0.000717219,0.009103343,0.046812041,0.254955291,0.013752939,0.915517241,0.000424716,0.037034498,0.001815407,0.000343348,0.012360451,0.003021045,0.05593153,0.544909506,0.026835305,0.102746034,0.025893348,0.017168114,0.591836735,1,1,1,0.017632242,0.051617935
86,Italy,0.017622302,0.01993056,0.04936563,0.025117654,0.198357919,0.023476401,0.875862069,0.006201871,0.004723723,0.024709302,0.036719123,0.119478478,0.044918823,0.114526529,0.499826925,0.007783826,0.039969492,0.016099294,0.000960804,0.530612245,1,1,1,0.013853904,0.011940026
87,Jamaica,0.000641002,0.001450374,0.001889839,0.033235076,0.030229523,0.079985924,0.606896552,0.007288648,5.32E-05,0.000165698,0.005245589,0.001743108,0.001772679,0.093912656,0.084631221,0.003232328,0.006920984,0.029973443,0,0.714285714,0.909224012,0.88377193,0.949290061,0.129722922,6.48E-06
88,Japan,0.022104055,0.012135595,0.138367482,0.042251517,0.228896578,0.014097058,0.931034483,0.006633722,0.007041218,0.079113372,0.055364807,0.194064364,0.107024356,0.130070478,0.671725239,0.009691279,0.044723667,0.013023226,0.002181533,0.612244898,1,1,1,0.002518892,0.037401375
89,Jordan,0.005222181,0.001009639,0.010432345,0.013553026,0.024648837,0.066788204,0.601724138,0.000188343,0.000801366,0.00080625,0.000154983,0.005734372,0.001365449,0.020281206,0.53402365,0.025983845,0.028491359,0.037714456,0.006311817,0.612244898,0.954612006,0.915570175,0.955375254,0.14861461,0.0003267
90,Kazakhstan,0.159365829,0.008734396,0.01236896,0.000585161,0.054552536,0.054374741,0.75862069,0.011794478,0.126132021,0.021976744,0.033304721,0.029539638,0.032123733,0.277298077,0.621583656,0.008079492,0.00568249,0.00070207,0.000135482,0.346938776,0.896046852,0.842105263,0.987829615,0.09697733,0.095004585
91,Kenya,0.033941545,0.04104569,0.015646078,0.010651832,0.008928791,0.421257829,0.346551724,0.001202431,0.014077637,0.004700581,0.001444921,0.006214231,0.005291756,0.014832123,0.806239206,0.008625553,0.008480304,0.004002795,0.000682737,0.775510204,0.461200586,0.526315789,0.626774848,0.381612091,0.029453484
92,Kiribati,4.56E-05,6.12E-05,6.53E-05,0.017506276,0.008987094,0.291378471,0.431034483,0,0.037034498,0.02321838,0.017546045,0.032869528,0.0292855,0.089683368,0.532361007,0.017892015,0.038222295,0.022992088,0.010387795,0.549604813,0.515373353,0.458333333,0.742393509,0.48488665,0.051617935
93,Kuwait,0.001040459,0,0.004896956,0.028427354,0.173360663,0.005877222,0.751724138,9.70E-06,0.037034498,0.001131395,0.000111111,0.005626058,0.001636016,0.061852422,0.625946529,1,0.083742022,0.013093612,0.054900291,0.12244898,0.985358712,0.989035088,0.979716024,0.065491184,0.051617935
94,Kyrgyzstan,0.011692445,0.004341686,0.00258213,0.003649504,0.007059957,0.151174886,0.513793103,0.007505497,0.108620119,0.010319767,0.001602289,0.002801064,0.010059199,0.253602806,0.931695505,0.012988408,0.000522743,0.001899108,6.80E-05,0.428571429,0.853587116,0.848684211,0.93306288,0.243424166,0.028009317
95,Lao People's Democratic Republic,0.01384764,0.005061954,0.002786764,0.003448679,0.014182889,0.195778113,0.394827586,0.094347344,0.04356851,0.010203488,0.000810682,0.001617161,0.009612415,0.215482896,0.96398539,0.001232158,0.001268018,0.002139496,0.000374497,0.795918367,0.644216691,0.664473684,0.707910751,0.243424166,0.012620235
96,Latvia,0.003774662,0.000699982,0.001565677,0.003556315,0.092868335,0.041700141,0.820689655,0.035225105,0.014692977,8.94E-05,0.000120172,0.001168789,0.000231408,0.017418353,0.341350927,0.000270027,0.108299944,0.000240557,0.003918157,0.367346939,0.989751098,0.981359649,0.995943205,0.018891688,0.001194288
97,Lebanon,0.00060942,0.000791489,0.006369757,0.081969442,0.052238207,0.035100645,0.618965517,0.00129887,0.000953703,0.001017442,0.004291845,0.003002579,0.002411317,0.053938087,0.382405947,0.015261905,0.020839457,0.024763185,0.000105428,0.571428571,0.985358712,0.989035088,0.979716024,0.057934509,0.000270943
98,Lesotho,0.001773869,0.001815119,0.00072621,0.008429059,0.006339941,0.062290836,0.243103448,0.00284209,0.039187992,5.52E-06,9.54E-05,0.000231743,5.10E-05,0.002588034,0.087207514,0.000659259,0.040215596,0.000278821,0.000672411,0.673469388,0.733528551,0.747807018,0.890466531,0.837531486,0.003414588
99,Liberia,0.006511789,0.002623604,0.002836529,0.005068861,0.002118088,1,0.160344828,0.097049375,0.001447403,1.79E-05,0.000254649,0.000989944,0.000185152,0.0046691,0.084741128,6.15E-05,0.003226395,0.00059926,2.31E-05,0.387755102,0.642752562,0.589912281,0.768762677,0.763224181,0.000283539
100,Libya,0.102906033,0.001446852,0.006025279,0.000220397,0.023112849,0.009644352,0.570689655,0.000209234,0.001690017,0.007049419,0.001335241,0.008796147,0.007654452,0.181055936,0.836214328,0.212211722,0.002944729,0.000287268,0.001083403,0,0.578330893,0.652412281,0.434077079,0.104534005,0.000463324
102,Lithuania,0.003816538,0.001055871,0.002305816,0.005240487,0.098851746,0.042163384,0.85,0.016936703,0.004964297,8.56E-05,0.00033238,0.001622199,0.000333774,0.017047808,0.228591434,0.000477836,0.120668167,0.000588721,0.003151828,0.489795918,0.950219619,0.894736842,0.993914807,0.017632242,0.000588469
103,Luxembourg,0.000149723,6.08E-05,0.000619544,0.028543483,0.661648893,0.002663071,0.922413793,0.011631096,0.002987849,5.81E-07,7.63E-06,0.000528978,5.34E-05,0.014162352,0.00881738,0.000974854,1,0,0.083924609,0.632653061,1,1,1,0.007556675,7.37E-05
104,Madagascar,0.034346558,0.018254121,0.011066111,0.005234898,0.002490761,0.296849179,0.25,0.025923804,0.000550472,0.018895349,0.000772055,0.00495476,0.017808133,0.107656686,0.963889791,0.002939182,0.000446631,0.001846248,0.000267478,0.530612245,0.289897511,0.290570175,0.626774848,0.439546599,0.000586401
105,Malawi,0.006927622,0.01744177,0.003682764,0.018540052,0.001440715,0.340736839,0.187931034,0.001923582,6.74E-05,0.001694767,0.000227468,0.001782152,0.001776359,0.014109929,0.86382772,0.004539025,0.002378249,0.000613383,0.000356646,0.673469388,0.856515373,0.880482456,0.912778905,0.369017632,4.96E-05
106,Malaysia,0.019345289,0.008732195,0.028284526,0.011596232,0.060108655,0.103928522,0.739655172,0.036678451,0.020588146,0.003640988,0.007825465,0.016881952,0.007205041,0.034670752,0.458815465,0.000886136,0.044911575,0.017514123,0.001515212,0.632653061,0.973645681,0.923245614,1,0.071788413,0.026678588
107,Maldives,1.58E-05,0.000297456,0.000195588,0.2082285,0.064734675,0.064724906,0.59137931,0.000118876,0,0,1.43E-06,5.04E-05,1.18E-06,0.000719535,0,0.004061637,0.038222295,0.022992088,0.032406751,0.549604813,0.979502196,0.976973684,0.989858012,0.061712846,0
108,Mali,0.072531527,0.012183432,0.009132349,0.001629903,0.004380873,0.457597175,0.09137931,0.012750466,0.021255968,0.007376453,1.91E-05,0.001327483,0.006808192,0.056066667,0.983666667,0.002071341,0.00124819,0.000766812,0.015030521,0.530612245,0.663250366,0.606359649,0.929006085,0.738035264,0.016393234
109,Malta,1.70E-05,2.64E-05,0.000474857,0.172177424,0.177978684,0.00929935,0.879310345,0.000226826,0,3.69E-05,4.77E-06,0.000450891,7.73E-05,0.02832575,0.400181916,0.022106655,0.134778028,0.026295138,0.027212519,0,1,1,1,0.056675063,0
110,Marshall Islands,8.77E-06,1.40E-05,4.01E-05,0.04038792,0.022930836,0.200102944,0.556896552,0,0.037034498,0.02321838,0.017546045,0.032869528,0.0292855,0.089683368,0.532361007,0.017892015,0.038222295,0.022992088,0.010387795,0.549604813,0.920937042,0.973684211,0.868154158,0.312342569,0.051617935
111,Mauritania,0.060279374,0.002345073,0.002760581,0.000272683,0.009007939,0.257306576,0.260344828,0.005236108,0.003330337,0.001777616,0.000151645,0.001181384,0.001767686,0.063317358,0.910484956,0.003433026,0.002977169,0.005815906,0.001044388,0.510204082,0.383601757,0.529605263,0.156186613,0.610831234,0.000594173
112,Mauritius,0.000117556,0.000841685,0.000604538,0.07784702,0.062485378,0.037173131,0.724137931,0.004279375,0.002094978,0.0005,5.72E-05,0.003254474,0.000802896,0.098778954,0.561335038,0.005751582,0.014253974,0.006227384,0.003552053,0.549604813,0.998535871,0.997807018,0.997971602,0.159949622,0.000110362
113,Mexico,0.114886228,0.029244304,0.122318154,0.007752324,0.053374241,0.040625046,0.675862069,0.007281306,0.034812524,0.097093023,0.032494039,0.179202604,0.115426514,0.143522174,0.764379058,0.008550191,0.010433254,0.004325141,0.001073662,0.591836735,0.942898975,0.913377193,0.943204868,0.133501259,0.180963718
115,Monaco,0.041190262,0,3.77E-05,0.024293189,1,0.136360489,0.580070449,0.03530947,0.037034498,0,0,4.28E-05,0,0.025138233,0,0.017892015,0.038222295,0.022992088,0.010387795,0.571428571,1,0.812739128,1,0.011335013,0.051617935
116,Mongolia,0.091476551,0.001094263,0.002485123,0,0.021769119,0.124924024,0.613793103,0.021983596,0.002290202,0.00036468,0.000792561,0.000550389,0.000601055,0.028906869,0.545415225,0.000874584,0.018067214,0.009166222,0.000546892,0.265306122,0.478770132,0.552631579,0.318458418,0.14861461,0.000297087
117,Montenegro,0.000805932,0.000237115,0.000487636,0.005474688,0.045875779,0.082659671,0.75862069,0.03530947,0.046725977,2.47E-06,0.000299475,0.001193979,0.000204863,0.051166935,0.010620313,0.017892015,0.016915005,0.804755749,0.00011594,0.714285714,0.995607613,0.99122807,1,0.005037783,0.00122162
118,Morocco,0.026114999,0.015309966,0.026228636,0.00978844,0.017870047,0.149291181,0.520689655,0.00160319,0.014396972,0.01330814,0.001010968,0.013368028,0.013700484,0.058753835,0.882316213,0.013173387,0.006747111,0.007482426,0.002618597,0.591836735,0.786237189,0.619517544,0.973630832,0.210327456,0.021340901
119,Mozambique,0.04675048,0.021535568,0.012465388,0.004264689,0.002070954,0.302822855,0.118965517,0.014905905,0.073815125,0.001563953,0.000119218,0.004665081,0.001929053,0.00887558,0.73426689,0.000447748,0.00607926,0.001031081,0.00309204,0.612244898,0.284040996,0.309210526,0.606490872,0.670025189,0.088099902
120,Myanmar,0.039571371,0.041820542,0.01918184,0.009689454,0.006888888,0.282138417,0.351724138,0.043030623,0.008298412,0.042979651,0.002376729,0.041832077,0.043872036,0.127326743,0.890145739,0.001499571,0.001289681,0.002965471,0.001026957,0.653061224,0.715959004,0.719298246,0.851926978,0.430730479,0.018455015
121,Namibia,0.048207357,0.001453086,0.001464234,0.000116422,0.031622232,0.083882564,0.465517241,0.032674018,0.008411922,0.000292151,6.68E-05,0.000899262,0.000371882,0.022999254,0.701532815,0.000216624,0.028672832,0.001170542,0.004656176,0.428571429,0.868228404,0.831140351,0.963488844,0.366498741,0.000841982
123,Nepal,0.008606159,0.026583586,0.006711122,0.023404284,0.004645195,0.327520249,0.346551724,0.014962975,8.81E-05,0.013546512,0.000140677,0.001838828,0.012473275,0.069179682,0.986436929,0.002151525,0.001580184,0.010638276,0.001964141,0.918367347,0.877013177,0.910087719,0.815415822,0.302267003,0.000101366
124,Netherlands,0.002185023,0.001709503,0.018390594,0.057106539,0.294071736,0.022162186,0.963793103,0.010516125,0.015474569,0.000111192,0.070290892,0.015849186,0.021119061,0.193140404,0.004783154,0.00393184,0.036049341,1,0.000146665,0.510204082,1,1,1,0.023929471,0.010973188
125,New Zealand,0.015655431,0.000716242,0.004816791,0.001962127,0.262186577,0.070083801,0.943103448,0.136795006,0.102448911,0.004661337,0.005646161,0.010181565,0.006827903,0.22648821,0.619807072,0.002083027,0.027116167,0.050489848,0.000571392,0.346938776,1,1,1,0.028967254,0.020068432
126,Nicaragua,0.007623016,0.002915826,0.004290122,0.00591972,0.012793045,0.182130464,0.482758621,0.050684659,0.142986901,0.001722384,0.000350978,0.003581936,0.002023141,0.048180973,0.771163988,0.000692118,0.005534933,0.003768741,0.000841798,0.734693878,0.80966325,0.664473684,0.985801217,0.159949622,0.038033563
127,Niger,0.074099526,0.020204189,0.004155729,0.00189738,0.002519658,0.435516629,0,0.003100443,0.000123652,0.002232558,0.000171674,0.002233042,0.002294233,0.014990238,0.881808527,0.001928719,0.002789826,7.36E-05,0.001155982,0.693877551,0.387994143,0.436403509,1,0.568010076,0.000111281
128,Nigeria,0.054025507,0.108366487,0.112080215,0.025782637,0.011239967,0.25200619,0.275862069,0.002949394,0.007571823,0.008008721,0.009370529,0.06295341,0.016386441,0.011752208,0.443971882,0.002503789,0.025079014,0.003845651,0.001120844,0.632653061,0.538799414,0.531798246,0.610547667,0.914357683,0.060209616
130,North Macedonia,0.001501911,0.000989828,0.001418346,0.009952191,0.032066183,0.094995804,0.663793103,0.00604656,0.03137323,0.000478514,0.001076822,0.003474881,0.001087428,0.080770867,0.397492675,0.00655472,0.0081708,0.011982951,0.000159774,0.673469388,0.991215227,0.987938596,0.995943205,0.046599496,0.002721194
131,Norway,0.022527374,0.001081642,0.005142467,0.001481503,0.45147266,0.023625131,1,0.145957393,0.179237927,0.001228052,0.005107296,0.009744529,0.003529852,0.103106928,0.315575847,0.000524356,0.105312653,0.018906999,0.002148617,0.265306122,1,1,1,0.005037783,0.039548039
132,Oman,0.018099545,0.000857181,0.004585699,0.001648626,0.102332565,0.026188153,0.793103448,0.000590199,0.000540304,0.002335756,0.000643777,0.001617161,0.002453367,0.081046638,0.862888047,0.03030455,0.030244664,0.015980496,0.005600088,0.387755102,0.903367496,0.847587719,0.90872211,0.103274559,0.000105026
133,Pakistan,0.046558648,0.140820847,0.085127643,0.032653316,0.008650369,0.276645087,0.318965517,0.002334995,0.003815298,0.250581395,0.006676204,0.121518822,0.241059402,0.180323122,0.944634856,0.031856976,0.001013685,0.005270708,0.000696934,0.795918367,0.874084919,0.889254386,0.876267748,0.681360202,0.033045799
134,Palau,2.51E-05,5.04E-06,1.23E-05,0.004626796,0.078718622,0.038489815,0.755172414,0,0.037034498,0.02321838,0.017546045,0.032869528,0.0292855,0.089683368,0.532361007,0.017892015,0.038222295,0.022992088,0.010387795,0.549604813,0.931185944,0.846491228,0.939148073,0.17884131,0.051617935
135,Palestine,0.000350329,0.001333969,0.004420272,0.099105206,0.019120227,0.084921227,0.544827586,0.000346812,0,0.000235465,0.000152599,0.00226201,0.000486468,0.01457436,0.434006872,0.010661252,0.02830045,0.105023407,0.001758267,0.612244898,0.390922401,0.797149123,0,0.243424166,0
136,Panama,0.004396364,0.001504222,0.003265856,0.006629884,0.090876498,0.028236286,0.724137931,0.066722386,0.063464478,0.000648401,2.96E-05,0.009540495,0.001585293,0.059128613,0.370159649,0.000226888,0.037933677,0.00526596,0.0577886,0.571428571,0.922401171,0.875,0.953346856,0.141057935,0.010858037
137,Papua New Guinea,0.02706773,0.008063358,0.001273797,0.002046176,0.015444881,0.222718763,0.293103448,0.18672368,0,1.45E-06,0.000799237,0.002794767,0.000508676,0.007854839,0.002563584,2.72E-05,0.038222295,0.022992088,0.000789964,0.326530612,0.121522694,0.263157895,0.756592292,0.431989924,0
138,Paraguay,0.023787388,0.002964375,0.004942962,0.001876295,0.033867747,0.124141135,0.601724138,0.111073782,0.139274723,0.002757267,0.000734382,0.004539134,0.003164278,0.070767718,0.790231668,0.000469541,0.010990181,0.002626503,0.00140417,0.673469388,0.970717423,0.944078947,1,0.188916877,0.039844056
139,Peru,0.075165134,0.008059306,0.029635829,0.002831761,0.038827978,0.081330169,0.660344828,0.11759206,0.005236847,0.019040698,0.000985217,0.035207259,0.021154673,0.103933303,0.817697636,0.000772265,0.008867111,0.006841542,0.006068445,0.571428571,0.805270864,0.662280702,0.825557809,0.109571788,0.006860127
140,Philippines,0.017543931,0.062909073,0.058070609,0.043919788,0.017384556,0.116666678,0.579310345,0.008958593,0.001927005,0.098793605,0.075584168,0.112438034,0.121872023,0.180220458,0.736635178,0.007356966,0.002602822,0.002976205,7.73E-05,0.816326531,0.879941435,0.893640351,0.872210953,0.251889169,0.008443199
141,Poland,0.018286699,0.017125554,0.027197062,0.015041412,0.082409788,0.0330193,0.853448276,0.003135562,0.002221591,0.001479651,0.033547926,0.025521925,0.01324056,0.053070942,0.101505268,0.009054348,0.035525872,0.002658467,0.0003449,0.551020408,0.97510981,0.966008772,0.985801217,0.027707809,0.003512632
142,Portugal,0.005392117,0.004106204,0.007910889,0.013804874,0.128403093,0.02507038,0.818965517,0.014797761,0.032251501,0.012742733,0.00713877,0.011492675,0.014682225,0.222432984,0.788365185,0.004765411,0.012985532,0.003248456,0.00044473,0.489795918,1,1,1,0.018891688,0.013823673
143,Puerto Rico,0.000517013,0.000264186,0.004057031,0.044687602,0.170724182,0.009540019,0.580070449,0.004414442,0.037034498,0.000164971,0.011278016,0.010005239,0.004296349,0.211821721,0.034841375,0.005066434,0.024655372,0.032849148,0.000400098,0.549604813,0.906295754,0.929824561,0.870182556,0.243424166,0.051617935
144,Qatar,0.000670245,2.74E-05,0.003092568,0.029627335,0.380173799,0.001950722,0.818965517,4.19E-05,0.037034498,0.000423983,0.000685265,0.005990045,0.001192649,0.067372605,0.32129235,0.112294359,0.156807887,0.018751698,0.014106008,0,1,1,1,0.050377834,0.051617935
145,Republic of Korea,0.005864938,0.01060478,0.04926478,0.063928763,0.191151298,0.022103616,0.915517241,0.002683185,0.010514471,0.023197674,0.021220792,0.084011768,0.035581048,0.107623779,0.592374799,0.022125696,0.042795147,0.027868749,0.002422752,0.714285714,0.964860908,0.867324561,0.993914807,0.243424166,0.022381964
146,Republic of Moldova,0.001977984,0.002617073,0.002036244,0.014859865,0.013758431,0.138558989,0.579310345,0.00594512,0.007922221,6.10E-05,0.003099666,0.001843866,0.001097248,0.040958749,0.050259067,0.003232478,0.006062371,0.01154688,5.21E-06,0.775510204,0.830161054,0.796052632,0.937119675,0.243424166,0.00133986
147,Romania,0.013941217,0.010194368,0.012578344,0.010136285,0.064151382,0.051909383,0.75862069,0.021218483,0.016055421,0.002167151,0.020190749,0.013179107,0.00889362,0.069369804,0.221279402,0.001639726,0.020707413,0.004731277,0.000215572,0.755102041,1,1,1,0.05163728,0.01314596
148,Russian Federation,1,0.041628915,0.126840672,0.000821563,0.065510417,0.042603764,0.774137931,0.061166943,0.157107524,0.027122093,0.133714831,0.223032202,0.084632619,0.089584943,0.291207638,0.001056681,0.01518718,0.000976224,0.000249098,0.408163265,0.954612006,0.903508772,0.977687627,0.041561713,0.952511195
149,Rwanda,0.001538757,0.011378174,0.002471052,0.057058674,0.003893896,0.374426984,0.268965517,0.002183576,0,0.000148256,9.78E-05,0.000753164,0.000235087,0.001434213,0.557523096,0.001574341,0.025653225,0.001976051,0.001340995,0.734693878,0.650073206,0.691885965,0.728194726,0.311083123,0
150,Saint Kitts and Nevis,1.35E-05,4.31E-05,1.20E-05,0.024969832,0.107835118,0.01312948,0.69137931,0.000907069,0.037034498,2.91E-07,0,0.000173807,1.39E-05,0.060111591,0.01288694,0.013194715,0.038222295,0.007864826,0.010387795,0.549604813,0.97510981,0.981359649,0.965517241,0.243424166,0.051617935
151,Saint Lucia,3.45E-05,0.000163691,3.13E-05,0.036522019,0.060544534,0.01774826,0.639655172,0.003261079,0.000409853,4.42E-05,0,0.000137282,4.98E-05,0.047182409,0.712296339,0.003706702,0.038222295,2.68E-05,0.010387795,0.734693878,0.945827233,0.951754386,0.989858012,0.243424166,3.09E-06
152,Saint Vincent and the Grenadines,2.11E-05,5.96E-05,5.93E-05,0.035230125,0.042785586,0.083623836,0.60862069,0.001791015,0.037034498,0,9.54E-09,8.69E-05,4.60E-06,0.014239501,0,0.002044568,0.038222295,0.022992088,1,0.734693878,0.928257687,0.94627193,0.900608519,0.243424166,0.051617935
153,Samoa,0.000164345,0.000180152,3.48E-05,0.008415805,0.024658313,0.124096945,0.574137931,0,0.001460174,0.02321838,0.017546045,0.032869528,0.0292855,0.089683368,0.532361007,0.017892015,0.038222295,0.022992088,0.010387795,0.549604813,0.985358712,0.992324561,0.949290061,0.14231738,1.19E-05
155,Sao Tome and Principe,5.44E-05,6.44E-05,0.000166209,0.026928366,0.01015758,0.145987936,0.396551724,0.020706549,0.005371928,3.72E-05,2.86E-06,0.000164991,4.72E-05,0.039016594,0.629159963,0.000480123,0.005972532,0.005298267,0.001625231,0.549604813,0.957540264,0.929824561,0.977687627,0.27581864,4.63E-05
156,Saudi Arabia,0.125724198,0.006066676,0.032653242,0.001689249,0.125246761,0.030306471,0.832758621,0.000142619,0.000865244,0.027906977,0.004768717,0.039653192,0.030676943,0.143812437,0.826530273,0.229401943,0.022994379,0.015261137,0.006287543,0.244897959,0.956076135,0.967105263,0.939148073,0.05163728,0.00119317
157,Senegal,0.011502952,0.009493753,0.008776957,0.009625389,0.00734198,0.1821496,0.236206897,0.004971328,0.000462484,0.003001453,0.000276586,0.00121413,0.002911977,0.027986418,0.934578785,0.003059322,0.005526317,0.001467162,0.001571121,0.510204082,0.685212299,0.641447368,0.855983773,0.391687657,0.000297087
158,Serbia,0.005166035,0.004355495,0.005823151,0.012339514,0.037147258,0.07257477,0.725862069,0.036134055,0.007333088,0.000960465,0.019346686,0.008286061,0.007059573,0.123921239,0.123523671,0.001566694,0.004679696,0.002146237,1.02E-06,0.714285714,0.988286969,0.987938596,0.987829615,0.037783375,0.002697427
159,Seychelles,2.51E-05,4.66E-05,5.50E-05,0.026158118,0.094914103,0.022788017,0.736206897,0,0.000295845,1.31E-06,1.81E-05,9.32E-05,1.14E-05,0.027584062,0.066033811,0.017892015,0.073001668,0.129033102,0.00071022,0.549604813,0.93704246,0.952850877,0.912778905,0.134760705,1.19E-06
160,Sierra Leone,0.004226756,0.004960219,0.003722977,0.012798943,0.002367225,0.729432922,0.106896552,0.042027917,0.000838021,6.64E-05,0.000264664,0.001377862,0.000272275,0.004113921,0.216478735,0.000121634,0.006552418,0.002060239,4.28E-05,0.326530612,0.452415813,0.427631579,0.693711968,0.998740554,0.000261436
161,Singapore,4.03E-05,0,0.006761419,1,0.354439729,0,0.967241379,0.000206763,0.000374298,3.83E-05,0.001603691,0.003717077,0.000859927,0.022102303,0.040207254,0.021293288,0.038222295,0.022992088,0.004603737,0.591836735,1,0.812739128,1,0.006297229,8.90E-05
162,Slovakia,0.002865795,0.002833356,0.003464106,0.01374885,0.104903278,0.028699214,0.829310345,0.018089096,0.009040873,4.59E-05,0.001102527,0.003676397,0.000724446,0.019335777,0.057098203,0.000614541,0.119553276,0.03890592,0.002197846,0.775510204,1,1,1,0.243424166,0.002051917
163,Slovenia,0.001183538,0.001069597,0.001330458,0.012657916,0.139947517,0.022126141,0.906896552,0.030191212,0.000460212,5.67E-06,0.003614688,0.002114652,0.001217354,0.090818199,0.004208941,0.001628385,0.034687216,0.07225295,0.000293875,0.714285714,0.992679356,0.993421053,0.993914807,0.001259446,3.98E-05
164,Solomon Islands,0.00168848,0.000527411,0.000160646,0.002522091,0.011195434,0.322553597,0.313793103,0.138239461,0.037034498,0.02321838,0.017546045,0.032869528,0.0292855,0.089683368,0.532361007,0.017892015,0.038222295,0.022992088,0.010387795,0.549604813,0.718887262,0.75,0.862068966,0.191435768,0.051617935
165,Somalia,0.037292186,0.009219483,0.007752231,0.002631828,0,0.639741958,0.580070449,0.001981959,0,0.004768895,9.54E-06,0.000168769,0.004327229,0.044908927,1,0.006362932,0,0.000572644,0.001022959,0.775510204,0,0,0.38336714,0.911838791,0
166,South Africa,0.07129748,0.021782093,0.044279519,0.005641194,0.036434656,0.0282824,0.570689655,0.001771738,0.015521778,0.016555233,0.019551741,0.048973279,0.025460088,0.068406155,0.590764476,0.016109262,0.011844981,0.002908226,0.000343714,0.571428571,0.900439239,0.796052632,0.99188641,0.326196474,0.036864724
167,South Sudan,0.037682285,0.011406473,0.002876768,0.001882699,0.003036934,0.034146236,0.070689655,0.008923975,0.037034498,0.000348837,0.001072961,0.002410628,0.000858087,0.010710243,0.366631494,0.001090419,0.01554786,0.000508915,0.000542884,0.510204082,0.395314788,0.527412281,0.324543611,0.765743073,0.051617935
168,Spain,0.029588181,0.010384328,0.04400945,0.011365895,0.169859131,0.033614207,0.893103448,0.004701705,0.03290751,0.029593023,0.028450167,0.061567991,0.04101341,0.136338728,0.655609054,0.01104827,0.029307,0.008744349,0.000736564,0.551020408,1,1,1,0.012594458,0.063950369
169,Sri Lanka,0.003835487,0.019161638,0.004543041,0.040322419,0.024771188,0.093893984,0.694827586,0.004915675,0.00802225,0.016438953,0.003962804,0.010118592,0.017005368,0.124691672,0.878155495,0.023570605,0.004600407,0.004640447,0.000550546,0.755102041,0.935578331,0.945175439,0.969574037,0.056675063,0.007061152
170,Sudan,0.10991378,0.029916263,0.016511647,0.002485348,0.017809342,0.30553261,0.231034483,0.001821786,0.014837812,0.037659884,0.000357654,0.011944825,0.03538788,0.134433244,0.966929597,0.030808931,0.002012456,0.003676834,0.004294823,0.673469388,0.348462665,0.453947368,0.310344828,0.496221662,0.025228587
171,Suriname,0.00957936,0.000215162,0.000433045,0.000187945,0.03369001,0.139796551,0.601724138,0.341342879,1,0.000626599,0.000646161,0.000600768,0.000802765,0.22101434,0.703577981,0.001018878,0.005489817,0.019049653,0.000181373,0.285714286,0.9238653,0.872807018,0.961460446,0.182619647,0.023766922
172,Sweden,0.026166466,0.001432657,0.010233358,0.002538349,0.327749055,0.017171496,0.968965517,0.034554736,0.103557199,0.000109012,0.006413925,0.012007799,0.003114344,0.047740228,0.031742569,0.000882926,0.158804444,0.065834861,0.001619982,0.081632653,1,1,1,0.006297229,0.042731737
173,Switzerland,0.002413139,0.002501119,0.007405459,0.02555137,0.482346507,0.007729541,0.982758621,0.01244535,0.011278959,0.000232703,0.003064855,0.011705526,0.002271763,0.040572906,0.092818972,0.001710324,0.319688189,0.072963763,0.005474175,0.653061224,1,1,1,0.025188917,0.003973235
174,Syrian Arab Republic,0.010828613,0.009553901,0.011582357,0.011380869,0.003732375,0.249074382,0.294827586,0.001933227,0.032786785,0.021322674,0.002934669,0.018557049,0.022017753,0.200547036,0.879812556,0.032290243,0.000641074,0.001791758,0.000148612,0.551020408,0.855051245,0.859649123,0.843813387,0.205289673,0.023351
175,Tajikistan,0.008266942,0.007325776,0.002846237,0.007663044,0.004218854,0.256519959,0.479310345,0.004853159,0.094774642,0.015174419,0.001944683,0.008128627,0.015098391,0.265340129,0.912942658,0.017845553,0.000399312,0.002898587,8.15E-05,0.755102041,0.616398243,0.634868421,0.860040568,0.352644836,0.035062151
176,Thailand,0.030008387,0.039440392,0.040269479,0.016743325,0.039090537,0.100449555,0.670689655,0.012465771,0.032654989,0.075276163,0.013242728,0.034476765,0.075297472,0.169106191,0.908427424,0.005969784,0.005763399,0.006448445,0.001037589,0.755102041,0.967789165,0.978070175,0.951318458,0.076826196,0.094153729
177,Timor-Leste,0.000867927,0.001017377,0.000456246,0.010283362,0.010940011,0.125996517,0.432758621,0.012997342,0.037034498,0.001556686,9.54E-06,0.001226725,0.001533519,0.192767778,0.918557357,0.007334363,0.001664168,0.001140464,0.01398028,0.448979592,0.588579795,0.566885965,0.902636917,0.459697733,0.051617935
178,Togo,0.003319644,0.005159635,0.00379787,0.016829004,0.002964504,0.292965817,0.236206897,0.00375596,0.006363659,0.000110465,3.00E-05,0.001751924,0.000286467,0.004243846,0.342573015,0.000873708,0.010817895,0.000177124,0.002110404,0.632653061,0.459736457,0.388157895,0.825557809,0.556675063,0.002040948
180,Tonga,4.21E-05,9.33E-05,2.15E-05,0.016884057,0.02683228,0.192769822,0.593103448,0,0.037034498,0.02321838,0.017546045,0.032869528,0.0292855,0.089683368,0.532361007,0.017892015,0.038222295,0.022992088,0.010387795,0.549604813,0.994143485,0.995614035,0.993914807,0.159949622,0.051617935
181,Trinidad and Tobago,0.000298277,0.000720498,0.000855631,0.033742055,0.098215379,0.014647666,0.734482759,0.005457389,0.001472963,2.43E-05,0.000614688,0.002972352,0.000496981,0.055392126,0.043806181,0.00527183,0.04781665,0.052007526,0.001358272,0.448979592,0.928257687,0.94627193,0.900608519,0.177581864,8.49E-05
182,Tunisia,0.009567078,0.004066722,0.009378596,0.008553943,0.020173033,0.117012649,0.629310345,0.000793968,0.006714602,0.005484012,0.004601812,0.001705324,0.006399516,0.086240775,0.777958815,0.031435108,0.006254692,0.003339201,0.000172276,0.530612245,0.966325037,0.925438596,1,0.162468514,0.003198288
183,Turkey,0.045929927,0.023024266,0.071462121,0.012762744,0.062963797,0.073318612,0.744827586,0.005131153,0.055499928,0.072747093,0.013819742,0.075749637,0.077476199,0.148246932,0.853221057,0.011569118,0.010980065,0.005299345,0.00188034,0.530612245,1,1,1,0.088161209,0.187551994
184,Turkmenistan,0.028545077,0.003163041,0.003484564,0.001235414,0.039030865,0.105753439,0.577586207,0.008460578,0.027716433,0.038313953,0.004000954,0.009488856,0.036726917,1,0.947863644,0.037276613,0.001014685,0.002378134,0.000547261,0.367346939,0.420204978,0.282894737,0.778904665,0.437027708,0.006648202
185,Tuvalu,0,4.84E-06,0,0.047500996,0.023009844,0.228311815,0.580070449,0,0.037034498,0.02321838,0.017546045,0.032869528,0.0292855,0.089683368,0.532361007,0.017892015,0.038222295,0.022992088,0.010387795,0.549604813,0.966325037,0.967105263,0.965517241,0.234256927,0.051617935
186,Uganda,0.014125447,0.037022072,0.011781493,0.021221969,0.003210096,0.300750382,0.256896552,0.002871692,0.055433435,0.000376453,0.000238436,0.004110914,0.000830492,0.001459872,0.408700108,0.001506451,0.023153933,0.000851471,0.001845834,0.734693878,0.692532943,0.734649123,0.90872211,0.400503778,0.095068578
187,Ukraine,0.035297241,0.015294818,0.036304241,0.009036219,0.014661784,0.122994931,0.644827586,0.00774998,0.035520751,0.004659884,0.017057701,0.030169374,0.012056584,0.040842478,0.351046993,0.002898524,0.006185389,0.001040618,6.92E-05,0.489795918,0.944363104,0.975877193,0.90872211,0.070528967,0.065832828
188,United Arab Emirates,0.004151894,0.001453761,0.009605685,0.01658011,0.241289122,0.009224174,0.846551724,3.11E-05,0.000183618,0.004813953,0.000329041,0.007750786,0.005247078,0.085215131,0.832706509,0.44357479,0.075828134,0.015462323,0.045444967,0.244897959,0.994143485,1,0.99188641,0.060453401,7.26E-05
189,United Kingdom,0.014245927,0.012546057,0.065241337,0.034260387,0.241928653,0.007615743,0.94137931,0.004333322,0.002253472,0.001719477,0.004816404,0.078407122,0.011057891,0.024302501,0.141226786,0.003720894,0.261731597,0.011619565,0.010031806,0.693877551,1,1,1,0.026448363,0.006264366
190,United Republic of Tanzania,0.055401673,0.043147176,0.022454363,0.007019194,0.005137267,0.345522722,0.256896552,0.003464391,0.054376667,0.006732558,0.000119218,0.006617262,0.006805564,0.01783527,0.898148148,0.003359534,0.005501987,0.003217836,0.01152304,0.632653061,0.349926794,0.402412281,0.537525355,0.243424166,0.123824117
191,United States of America,0.575107233,0.065468793,0.315705131,0.003914475,0.361572997,0.010529348,0.94137931,0.018569856,0.064569222,0.256104651,1,0.735385096,0.583821181,0.280251191,0.398642673,0.007306775,0.034549743,0.003570346,0.000280041,0.632653061,0.988286969,0.980263158,0.987829615,0.243424166,0.874465117
192,Uruguay,0.010304581,0.00018504,0.003895757,0.002206314,0.103067812,0.061538315,0.748275862,0.098561485,0.142378849,0.004607558,0.000381497,0.00514368,0.004802922,0.218003322,0.870607888,0.002534403,0.010604552,0.002549562,0.003267528,0.612244898,0.995607613,0.933114035,1,0.056675063,0.020384496
193,Uzbekistan,0.026164712,0.017745599,0.019120028,0.008749509,0.010549869,0.363703881,0.575862069,0.003007785,0.019646097,0.079011628,0.010157368,0.030333105,0.077392099,0.378514335,0.927702174,0.043861022,0.000933567,0.007941129,0.000164564,0.551020408,0.814055637,0.790570175,0.969574037,0.176322418,0.026157755
194,Vanuatu,0.000711185,0.000232489,7.43E-05,0.002700169,0.018568005,0.258365053,0.382758621,0.068894877,0.037034498,0.02321838,0.017546045,0.032869528,0.0292855,0.089683368,0.532361007,0.017892015,0.038222295,0.022992088,0.010387795,0.549604813,0.919472914,0.922149123,0.977687627,0.255667506,0.051617935
195,Venezuela (Bolivarian Republic of),0.053340055,0.004249598,0.033429504,0.003810952,0.046085431,0.064130374,0.624137931,0.088642115,0.152920466,0.024287791,0.003783023,0.064502559,0.029725951,0.157042918,0.742347636,0.001951168,0.007666046,0.005303895,0.002180473,0.551020408,0.89897511,0.757675439,0.898580122,0.243424166,0.187313883
196,Viet Nam,0.019370437,0.069609915,0.039885328,0.03573365,0.013489728,0.185432003,0.546551724,0.01838338,0.013483029,0.113008721,0.014659037,0.015169071,0.107786516,0.177176598,0.952734972,0.004701467,0.001762237,0.006558371,0.000393516,0.775510204,0.964860908,0.966008772,0.981744422,0.243424166,0.053137596
197,Yemen,0.030876898,0.020327786,0.012056956,0.006391649,0.004535527,0.227995365,0.155172414,0.000148402,0.000473965,0.004702035,0.000309967,0.003317447,0.004678086,0.024692884,0.912135107,0.044081462,0.004112959,0.012358285,0.001242055,0.591836735,0.339677892,0.413377193,0.432048682,0.243424166,0.00054961
198,Zambia,0.044015108,0.010962129,0.008703268,0.002570632,0.008499034,0.048411147,0.372413793,0.01223142,0.171168782,0.001674419,0.000619933,0.003632315,0.002059146,0.017512081,0.736621445,0.000729275,0.010293453,0.000557096,0.001202194,0.510204082,0.49341142,0.466008772,0.707910751,0.513853904,0.120181479
199,Zimbabwe,0.022852086,0.012596634,0.00631072,0.004339535,0.007416087,0.100658936,0.310344828,0.002763326,0.200222155,0.004026163,0.000388174,0.00612229,0.004381238,0.046659705,0.833863116,0.00813375,0.004108022,0.000881852,0.001018961,0.571428571,0.661786237,0.641447368,0.939148073,0.463476071,0.11875136
