,country,Total area of the country (excl. coastal water) (1000 ha),Rural population (1000 inhab),Urban population (1000 inhab),Population density (inhab/km2),GDP per capita (current US$/inhab),"Agriculture, value added (% GDP) (%)",Urban population with access to safe drinking-water (JMP) (%),Total renewable water resources per capita (m3/inhab/yr),Total population with access to safe drinking-water (JMP) (%),Municipal water withdrawal (km<sup>3</sup>/year or 10<sup>9</sup>m<sup>3</sup>/year),Rural population with access to safe drinking-water (JMP) (%),Total water withdrawal per capita (m<sup>3</sup>/year per inhabitant),Total water withdrawal (10^9 m3/yr),Agricultural water withdrawal as % of total water withdrawal (%),Agricultural water withdrawal (10^9 m3/year),Industrial water withdrawal (km<sup>3</sup>/year or 10<sup>9</sup>m<sup>3</sup>/year),SDG 6.4.2. Water Stress (%),Human Development Index (HDI) [highest = 1] (-),SDG 6.4.1. Irrigated Agriculture Water Use Efficiency (US$/m3),SDG 6.4.1. Industrial Water Use Efficiency (US$/m3),Flood occurrence (WRI) (-),SDG 6.4.1. Water Use Efficiency (US$/m3),Dam capacity per capita (m3/inhab),Resilience and securityStorage drought duration index(Total dam capacity_km3),nutrient security,National Rainfall Index (NRI) (mm/yr),"Mortality rate, infant (per 1,000 live births)",longitude,latitude,population ages0-14,Population ages 65 and above(-of total population),Net official development assistance and official aid received (current US$),% of total cultivated area drained (%),Total exploitable water resources (10^9 m3/yr)
0,New Zealand,0.01564219,0.000716242,0.004804819,0.001962127,0.396262398,0.070083801,1,0.136795006,1,0.010181565,1,0.22648821,0.006826728,0.619807072,0.004661337,0.005646161,0.002083027,0.943103448,0.050489848,0.000571392,0.346938776,0.027116167,0.102448911,0.020068432,0.259414226,0.319316718,0.028967254,0.987117624,0,0.192881164,0.552696236,0.066222053,0.054238023,0.030930041
1,Argentina,0.162600399,0.004107889,0.048145754,0.001740193,0.131169308,0.066011162,0.979716024,0.039228305,0.98682284,0.073658915,1,0.175679908,0.049637836,0.743110509,0.04059593,0.019074869,0.002708555,0.79137931,0.002076186,0.00065981,0.510204082,0.01099105,0.085413683,0.156343403,0.071129707,0.293332128,0.083123426,0.308625992,0.023468857,0.326947614,0.375726244,0.059578524,0.038556535,0.024691358
2,Chile,0.044206132,0.002539941,0.018711229,0.00282705,0.139051776,0.046595163,0.993914807,0.098301687,0.985358712,0.015937349,0.926535088,0.394053443,0.046551084,0.834648619,0.042761628,0.022622794,0.002325604,0.813793103,0.004359113,0.000258057,0.510204082,0.005087028,0.020409866,0.015704992,0.046025105,0.694681067,0.055415617,0.286077282,0.04936064,0.19095288,0.399507953,0.107366343,0.012100179,0.004068313
3,Uruguay,0.010291268,0.00018504,0.003883774,0.002206314,0.155774177,0.061538315,1,0.098561485,0.995607613,0.00514368,0.933114035,0.218003322,0.004801746,0.870607888,0.004607558,0.000381497,0.002534403,0.748275862,0.002549562,0.003267528,0.612244898,0.010604552,0.142378849,0.020384496,0.368200837,0.431163432,0.056675063,0.330960204,0.079137608,0.216646856,0.513482374,0.075056807,0.166123332,0.028160494
4,South Africa,0.071284987,0.021782093,0.044268021,0.005641194,0.055066451,0.0282824,0.99188641,0.001771738,0.900439239,0.048973279,0.796052632,0.068406155,0.025458936,0.590764476,0.016555233,0.019551741,0.016109262,0.570689655,0.002908226,0.000343714,0.571428571,0.011844981,0.015521778,0.036864724,0.079497908,0.148242086,0.326196474,0.554855072,0.097683153,0.443522434,0.158637618,0.147193509,0.004086553,0.004926749
5,Lesotho,0.001760441,0.001815119,0.000714189,0.008429059,0.009582032,0.062290836,0.890466531,0.00284209,0.733528551,0.000231743,0.747807018,0.002588034,4.98E-05,0.087207514,5.52E-06,9.54E-05,0.000659259,0.243103448,0.000278821,0.000672411,0.673469388,0.040215596,0.039187992,0.003414588,0.129707113,0.200945613,0.837531486,0.569921398,0.106652233,0.536791694,0.140406265,0.071318672,0.22928995,0.00370823
6,Australia,0.452740936,0.003876038,0.024886693,0.000149309,0.526065918,0.031137787,1,0.039364964,1,0.042701112,1,0.137196559,0.021745372,0.637574251,0.015261628,0.012694325,0.00165795,0.972413793,0.008248167,0.002255255,0.551020408,0.059041638,0.09025312,0.092437045,0.050209205,0.19591816,0.018891688,0.870165482,0.147606781,0.185119175,0.54998612,0.077651533,0.015605461,0.0781893
7,Paraguay,0.023774257,0.002964375,0.004930991,0.001876295,0.051186887,0.124141135,1,0.111073782,0.970717423,0.004539134,0.944078947,0.070767718,0.003163099,0.790231668,0.002757267,0.000734382,0.000469541,0.601724138,0.002626503,0.00140417,0.673469388,0.010990181,0.139274723,0.039844056,0.175732218,0.340217367,0.188916877,0.323341839,0.164911107,0.44914779,0.203545297,0.069838861,0.413288684,0.01290535
8,Namibia,0.048194554,0.001453086,0.001452221,0.000116422,0.04779307,0.083882564,0.963488844,0.032674018,0.868228404,0.000899262,0.831140351,0.022999254,0.000370699,0.701532815,0.000292151,6.68E-05,0.000216624,0.465517241,0.001170542,0.004656176,0.428571429,0.028672832,0.008411922,0.000841982,0.217573222,0.089127144,0.366498741,0.542203978,0.169491525,0.655131183,0.091319029,0.071542024,0.00231945,0.00026749
9,Botswana,0.034008091,0.000806654,0.001846726,0.000226763,0.068184435,0.023787223,0.983772819,0.010918559,0.944363104,0.001246877,0.915570175,0.016325978,0.000245863,0.359365352,0.000100291,0.000111588,0.000517014,0.605172414,0.001504622,0.004088407,0.428571429,0.058296105,0.014355086,0.001318714,0.108786611,0.114942269,0.386649874,0.559826069,0.175434072,0.571397057,0.119548748,0.064230281,0.290912582,0.000411523
10,Mauritius,0.000104106,0.000841685,0.000592516,0.07784702,0.094438876,0.037173131,0.997971602,0.004279375,0.998535871,0.003254474,0.997807018,0.098778954,0.000801714,0.561335038,0.0005,5.72E-05,0.005751582,0.724137931,0.006227384,0.003552053,0.66122449,0.014253974,0.002094978,0.000110362,0.192468619,0.237792892,0.159949622,0.653326847,0.194138312,0.13138145,0.403873195,0.059939745,0,0.000445679
11,Zimbabwe,0.022838942,0.012596634,0.006298766,0.004339535,0.011208493,0.100658936,0.939148073,0.002763326,0.661786237,0.00612229,0.641447368,0.046659705,0.00438006,0.833863116,0.004026163,0.000388174,0.00813375,0.310344828,0.000881852,0.001018961,0.571428571,0.004108022,0.200222155,0.11875136,0.192468619,0.197443342,0.463476071,0.572542309,0.206729974,0.795150474,0.067946532,0.147506938,0.010734105,0.000617284
12,Madagascar,0.034333568,0.018254121,0.011054214,0.005234898,0.003764476,0.296849179,0.626774848,0.025923804,0.289897511,0.00495476,0.290570175,0.107656686,0.017806971,0.963889791,0.018895349,0.000772055,0.002939182,0.25,0.001846248,0.000267478,0.530612245,0.000446631,0.000550472,0.000586401,0.263598326,0.428621461,0.439546599,0.622935602,0.209077332,0.747396403,0.070310282,0.12740355,0.115752169,0.019860082
13,Mozambique,0.046737657,0.021535568,0.012453508,0.004264689,0.003129989,0.302822855,0.606490872,0.014905905,0.284040996,0.004665081,0.309210526,0.00887558,0.001927873,0.73426689,0.001563953,0.000119218,0.000447748,0.118965517,0.001031081,0.00309204,0.612244898,0.00607926,0.073815125,0.088099902,0.09623431,0.27723298,0.670025189,0.590677033,0.210033279,0.854063677,0.064140982,0.233252401,0.365450024,0.01382716
14,Fiji,0.00105334,0.000450689,0.000578338,0.00580034,0.052870817,0.127176345,0.989858012,0.064001114,0.93704246,0.000298495,0.903508772,0.018230676,0.000103812,0.591979592,7.27E-05,4.58E-05,7.01E-05,0.6,0.005256683,0.001518644,0.579591837,0.033379428,0.004324789,0.000158093,0.10460251,0.664459859,0.253148615,1,0.22975203,0.452196147,0.166421939,0.070683549,0.273931493,0.013787243
15,Brazil,0.498041583,0.032224321,0.214179204,0.00282416,0.088358497,0.055799596,1,0.081838468,0.972181552,0.210815331,0.85745614,0.063471802,0.08630172,0.603436314,0.057311047,0.045355269,0.00079938,0.667241379,0.005096933,0.00061625,0.632653061,0.017866484,0.096133505,0.832360256,0.180753138,0.539620851,0.136020151,0.341885645,0.251886152,0.231339283,0.301542479,0.084577239,0.018975506,0.182304527
16,Samoa,0.000150895,0.000180152,2.28E-05,0.008415805,0.037267973,0.124096945,0.949290061,0,0.985358712,0.000965763,0.992324561,0.0249382,0.00035183,0.31687763,7.95E-05,0.000670674,0.004042348,0.574137931,0.032171441,0.200534591,0.632653061,0.032701097,0.001460174,1.19E-05,0.217573222,0.225399372,0.14231738,0,0.256382499,0.680675577,0.140677379,0.069272672,0.262010664,0.00370823
17,Malawi,0.006914263,0.01744177,0.003670778,0.018540052,0.002177461,0.340736839,0.912778905,0.001923582,0.856515373,0.001782152,0.880482456,0.014109929,0.001775178,0.86382772,0.001694767,0.000227468,0.004539025,0.187931034,0.000613383,0.000356646,0.673469388,0.002378249,6.74E-05,4.96E-05,0.259414226,0.311125924,0.369017632,0.587183339,0.26114995,0.830088842,0.055334217,0.168769353,0.094306023,0.016848971
18,Zambia,0.044002248,0.010962129,0.008691343,0.002570632,0.012845233,0.048411147,0.707910751,0.01223142,0.49341142,0.003632315,0.466008772,0.017512081,0.002057966,0.736621445,0.001674419,0.000619933,0.000729275,0.372413793,0.000557096,0.001202194,0.510204082,0.010293453,0.171168782,0.120181479,0.133891213,0.294179452,0.513853904,0.568828143,0.262287262,0.856583177,0.03571419,0.1476347,0.365450024,0.019860082
19,Comoros,9.36E-05,0.000651853,0.00025761,0.054851653,0.01098214,0.3807552,0.84989858,0.002900165,0.855051245,4.03E-05,0.880482456,0.000802296,5.39E-06,0.472435233,6.83E-06,2.38E-06,0.000209296,0.286206897,0.001615869,0.005329755,0.326530612,0.056734744,0.00690338,0.001817818,0.164853556,0.644124093,0.588161209,0.614410032,0.274178968,0.718578834,0.070732673,0.065092432,0.22928995,0.000419753
20,Angola,0.072899797,0.011777279,0.022879947,0.002762523,0.036384589,0.120944995,0.501014199,0.009789976,0.25329429,0.004003859,0.212719298,0.003151238,0.000919718,0.208926188,0.000213227,0.001142585,0.000479016,0.35,0.004352407,0.004217115,0.346938776,0.116532187,0.009035947,0.011224178,0.175732218,0.314515218,0.61209068,0.540450161,0.280529587,0.914153907,0.038844212,0.062454506,0.297818425,0.01909465
21,Peru,0.075152693,0.008059306,0.029624156,0.002831761,0.058683658,0.081330169,0.825557809,0.11759206,0.805270864,0.035207259,0.662280702,0.103933303,0.021153515,0.817697636,0.019040698,0.000985217,0.000772265,0.660344828,0.006841542,0.006068445,0.571428571,0.008867111,0.005236847,0.006860127,0.050209205,0.622941004,0.109571788,0.27619958,0.299541769,0.344515149,0.269577004,0.101642872,0.297818425,0.016625514
22,Timor-Leste,0.000854486,0.001017377,0.000444222,0.010283362,0.016534465,0.125996517,0.902636917,0.012997342,0.588579795,0.001226725,0.566885965,0.192767778,0.001532338,0.918557357,0.001556686,9.54E-06,0.007334363,0.432758621,0.001140464,0.01398028,0.448979592,0.001664168,0.00690338,0.001817818,0.142259414,0.225399372,0.459697733,0.847271698,0.30252485,0.665426176,0.116592564,0.079586318,0.22928995,0.000109465
23,Papua New Guinea,0.027054642,0.008063358,0.001261782,0.002046176,0.023343016,0.222718763,0.756592292,0.18672368,0.121522694,0.002794767,0.263157895,0.007854839,0.000507494,0.002563584,1.45E-06,0.000799237,2.72E-05,0.293103448,0.012709914,0.000789964,0.326530612,0.024705791,0,0,0.179079498,0.911313465,0.431989924,0.899126932,0.326699331,0.617276756,0.087645079,0.119239766,0,0.033399177
24,Seychelles,1.17E-05,4.66E-05,4.30E-05,0.026158118,0.14345086,0.022788017,0.912778905,0,0.93704246,9.32E-05,0.952850877,0.027584062,1.02E-05,0.066033811,1.31E-06,1.81E-05,0.009487188,0.736206897,0.129033102,0.00071022,0.530612245,0.073001668,0.000295845,1.19E-06,0.171548117,0.216372551,0.134760705,0.647465998,0.342147497,0.304106293,0.247674006,0.089963018,0.009090749,0.000868724
25,Burundi,0.00161247,0.010665372,0.001616733,0.04876614,0.001770192,0.450920471,0.819472617,0.0022775,0.647144949,0.000522681,0.712719298,0.003604994,0.000360318,0.796680682,0.000322674,7.15E-05,0.002640045,0.082758621,0.000926147,0.000646884,0.673469388,0.004868753,0.00690338,0.001817818,0.164853556,0.275199403,0.482367758,0.574715734,0.354488838,0.881593105,0.043044304,0.112032808,0.22928995,0.013787243
26,Rwanda,0.001525325,0.011378174,0.002459052,0.057058674,0.005885139,0.374426984,0.728194726,0.002183576,0.650073206,0.000753164,0.691885965,0.001434213,0.000233905,0.557523096,0.000148256,9.78E-05,0.001574341,0.268965517,0.001976051,0.001340995,0.734693878,0.025653225,0,0,0.364016736,0.290507716,0.311083123,0.574587718,0.368023222,0.731379417,0.069721317,0.167379617,0.22928995,0.013787243
27,Ecuador,0.014978954,0.006792282,0.012531773,0.00799842,0.056158607,0.112620861,0.866125761,0.051843306,0.808199122,0.016264811,0.731359649,0.120179638,0.0130252,0.818496124,0.011738372,0.002618026,0.001754306,0.662068966,0.011872193,0.001171974,0.653061224,0.007233334,0.013071334,0.00914052,0.133891213,0.720665657,0.130982368,0.267186695,0.369053793,0.409895815,0.231534147,0.106160434,0.01983596,0.016938272
28,Gabon,0.01563985,0.000251058,0.002116525,0.000721103,0.066154744,0.063426002,0.943204868,0.158137007,0.900439239,0.001046621,0.634868421,0.012166725,0.000175034,0.291220764,5.86E-05,6.72E-05,0.000123289,0.563793103,0.004144272,0.009977663,0.142857143,0.077479513,0.003039222,0.000261436,0.138075314,0.513636261,0.371536524,0.522628933,0.378759669,0.662426054,0.08896008,0.068628356,0.290912582,0.035539095
29,Indonesia,0.115760332,0.134608934,0.171087649,0.016593839,0.034074666,0.158916289,0.882352941,0.015003983,0.815519766,0.299734,0.775219298,0.171837142,0.292550363,0.856482141,0.275726744,0.043562232,0.007705314,0.570689655,0.004197449,0.000811638,0.632653061,0.00290548,0.002586865,0.028521181,0.09623431,0.820649841,0.234256927,0.813685462,0.378895693,0.370124496,0.182293243,0,0.061343358,1
30,Kenya,0.033928549,0.04104569,0.015634236,0.010651832,0.013494757,0.421257829,0.626774848,0.001202431,0.461200586,0.006214231,0.526315789,0.014832123,0.00529058,0.806239206,0.004700581,0.001444921,0.008625553,0.346551724,0.004002795,0.000682737,0.775510204,0.008480304,0.014077637,0.029453484,0.280334728,0.248169781,0.381612091,0.597437976,0.386128579,0.716112881,0.04720632,0.356710087,0.281355175,0.000246914
31,Singapore,2.68E-05,0,0.00674947,1,0.535691562,0,1,0.000206763,1,0.003717077,1,0.022102303,0.000858745,0.040207254,3.83E-05,0.001603691,0.021293288,0.967241379,0.22608142,0.004603737,0.591836735,0.13273817,0.000374298,8.90E-05,0.124686192,0.209113813,0.006297229,0.784948751,0.39912359,0,0.418564754,0.097366123,0.292017258,0.008192263
32,Uganda,0.014112185,0.037022072,0.011769604,0.021221969,0.004851661,0.300750382,0.90872211,0.002871692,0.692532943,0.004110914,0.734649123,0.001459872,0.00082931,0.408700108,0.000376453,0.000238436,0.001506451,0.256896552,0.000851471,0.001845834,0.734693878,0.023153933,0.055433435,0.095068578,0.326359833,0.374675193,0.400503778,0.581461884,0.399323848,0.91090124,0.030023681,0.250920988,0.003710025,0.018436214
33,Equatorial Guinea,0.001625337,0.000404215,0.001056831,0.005417802,0.088923465,0.027389272,0.442190669,0.040524864,0.237188873,0.000178845,0.248903509,0.001504365,1.83E-05,0.050766735,1.45E-06,1.43E-05,4.05E-05,0.374137931,0.018052707,0.046254616,0,0.066238342,0.005485897,0.000654089,0.29874477,0.684513184,0.740554156,0.518812639,0.401945143,0.656487793,0.047231728,0.063790014,0.262010664,0.00370823
34,Maldives,2.34E-06,0.000297456,0.00018356,0.2082285,0.097838409,0.064724906,0.989858012,0.000118876,0.979502196,5.04E-05,0.976973684,0.000719535,0,0,0,1.43E-06,0.004061637,0.59137931,0.048055918,0.032406751,0.66122449,0.039538237,0,0,0.125523013,0.225399372,0.061712846,0.69790054,0.416605503,0.202027037,0.092546267,0.064526243,0,0.003561317
35,Suriname,0.009566037,0.000215162,0.00042102,0.000187945,0.05091826,0.139796551,0.961460446,0.341342879,0.9238653,0.000600768,0.872807018,0.22101434,0.000801583,0.703577981,0.000626599,0.000646161,0.001018878,0.601724138,0.019049653,0.000181373,0.285714286,0.005489817,1,0.023766922,0.054393305,0.515330908,0.182619647,0.330214867,0.42337364,0.388698874,0.218233235,0.060050041,0.67714556,0.033399177
36,Malaysia,0.019332097,0.008732195,0.028272836,0.011596232,0.090846756,0.103928522,1,0.036678451,0.973645681,0.016881952,0.923245614,0.034670752,0.007203867,0.458815465,0.003640988,0.007825465,0.000886136,0.739655172,0.017514123,0.001515212,0.632653061,0.044911575,0.020588146,0.026678588,0.238493724,0.895496758,0.071788413,0.779702946,0.426124347,0.302939862,0.214718366,0.05845166,0.106388573,0.018436214
37,Colombia,0.06676159,0.010789853,0.046785451,0.005146472,0.05689618,0.07701956,0.935091278,0.094912634,0.874084919,0.043935394,0.712719298,0.055685265,0.017878062,0.471979575,0.009289244,0.017787315,0.000521694,0.667241379,0.007428085,0.000368423,0.755102041,0.015425202,0.006579989,0.013407313,0.322175732,0.801726281,0.128463476,0.278241859,0.429528724,0.274302821,0.283447155,0.140856972,0.023847247,0.01909465
38,Guyana,0.012557616,0.000642626,0.000224587,0.000203534,0.040663082,0.159554357,0.963488844,0.687624684,0.97510981,0.000751904,0.981359649,0.382775826,0.001890685,0.948336801,0.001981105,9.73E-05,0.000849495,0.50862069,0.002982145,0.001061761,0.489795918,0.001417972,0.029773203,0.00096155,0.087866109,0.608254062,0.287153652,0.32195813,0.432263373,0.415839788,0.20692611,0.068312172,0.300001162,0.033646091
39,Somalia,0.037279236,0.009219483,0.007740295,0.002631828,0,0.639741958,0.38336714,0.001981959,0,0.000168769,0,0.044908927,0.004326052,1,0.004768895,9.54E-06,0.006362932,0.56,0.000572644,0.001022959,0.775510204,0,0,0,0.110460251,0.108700319,0.911838791,0.621031011,0.435018802,0.907688563,0.064541706,0.229373632,0.413288684,0.000246914
40,Liberia,0.006498425,0.002623604,0.002824533,0.005068861,0.003201227,1,0.768762677,0.097049375,0.642752562,0.000989944,0.589912281,0.0046691,0.00018397,0.084741128,1.79E-05,0.000254649,6.15E-05,0.160344828,0.00059926,2.31E-05,0.387755102,0.003226395,0.001447403,0.000283539,0.092050209,0.674910184,0.763224181,0.462777545,0.447072037,0.757688901,0.07931104,0.112802126,0.292487873,0.013728395
41,Central African Republic,0.036420655,0.003092381,0.002243872,0.000678695,0.002976643,0.374835676,0.789046653,0.06034554,0.538799414,0.000736791,0.5,0.001521934,8.75E-05,0.005545828,5.81E-07,5.72E-05,8.00E-05,0.005172414,0.002060293,0.000757852,0.469387755,0.013625217,0.046685646,0.045866936,0.10460251,0.36930881,1,0.549170884,0.448800675,0.842120815,0.061769783,0.127190309,0.413288684,0.019860082
42,Cameroon,0.027791571,0.011962427,0.015889413,0.006259321,0.01231917,0.173659077,0.894523327,0.022671961,0.642752562,0.003088223,0.481359649,0.007408524,0.001422481,0.680649258,0.001071221,0.000498808,0.000398129,0.322413793,0.000762619,0.001612072,0.448979592,0.019377576,0.018126214,0.018550823,0.129707113,0.471834964,0.61209068,0.52474916,0.455966493,0.800589034,0.058374791,0.180626232,0.291805965,0.019860082
43,Sri Lanka,0.003822087,0.019161638,0.004531065,0.040322419,0.037438569,0.093893984,0.969574037,0.004915675,0.935578331,0.010118592,0.945175439,0.124691672,0.017004205,0.878155495,0.016438953,0.003962804,0.023570605,0.694827586,0.004640447,0.000550546,0.755102041,0.004600407,0.00802225,0.007061152,0.0041841,0.461102199,0.056675063,0.719381883,0.460721664,0.309910757,0.360665898,0.076040285,0.094306023,0.013787243
44,Ghana,0.013936141,0.014459764,0.018924198,0.015130818,0.017692904,0.238098228,0.84989858,0.003796045,0.834553441,0.003753224,0.824561404,0.008643963,0.001916835,0.734360263,0.001555233,0.000453028,0.001632861,0.375862069,0.00248942,0.003483482,0.612244898,0.022426379,0.145461688,0.176474586,0.171548117,0.307454188,0.406801008,0.486691758,0.461415008,0.667366689,0.072294155,0.143961823,0.292487873,0.018436214
45,Sierra Leone,0.004213361,0.004960219,0.003710992,0.012798943,0.003577767,0.729432922,0.693711968,0.042027917,0.452415813,0.001377862,0.427631579,0.004113921,0.000271093,0.216478735,6.64E-05,0.000264664,0.000121634,0.106896552,0.002060239,4.28E-05,0.326530612,0.006552418,0.000838021,0.000261436,0.351464435,0.712474863,0.998740554,0.456091136,0.466271253,0.756926261,0.066722064,0.112556718,0.292487873,0.013787243
46,Panama,0.004382971,0.001504222,0.003253865,0.006629884,0.137348523,0.028236286,0.953346856,0.066722386,0.922401171,0.009540495,0.875,0.059128613,0.001584112,0.370159649,0.000648401,2.96E-05,0.000226888,0.724137931,0.00526596,0.0577886,0.571428571,0.037933677,0.063464478,0.010858037,0.10041841,0.688467361,0.141057935,0.259793923,0.467002381,0.385160236,0.266610314,0.064469257,0.325208587,0.01377284
47,Togo,0.003306237,0.005159635,0.003785886,0.016829004,0.004480479,0.292965817,0.825557809,0.00375596,0.459736457,0.001751924,0.388157895,0.004243846,0.000285285,0.342573015,0.000110465,3.00E-05,0.000873708,0.236206897,0.000177124,0.002110404,0.632653061,0.010817895,0.006363659,0.002040948,0.041841004,0.295874099,0.556675063,0.491948942,0.467772239,0.76423198,0.064472561,0.095734653,0.22928995,0.013787243
48,Nigeria,0.054012782,0.108366487,0.112069533,0.025782637,0.016987812,0.25200619,0.610547667,0.002949394,0.538799414,0.06295341,0.531798246,0.011752208,0.016385278,0.443971882,0.008008721,0.009370529,0.002503789,0.275862069,0.003845651,0.001120844,0.632653061,0.025079014,0.007571823,0.060209616,0.083682008,0.359140927,0.914357683,0.514282016,0.472141064,0.835922963,0.05909869,0.381191335,0.338637267,0.024489712
49,Ethiopia,0.064571333,0.094060961,0.025257775,0.011888792,0.005732549,0.408607364,0.860040568,0.002255417,0.374816984,0.010181565,0.436403509,0.018721669,0.013853195,0.92312281,0.014079942,0.000243681,0.008370334,0.162068966,0.001450051,0.00714694,0.653061224,0.003374294,0.008440559,0.037413888,0.142259414,0.296438981,0.439546599,0.604787508,0.472736169,0.746585998,0.087915703,0.500003717,0.338637267,0.0218107
50,Benin,0.006696694,0.006690209,0.00617767,0.012018352,0.006622789,0.278309643,0.69979716,0.004645072,0.676427526,0.001806082,0.694078947,0.002587551,0.00029974,0.25344316,8.58E-05,0.000143062,0.000246151,0.244827586,0.005731159,0.001352864,0.734693878,0.022167846,6.00E-05,2.79E-05,0.225941423,0.264381906,0.722921914,0.496190533,0.474273051,0.796413895,0.078535899,0.113252506,0.00015555,0.013787243
51,Costa Rica,0.002973449,0.001182853,0.004549905,0.011953984,0.106975907,0.060387766,0.99188641,0.044904052,0.967789165,0.008191601,0.911184211,0.131401002,0.004189389,0.724460695,0.00334593,0.001144492,0.001408416,0.722413793,0.007102246,0.000821082,0.632653061,0.01325832,0.011506089,0.002372735,0.125523013,0.802573604,0.074307305,0.251341179,0.478440674,0.233190545,0.324966416,0.063393865,0.132865406,0.01377284
52,Guinea,0.014364262,0.009182599,0.005377489,0.005933337,0.00616995,0.21555888,0.851926978,0.036838226,0.660322108,0.00281114,0.64254386,0.008079581,0.000746392,0.513012052,0.000425727,0.000268002,0.000222214,0.155172414,0.001213561,0.001276784,0.224489796,0.011494021,0.004342239,0.002182992,0.410041841,0.456018257,0.783375315,0.4620177,0.480298724,0.829590335,0.066504857,0.111273599,0.005003421,0.083950617
53,Trinidad and Tobago,0.000284829,0.000720498,0.000843611,0.033742055,0.148440329,0.014647666,0.900608519,0.005457389,0.928257687,0.002972352,0.94627193,0.055392126,0.000495799,0.043806181,2.43E-05,0.000614688,0.00527183,0.734482759,0.052007526,0.001358272,0.448979592,0.04781665,0.001472963,8.49E-05,0.10460251,0.512788937,0.177581864,0.315437003,0.48734741,0.21139794,0.371073686,0.089963018,0.01550972,0.000868724
54,Guinea-Bissau,0.002097907,0.00119425,0.000927674,0.006124369,0.005676327,0.594692008,0.975659229,0.03378526,0.696925329,0.000409328,0.564692982,0.019710825,0.00024192,0.761821653,0.000209302,5.67E-05,0.000381325,0.15,0.0019317,0.000209421,0.204081633,0.002206284,0,0,0.221757322,0.338805161,0.638539043,0.446417406,0.497850538,0.795031487,0.063575311,0.068977628,0.22928995,0.000144033
55,Djibouti,0.001341678,0.000240556,0.000860963,0.004876375,0.025383334,0.016986746,0.947261663,0.000625046,0.853587116,0.000181364,0.612938596,0.002419556,1.72E-05,0.158712844,4.36E-06,0,0.001637692,0.205172414,0.229531638,0.200394863,0.591836735,0.019367421,0.00690338,0.001817818,0.046025105,0.023713763,0.589420655,0.610763287,0.498052685,0.44983143,0.128606813,0.082945769,0.22928995,0.00370823
56,Burkina Faso,0.016022936,0.015380561,0.006521657,0.008567777,0.005793463,0.257930943,0.949290061,0.001383547,0.740849195,0.004710422,0.734649123,0.007060695,0.001067157,0.516967962,0.000611483,0.000103481,0.002020633,0.096551724,0.000994292,0.003134611,0.673469388,0.008963658,0.007932648,0.006342882,0.041841004,0.207752446,0.658690176,0.485160119,0.501955817,0.862323223,0.046590233,0.16349259,0.292487873,0.001954733
57,Cambodia,0.010573173,0.013863142,0.004341295,0.010890876,0.011683591,0.282461585,1,0.058496669,0.641288433,0.00121413,0.661184211,0.026414218,0.002862177,0.944888876,0.002984012,0.000157368,0.000262071,0.353448276,0.005962545,0.00406436,0.795918367,0.005571263,1.78E-06,1.19E-06,0.117154812,0.656551506,0.267002519,0.788280577,0.505048473,0.500329501,0.132656116,0.148350706,0.292487873,0.016938272
58,Sudan,0.109901807,0.029916263,0.016499815,0.002485348,0.026916606,0.30553261,0.310344828,0.001821786,0.348462665,0.011944825,0.453947368,0.134433244,0.03538674,0.966929597,0.037659884,0.000357654,0.030808931,0.231034483,0.003676834,0.004294823,0.673469388,0.002012456,0.014837812,0.025228587,0.079497908,0.170035249,0.496221662,0.575565474,0.507854912,0.741767765,0.092036575,0.207230687,0.29545348,0.01909465
59,Nicaragua,0.007609666,0.002915826,0.004278144,0.00591972,0.019335096,0.182130464,0.985801217,0.050684659,0.80966325,0.003581936,0.664473684,0.048180973,0.00202196,0.771163988,0.001722384,0.000350978,0.000692118,0.482758621,0.003768741,0.000841798,0.734693878,0.005534933,0.142986901,0.038033563,0.142259414,0.561933705,0.159949622,0.247205414,0.507879471,0.467156458,0.160229571,0.093677622,0.292487873,0.013787243
60,Philippines,0.017530716,0.062909073,0.058059277,0.043919788,0.026274593,0.116666678,0.872210953,0.008958593,0.879941435,0.112438034,0.893640351,0.180220458,0.121870984,0.736635178,0.098793605,0.075584168,0.007356966,0.579310345,0.002976205,7.73E-05,0.816326531,0.002602822,0.001927005,0.008443199,0.09623431,0.739024335,0.251889169,0.836024795,0.508014551,0.483712497,0.154902937,0.14111801,0.126309336,0.060082305
61,Saint Vincent and the Grenadines,7.60E-06,5.96E-05,4.73E-05,0.035230125,0.064665091,0.083623836,0.900608519,0.001791015,0.928257687,8.69E-05,0.94627193,0.014239501,3.42E-06,0,0,9.54E-09,0.002044568,0.60862069,0.05614022,1,0.734693878,0.024347853,0.000980117,1.37E-05,0.146443515,0.327168584,0.252644836,0.315252945,0.509002614,0.454429884,0.125874114,0.07179111,0.052072976,0.000802469
62,Barbados,9.94E-06,0.000221198,8.54E-05,0.08361798,0.157610758,0.015421404,0.993914807,0.000549769,0.995607613,0.000231743,0.996710526,0.056654929,9.87E-05,0.680048615,7.97E-05,2.96E-05,0.022717355,0.75862069,0.016005577,0.001741128,0.734693878,0.042510045,0.000653938,1.84E-05,0.405857741,0.216372551,0.12720403,0.32021427,0.510982518,0.125802298,0.561525804,0.089963018,0.088376015,0.000623045
63,Gambia,0.00064569,0.000930767,0.001489252,0.024433891,0.005594888,0.253902458,0.882352941,0.007107918,0.856515373,0.000498751,0.828947368,0.007735982,0.000125757,0.387825874,5.70E-05,0.000101097,0.000566738,0.148275862,0.001053533,0.000199261,0.306122449,0.008324343,0.015075954,0.00141955,0.230125523,0.16239239,0.492695214,0.446048436,0.513337433,0.565091217,0.163777722,0.075425013,0.093483392,0.000675144
64,El Salvador,0.001215348,0.002060295,0.005370313,0.038003317,0.034639668,0.060730239,0.949290061,0.008089,0.909224012,0.005949742,0.851973684,0.066675247,0.002775449,0.679138106,0.002079942,0.001015737,0.003424328,0.503448276,0.000770378,0.000494582,0.775510204,0.008020724,0.017320839,0.004609594,0.083682008,0.398400253,0.123425693,0.236710107,0.516653017,0.387274972,0.272411881,0.085993631,0.008063325,0.00370823
65,Saint Lucia,2.11E-05,0.000163691,1.93E-05,0.036522019,0.091505532,0.01774826,0.989858012,0.003261079,0.945827233,0.000137282,0.951754386,0.047182409,4.86E-05,0.712296339,4.42E-05,0,0.003706702,0.639655172,2.68E-05,0.20758854,0.734693878,0.029747117,0.000409853,3.09E-06,0.09623431,0.258766975,0.129722922,0.316129996,0.517741209,0.219612399,0.309730929,0.062864993,0.039460822,0.00082963
66,Senegal,0.011489655,0.009493753,0.008765032,0.009625389,0.01109649,0.1821496,0.855983773,0.004971328,0.685212299,0.00121413,0.641447368,0.027986418,0.002910798,0.934578785,0.003001453,0.000276586,0.003059322,0.236206897,0.001467162,0.001571121,0.510204082,0.005526317,0.000462484,0.000297087,0.09623431,0.156065707,0.391687657,0.448488417,0.523295521,0.813325093,0.072337152,0.190613589,0.012758109,0.015779012
67,Eritrea,0.006862795,0.003451476,0.002351115,0.003405679,0.009717799,0.211048803,0.456389452,0.004215993,0.382137628,0.000370285,0.487938596,0.033452013,0.000757036,0.949913644,0.000799419,4.77E-06,0.002895143,0.1,0.000545936,0.022729994,0.510204082,0.005467368,0.000368669,5.24E-05,0.236820084,0.087432497,0.363979849,0.602775099,0.529737767,0.08933093,0.658455004,0.083354784,0.094306023,0.013787243
68,Honduras,0.006563929,0.004536925,0.006182545,0.010310127,0.021762698,0.155173934,0.947261663,0.019226637,0.871156662,0.003947183,0.822368421,0.033431711,0.002103958,0.736841087,0.001712209,0.000543634,0.001193054,0.427586207,0.003604172,0.000976299,0.734693878,0.009658574,0.017560338,0.00689794,0.334728033,0.450369433,0.162468514,0.244261903,0.529932356,0.501935148,0.136769294,0.099958093,0.033861278,0.013787243
69,Dominica,2.87E-05,2.48E-05,4.13E-05,0.011753571,0.063059893,0.162489301,0.912778905,0.005505381,0.918008785,0.000219148,0.910087719,0.056014794,1.85E-05,0.050259067,1.45E-06,0,0.002589956,0.603448276,7.13E-05,0.200664202,0.734693878,0.032701097,0.001962139,0.000285581,0.09623431,0.225399372,0.369017632,0.315014551,0.53196327,0.155761879,0.527338388,0.062624547,0.262010664,0.00370823
70,Chad,0.07508134,0.012926118,0.004018559,0.001222715,0.00542323,0.411775823,0.427991886,0.005986161,0.279648609,0.00128592,0.394736842,0.010352712,0.001148104,0.768170648,0.000977035,0.000494516,0.001108299,0.048275862,0.000696599,0.000416565,0.612244898,0.006684895,0.055794205,0.105485218,0.033472803,0.176457961,0.850125945,0.542891849,0.532333557,0.919456924,0.049732438,0.122888745,0.297818425,0.018847737
71,Yemen,0.030863862,0.020327786,0.012045071,0.006391649,0.006854884,0.227995365,0.432048682,0.000148402,0.339677892,0.003317447,0.413377193,0.024692884,0.004676909,0.912135107,0.004702035,0.000309967,0.044081462,0.155172414,0.012358285,0.001242055,0.591836735,0.004112959,0.000473965,0.00054961,0.213389121,0.059103645,0.400755668,0.627621836,0.533263999,0.636144701,0.107998969,0.210296373,0.261385946,0.001950617
72,Guatemala,0.006353378,0.00938092,0.010144461,0.019321119,0.039757371,0.121443326,0.967545639,0.014874471,0.894582723,0.010496433,0.855263158,0.038814106,0.004360349,0.570311369,0.002741279,0.002876013,0.001484143,0.475862069,0.018702129,0.000508803,0.714285714,0.014882846,0.000782203,0.000551203,0.062761506,0.619269268,0.240554156,0.232914295,0.535444161,0.573912204,0.14052392,0.094101346,0.000551224,0.013787243
73,Thailand,0.029995339,0.039440392,0.040257934,0.016743325,0.059080484,0.100449555,0.951318458,0.012465771,0.967789165,0.034476765,0.978070175,0.169106191,0.075296379,0.908427424,0.075276163,0.013242728,0.005969784,0.670689655,0.006448445,0.001037589,0.755102041,0.005763399,0.032654989,0.094153729,0.050209205,0.4803082,0.076826196,0.776905658,0.536261249,0.119753487,0.419053508,0.02681585,0.399378541,0.051843621
74,Antigua and Barbuda,1.05E-05,8.64E-05,9.70E-06,0.027074464,0.130013319,0.021411807,0.957403651,0.001071877,0.969253294,7.05E-05,0.976973684,0.023132074,7.36E-06,0.157332733,2.62E-06,1.19E-05,0.002190404,0.69137931,0.032817876,0.001867957,0.734693878,0.089806164,0.00150088,5.97E-06,0.129707113,0.227963938,0.052896725,0.313804375,0.547509675,0.25654656,0.294217454,0.060423211,0.151803386,0.003561317
75,Belize,0.001328226,0.000229217,0.00018241,0.00181033,0.043677119,0.135316176,0.977687627,0.113769794,0.992679356,0.000123428,1,0.053724049,0.000124968,0.680736675,9.94E-05,0.000101097,0.000320181,0.596551724,0.002554896,0.00013928,0.530612245,0.010717982,0.009238304,0.000144622,0.050209205,0.561933705,0.113350126,0.237844612,0.548729168,0.463145405,0.138229492,0.06136257,0.292487873,0.01377284
76,Saint Kitts and Nevis,0,4.31E-05,0,0.024969832,0.162979367,0.01312948,0.965517241,0.000907069,0.97510981,0.000173807,0.981359649,0.060111591,1.27E-05,0.01288694,2.91E-07,0,0.013194715,0.69137931,0.007864826,0.005237745,0.530612245,0.063079658,0.000653938,1.84E-05,0.092050209,0.227963938,0.109319899,0.310997699,0.550315169,0.213625962,0.305047081,0.089963018,0.088376015,0.000623045
77,Mali,0.07251905,0.012183432,0.009120429,0.001629903,0.006621145,0.457597175,0.929006085,0.012750466,0.663250366,0.001327483,0.606359649,0.056066667,0.006807017,0.983666667,0.007376453,1.91E-05,0.002071341,0.09137931,0.000766812,0.015030521,0.530612245,0.00124819,0.021255968,0.016393234,0.066945607,0.156517613,0.738035264,0.478234178,0.552326246,0.932353317,0.0498623,0.229155797,0.297818425,0.018847737
78,Niger,0.074087071,0.020204189,0.004143749,0.00189738,0.003808149,0.435516629,1,0.003100443,0.387994143,0.002233042,0.436403509,0.014990238,0.002293053,0.881808527,0.002232558,0.000171674,0.001928719,0,7.36E-05,0.001155982,0.693877551,0.002789826,0.000123652,0.000111281,0.217573222,0.081049326,0.568010076,0.512593345,0.552676697,1,0.053646309,0.19488482,0.297818425,0.002057613
79,Jamaica,0.000627559,0.001450374,0.001877831,0.033235076,0.045688164,0.079985924,0.949290061,0.007288648,0.909224012,0.001743108,0.88377193,0.093912656,0.001771499,0.084631221,0.000165698,0.005245589,0.003232328,0.606896552,0.029973443,0,0.714285714,0.006920984,5.32E-05,6.48E-06,0.020920502,0.368461486,0.129722922,0.269706901,0.557416754,0.298574178,0.289279107,0.069580583,0.262010664,0.001585185
80,Puerto Rico,0.000503568,0.000264186,0.004045049,0.044687602,0.258028366,0.009540019,0.870182556,0.004414442,0.906295754,0.010005239,0.929824561,0.211821721,0.004295171,0.034841375,0.000164971,0.011278016,0.005066434,0.833103448,0.032849148,0.000400098,0.069387755,0.024655372,0.002697524,0.000139672,0.317991632,0.302087805,0.036523929,0.300167274,0.558467161,0.104750903,0.690638662,0.089963018,0.256221587,0.003637119
81,Dominican Republic,0.002831327,0.002388141,0.010229355,0.026964927,0.063311951,0.068300181,0.703853955,0.004396886,0.775988287,0.010748327,0.801535088,0.176426701,0.011921249,0.837438893,0.010992733,0.003146876,0.013058748,0.634482759,0.003601267,0.000577832,0.755102041,0.00598607,0.006147437,0.002692436,0.322175732,0.225235556,0.27581864,0.290003954,0.563330962,0.409941822,0.228784722,0.070257988,0.22928995,0.001016049
82,Haiti,0.001607791,0.005638019,0.007056555,0.049612778,0.006136477,0.220789222,0.288032454,0.002511437,0.380673499,0.002372844,0.425438596,0.025508459,0.001897649,0.838113275,0.001757267,0.000243205,0.003468755,0.220689655,0.003584678,0.001068939,0.795918367,0.003846368,0.000771406,0.000352939,0.10041841,0.339652484,0.586901763,0.283965874,0.565555521,0.547233266,0.14554097,0.124673709,0.22928995,0.013787243
83,India,0.192244761,1,0.533555733,0.051058055,0.016912017,0.188755268,0.941176471,0.002807828,0.913616398,0.705283734,0.918859649,0.115557887,1,0.908757907,1,0.081068193,0.017261426,0.465517241,0.007175886,0.000714582,0.795918367,0.00214814,0.005272985,0.294071275,0.10041841,0.417606254,0.33627204,0.71423593,0.580881832,0.380871977,0.194497206,0.297849421,0.032150905,0.448024691
84,Mauritania,0.060266733,0.002345073,0.002748584,0.000272683,0.013614379,0.257306576,0.156186613,0.005236108,0.383601757,0.001181384,0.529605263,0.063317358,0.001766505,0.910484956,0.001777616,0.000151645,0.003433026,0.260344828,0.005815906,0.001044388,0.510204082,0.002977169,0.003330337,0.000594173,0.121338912,0.047128138,0.610831234,0.458478205,0.58479441,0.734655342,0.074488997,0.095786124,0.029209837,0.00036214
85,Oman,0.018086336,0.000857181,0.004573724,0.001648626,0.154662942,0.026188153,0.90872211,0.000590199,0.903367496,0.001617161,0.847587719,0.081046638,0.002452187,0.862888047,0.002335756,0.000643777,0.03030455,0.793103448,0.015980496,0.005600088,0.387755102,0.030244664,0.000540304,0.000105026,0.041841004,0,0.103274559,0.648692958,0.589561861,0.268907292,0.04812875,0.128055406,0.188707233,0
86,Cuba,0.006270328,0.002973525,0.010463086,0.013042939,0.075808932,0.045704878,0.926977688,0.006612667,0.925329429,0.021390859,0.888157895,0.124891468,0.009136865,0.652739547,0.006568314,0.003528851,0.006210147,0.696551724,0.003474166,0.00054895,0.612244898,0.009939808,0.014243553,0.006728576,0.071129707,0.304912217,0.027707809,0.268330873,0.589648765,0.098927776,0.536716016,0.103826744,0.086441724,0.009876543
87,United Arab Emirates,0.004138498,0.001453761,0.00959377,0.01658011,0.364678495,0.009224174,0.99188641,3.11E-05,0.994143485,0.007750786,1,0.085215131,0.005245901,0.832706509,0.004813953,0.000329041,0.44357479,0.846551724,0.015462323,0.045444967,0.244897959,0.075828134,0.000183618,7.26E-05,0.19665272,0.008052398,0.060453401,0.642788583,0.607618098,0.063478175,0,0.098512472,0.292017258,0.008028889
88,Mexico,0.114874321,0.029244304,0.122307595,0.007752324,0.080668525,0.040625046,0.943204868,0.007281306,0.942898975,0.179202604,0.913377193,0.143522174,0.115425468,0.764379058,0.097093023,0.032494039,0.008550191,0.675862069,0.004325141,0.001073662,0.591836735,0.010433254,0.034812524,0.180963718,0.514644351,0.290507716,0.133501259,0.197860713,0.609605559,0.369324688,0.233190337,0.107147587,0.183923405,0.034567901
89,Bangladesh,0.008639437,0.118781988,0.069998748,0.135712502,0.012648669,0.162054695,0.726166329,0.015114677,0.808199122,0.045320813,0.85745614,0.044614125,0.047127961,0.882721283,0.045784884,0.003671912,0.001479271,0.406896552,0.01308498,0.00161431,1,0.004519096,0.001156994,0.007696918,0.10041841,0.645536299,0.302267003,0.746647834,0.610082587,0.396763476,0.14988739,0.469913887,0.164239783,0.055851852
90,Saudi Arabia,0.125712438,0.006066676,0.032641605,0.001689249,0.1892949,0.030306471,0.939148073,0.000142619,0.956076135,0.039653192,0.967105263,0.143812437,0.030675796,0.826530273,0.027906977,0.004768717,0.229401943,0.832758621,0.015261137,0.006287543,0.244897959,0.022994379,0.000865244,0.00119317,0.154811715,0.029701516,0.05163728,0.617843701,0.611980311,0.334157726,0.08404899,0.098142061,0.002821773,0.00217177
91,Qatar,0.000656802,2.74E-05,0.003080575,0.029627335,0.574585408,0.001950722,1,4.19E-05,1,0.005990045,1,0.067372605,0.001191468,0.32129235,0.000423983,0.000685265,0.112294359,0.818965517,0.018751698,0.014106008,0,0.156807887,0.0047698,0.001529425,0.162343096,0.003547461,0.050377834,0.63521033,0.625855699,0.033707665,0.013656429,0.097139648,0.292017258,0.01562963
92,Bahrain,3.04E-05,0.000181518,0.001558339,0.241088899,0.21507933,0.003224814,1,0.000152719,1,0.003450951,1,0.058256234,0.000563079,0.334829054,0.00021032,6.72E-05,0.034717674,0.803448276,0.010906286,0.020511149,0,0.06226376,0,0,0.229288703,0.217358271,0.054156171,0.633656787,0.631292879,0.170276715,0.050744456,0.089963018,0.265476219,0.001375967
93,Libya,0.102893966,0.001446852,0.006013321,0.000220397,0.034932197,0.009644352,0.434077079,0.000209234,0.578330893,0.008796147,0.652412281,0.181055936,0.007653279,0.836214328,0.007049419,0.001335241,0.212211722,0.570689655,0.000287268,0.001083403,0,0.002944729,0.001690017,0.000463324,0.150627615,0.03309081,0.104534005,0.53861356,0.63511572,0.419527977,0.122988562,0.086946776,0.004124096,0.000261317
94,Egypt,0.058556006,0.062856898,0.049380796,0.011882793,0.017276659,0.138716663,1,0.001172755,0.991215227,0.135373005,0.989035088,0.164068295,0.101832721,0.795714524,0.089171512,0.025751073,0.030363142,0.556896552,0.011349655,0.000388968,0.510204082,0.003424891,0.04974751,0.199875953,0.037656904,0.02348781,0.39093199,0.577229396,0.639701805,0.545020849,0.154704763,0.252649336,0.760806698,0.020452675
95,Bhutan,0.002230321,0.000543419,0.000364476,0.002195824,0.02755801,0.209908432,1,0.205787273,1,0.000193959,1,0.091804966,0.000436403,0.945703161,0.000462209,1.43E-05,0.00036005,0.417241379,0.009464291,0.004551257,0.959183673,0.004638135,0,0,0.220920502,0.730268658,0.279596977,0.746867737,0.646253626,0.346799807,0.183882772,0.074575179,0.290912582,0.034222222
96,Algeria,0.139284208,0.012986184,0.035282412,0.001938667,0.035938312,0.144295578,0.681541582,0.000554473,0.75988287,0.045320813,0.800438596,0.050420595,0.013740054,0.640944826,0.009696221,0.000910825,0.035811946,0.663793103,0.010852678,0.007101096,0.571428571,0.011595586,0.005940256,0.010242652,0.280334728,0.061589127,0.231738035,0.494323778,0.651162769,0.485698533,0.20101054,0.074052189,0.006761229,0.003251029
97,Nepal,0.008592823,0.026583586,0.006699172,0.023404284,0.007020635,0.327520249,0.815415822,0.014962975,0.877013177,0.001838828,0.910087719,0.069179682,0.012472107,0.986436929,0.013546512,0.000140677,0.002151525,0.346551724,0.010638276,0.001964141,0.918367347,0.001580184,8.81E-05,0.000101366,0.058577406,0.487934112,0.302267003,0.728918209,0.654572814,0.459572551,0.172320061,0.182971874,0.292487873,0.019506173
98,Kuwait,0.001027021,0,0.004884985,0.028427354,0.262013079,0.005877222,0.979716024,9.70E-06,0.985358712,0.005626058,0.989035088,0.061852422,0.001634835,0.625946529,0.001131395,0.000111111,1,0.751724138,0.013093612,0.054900291,0.12244898,0.083742022,0.00335773,0.000850636,0.154811715,0.012401993,0.065491184,0.624678609,0.663233006,0.246285554,0.059871842,0.089963018,0.000121997,0.001332593
99,Pakistan,0.046545822,0.140820847,0.085116637,0.032653316,0.013073956,0.276645087,0.876267748,0.002334995,0.874084919,0.121518822,0.889254386,0.180323122,0.241058505,0.944634856,0.250581395,0.006676204,0.031856976,0.318965517,0.005270708,0.000696934,0.795918367,0.001013685,0.003815298,0.033045799,0.138075314,0.093815668,0.681360202,0.686875247,0.673279887,0.605771029,0.117928825,0.257422049,0.444401265,0.061366255
100,Jordan,0.005208799,0.001009639,0.01042044,0.013553026,0.03725365,0.066788204,0.955375254,0.000188343,0.954612006,0.005734372,0.915570175,0.020281206,0.001364268,0.53402365,0.00080625,0.000154983,0.025983845,0.601724138,0.037714456,0.006311817,0.612244898,0.028491359,0.000801366,0.0003267,0.213389121,0.035406828,0.14861461,0.592693425,0.675262625,0.565992056,0.101948813,0.315001442,0.037256062,0.013787243
101,Israel,0.001275589,0.000717219,0.009091422,0.046812041,0.385333208,0.013752939,1,0.000424716,1,0.012360451,1,0.05593153,0.003019866,0.544909506,0.001815407,0.000343348,0.026835305,0.915517241,0.025893348,0.017168114,0.591836735,0.102746034,0.004579981,0.002749137,0.163179916,0.103983551,0.017632242,0.588748261,0.679616337,0.414657227,0.411693767,0.097366123,0.194488072,0.000673251
102,Morocco,0.026101899,0.015309966,0.026216922,0.00978844,0.027008354,0.149291181,0.973630832,0.00160319,0.786237189,0.013368028,0.619517544,0.058753835,0.013699318,0.882316213,0.01330814,0.001010968,0.013173387,0.520689655,0.007482426,0.002618597,0.591836735,0.006747111,0.014396972,0.021340901,0.058577406,0.074694399,0.210327456,0.46942555,0.686659355,0.390236047,0.228861647,0.127558885,0.068306528,0.008230453
103,Iraq,0.025429422,0.012793209,0.03187682,0.010624736,0.044397728,0.035084475,0.874239351,0.004706874,0.803806735,0.015471345,0.672149123,0.210072497,0.05064967,0.91965619,0.051264535,0.00977587,0.014049953,0.536206897,0.00152457,0.000875589,0.489795918,0.003720725,0.115306098,0.180390935,0.150627615,0.056928847,0.25440806,0.613861271,0.70018146,0.684856518,0.083514321,0.261206133,0.409829331,0.019860082
104,Lebanon,0.000595976,0.000791489,0.006357803,0.081969442,0.078951551,0.035100645,0.979716024,0.00129887,0.985358712,0.003002579,0.989035088,0.053938087,0.002410137,0.382405947,0.001017442,0.004291845,0.015261905,0.618965517,0.024763185,0.000105428,0.571428571,0.020839457,0.000953703,0.000270943,0.874476987,0.150840545,0.057934509,0.591623497,0.706146677,0.35298538,0.227849815,0.198114672,0.036409976,0.000855967
105,Tunisia,0.009553755,0.004066722,0.009366679,0.008553943,0.03048903,0.117012649,1,0.000793968,0.966325037,0.001705324,0.925438596,0.086240775,0.006398341,0.777958815,0.005484012,0.004601812,0.031435108,0.629310345,0.003339201,0.000172276,0.530612245,0.006254692,0.006714602,0.003198288,0.238493724,0.085483652,0.162468514,0.5167348,0.706450842,0.317098985,0.277026658,0.148347032,0.037063358,0.00149177
106,Afghanistan,0.038168229,0.029867419,0.010618362,0.006753895,0.004585862,0.286053285,0.557809331,0.003540469,0.345534407,0.002541613,0.418859649,0.114077541,0.026763677,0.986782782,0.029069767,0.000808298,0.014213729,0.206896552,0.002115932,0.000564235,0.755102041,0.000594481,0.001578856,0.002387387,0.631799163,0.0456312,0.565491184,0.68222372,0.706943929,0.803525276,0.054357146,0.451698394,0.281355175,0.019860082
107,Cyprus,0.000525793,0.000439929,0.000914657,0.015817569,0.239954869,0.024158006,1,0.001300587,1,0.001365267,1,0.052661285,0.000400923,0.594705363,0.000267442,8.11E-05,0.007660588,0.85862069,0.013309998,0.00259267,0,0.049323785,0.008069064,0.000396558,0.205020921,0.090624082,0.002518892,0.584703814,0.718159294,0.116649129,0.480218892,0.089963018,0.058039737,0.000222222
108,China,0.561454931,0.672295616,1,0.01881399,0.079543967,0.092094642,0.949290061,0.003845977,0.934114202,1,0.923245614,0.083219448,0.785937894,0.64737645,0.559883721,0.636623748,0.011217907,0.655172414,0.035983798,0.000795096,0.714285714,0.017029072,0.016307513,0.986873886,0.10460251,0.289660393,0.065491184,0.786017257,0.725105017,0.145905306,0.384259695,0.003673797,0.060060519,0.186806584
109,Malta,3.51E-06,2.64E-05,0.000462833,0.172177424,0.268992643,0.00929935,1,0.000226826,1,0.000450891,1,0.02832575,7.61E-05,0.400181916,3.69E-05,4.77E-06,0.022106655,0.879310345,0.026295138,0.027212519,0,0.134778028,0,0,0.288702929,0.217358271,0.056675063,0.53049764,0.725821032,0.053245965,0.732361976,0.089963018,0,6.17E-06
110,Japan,0.022090901,0.012135595,0.138357116,0.042251517,0.345948705,0.014097058,1,0.006633722,1,0.194064364,1,0.130070478,0.1070233,0.671725239,0.079113372,0.055364807,0.009691279,0.931034483,0.013023226,0.002181533,0.612244898,0.044723667,0.007041218,0.037401375,0.205020921,0.439071785,0.002518892,0.882903911,0.728345977,0.006438912,1,0.145260562,0.189086806,0.036460905
111,Tajikistan,0.008253602,0.007325776,0.002834241,0.007663044,0.006376273,0.256519959,0.860040568,0.004853159,0.616398243,0.008128627,0.634868421,0.265340129,0.015097226,0.912942658,0.015174419,0.001944683,0.017845553,0.479310345,0.002898587,8.15E-05,0.755102041,0.000399312,0.094774642,0.035062151,0.138075314,0.089014167,0.352644836,0.692368549,0.75343673,0.659534449,0.071870957,0.091593017,0.373715656,0.013787243
112,Turkey,0.045917093,0.023024266,0.071450951,0.012762744,0.095161946,0.073318612,1,0.005131153,1,0.075749637,1,0.148246932,0.077475108,0.853221057,0.072747093,0.013819742,0.011569118,0.744827586,0.005299345,0.00188034,0.530612245,0.010980065,0.055499928,0.187551994,0.242677824,0.166939693,0.088161209,0.589862568,0.754406846,0.31882451,0.281974052,0.133721704,0.018258083,0.046090535
113,Turkmenistan,0.028532009,0.003163041,0.003472575,0.001235414,0.058990297,0.105753439,0.778904665,0.008460578,0.420204978,0.009488856,0.282894737,1,0.036725778,0.947863644,0.038313953,0.004000954,0.037276613,0.577586207,0.002378134,0.000547261,0.367346939,0.001014685,0.027716433,0.006648202,0.079497908,0.013540231,0.437027708,0.659028104,0.754463522,0.491241275,0.127987033,0.060232031,0.475324959,0.018436214
114,Greece,0.00770266,0.002670139,0.010397763,0.009840793,0.16507062,0.044521116,1,0.012729518,1,0.025055921,1,0.21768914,0.014762795,0.808505517,0.013140988,0.000993324,0.00589844,0.85862069,0.007728803,0.002426856,0.489795918,0.012276688,0.033254577,0.0146428,0.142259414,0.162222925,0.021410579,0.551688244,0.755450641,0.041724011,0.774242268,0.082959739,0.375766999,0.011934156
115,Portugal,0.005378738,0.004106204,0.007898954,0.013804874,0.194065304,0.02507038,1,0.014797761,1,0.011492675,1,0.222432984,0.01468106,0.788365185,0.012742733,0.00713877,0.004765411,0.818965517,0.003248456,0.00044473,0.489795918,0.012985532,0.032251501,0.013823673,0.117154812,0.253423187,0.018891688,0.466205525,0.758527238,0.024541871,0.789709315,0.098512472,0.273509932,0.005349794
116,Armenia,0.001724179,0.001215956,0.002172626,0.012224856,0.034868608,0.181188097,1,0.005189421,1,0.007743229,1,0.199058987,0.003758111,0.746046732,0.00309157,0.000583691,0.015003252,0.663793103,0.005276213,0.000379806,0.673469388,0.002508489,0.013434342,0.001648129,0.041841004,0.092827123,0.11209068,0.617727065,0.764848574,0.224854682,0.384687129,0.096480075,0.06408819,0.00370823
117,Azerbaijan,0.005049716,0.004935425,0.006429396,0.014073121,0.036912942,0.067572376,0.892494929,0.006927793,0.80966325,0.005642431,0.756578947,0.266128461,0.016788172,0.729019144,0.013473837,0.014601812,0.014651687,0.653448276,0.00392521,0.00012849,0.612244898,0.002840183,0.062414696,0.025599827,1,0.123217796,0.20906801,0.624949149,0.765547586,0.296193533,0.197047539,0.069020828,0.244543851,0.013787243
118,Spain,0.029575127,0.010384328,0.04399795,0.011365895,0.256720948,0.033614207,1,0.004701705,1,0.061567991,1,0.136338728,0.041012276,0.655609054,0.029593023,0.028450167,0.01104827,0.893103448,0.008744349,0.000736564,0.551020408,0.029307,0.03290751,0.063950369,0.054393305,0.144768059,0.012594458,0.478936843,0.768576009,0.059859476,0.688803472,0.127494728,0.184405236,0.019053498
119,Albania,0.001606622,0.001338431,0.00204317,0.012853709,0.039522314,0.229845651,0.896551724,0.020596551,0.928257687,0.003544152,0.947368421,0.099836181,0.001857964,0.640716382,0.001315407,0.001105389,0.00184704,0.717241379,0.021417682,0.000154692,0.551020408,0.005290446,0.039857215,0.004789035,0.20083682,0.314232777,0.088161209,0.546977262,0.775090045,0.135109863,0.485969017,0.060512368,0.375288811,0.005349794
120,Kyrgyzstan,0.011679151,0.004341686,0.002570131,0.003649504,0.010670246,0.151174886,0.93306288,0.007505497,0.853587116,0.002801064,0.848684211,0.253602806,0.010058028,0.931695505,0.010319767,0.001602289,0.012988408,0.513793103,0.001899108,6.80E-05,0.428571429,0.000522743,0.108620119,0.028009317,0.464435146,0.098588924,0.256171285,0.702296889,0.775572741,0.48292335,0.215215627,0.118300042,0.101872647,0.014483539
121,Uzbekistan,0.026151612,0.017745599,0.019108228,0.008749509,0.015944815,0.363703881,0.969574037,0.003007785,0.814055637,0.030333105,0.790570175,0.378514335,0.077391007,0.927702174,0.079011628,0.010157368,0.043861022,0.575862069,0.007941129,0.000164564,0.551020408,0.000933567,0.019646097,0.026157755,0.041841004,0.046704476,0.176322418,0.673334585,0.777207863,0.438976748,0.128090976,0.164194801,0.636811969,0.019860082
122,Italy,0.017609087,0.01993056,0.049354194,0.025117654,0.299793322,0.023476401,1,0.006201871,1,0.119478478,1,0.114526529,0.044917694,0.499826925,0.024709302,0.036719123,0.007783826,0.875862069,0.016099294,0.000960804,0.530612245,0.039969492,0.004723723,0.011940026,0.10041841,0.227862259,0.013853904,0.525354248,0.781878019,0.02226445,0.814124801,0.12359887,0.347760889,0.050617284
123,Georgia,0.004061296,0.001837594,0.002681154,0.006995591,0.036854615,0.075231135,1,0.031075094,1,0.004513625,1,0.092095969,0.002387798,0.584923509,0.001541888,0.001918008,0.001535049,0.706896552,0.006878812,0.000104734,0.734693878,0.005858422,0.024292271,0.004056895,0.087866109,0.315362542,0.086901763,0.612944108,0.786067368,0.205272875,0.517945513,0.103557438,0.347831511,0.013787243
124,Montenegro,0.000792491,0.000237115,0.000475611,0.005474688,0.069335534,0.082659671,1,0.012542665,0.995607613,0.001193979,0.99122807,0.051166935,0.000203681,0.010620313,2.47E-06,0.000299475,0.003961129,0.75862069,0.804755749,0.00011594,0.714285714,0.016915005,0.046725977,0.00122162,0.092050209,0.242396683,0.005037783,0.544718778,0.789782522,0.155121568,0.530167913,0.06681122,0.262010664,0.00370823
125,Bulgaria,0.006476785,0.002018196,0.006252745,0.007811041,0.074790025,0.048553692,0.99188641,0.005899022,0.991215227,0.011088385,0.989035088,0.162646855,0.007427916,0.148241377,0.001212936,0.018798283,0.010854207,0.75862069,0.001614789,1.16E-05,0.653061224,0.006333291,0.026179165,0.007746115,0.10041841,0.14682988,0.050377834,0.562104467,0.790020564,0.062752172,0.748595405,0.141290807,0.081092109,0.002894979
126,Bosnia and Herzegovina,0.002979882,0.002055749,0.00197081,0.007995082,0.045986459,0.067505673,0.993914807,0.022008835,0.998535871,0.004524021,1,0.064420986,0.002977868,0.186146202,0.00043407,0.000342394,0.000684221,0.679310345,0.00412509,0.000945576,0.734693878,0.032157219,0.024787411,0.003460939,0.146443515,0.281187157,0.044080605,0.539895994,0.801185864,0.06297559,0.597664481,0.100595975,0.22928995,0.013787243
127,Serbia,0.005152652,0.004355495,0.005811191,0.012339514,0.056143459,0.07257477,0.987829615,0.036134055,0.988286969,0.008286061,0.987938596,0.123921239,0.007058399,0.123523671,0.000960465,0.019346686,0.001566694,0.725862069,0.002146237,1.02E-06,0.714285714,0.004679696,0.007333088,0.002697427,0.422594142,0.171080281,0.037783375,0.549360063,0.802136143,0.085560714,0.655005646,0.110356301,0.292487873,0.013787243
128,Croatia,0.003331386,0.002041542,0.002794919,0.00895952,0.119226455,0.035236448,0.99188641,0.04961211,0.994143485,0.005710443,0.996710526,0.033535779,0.000931807,0.106844451,0.000110465,0.000877444,0.000381395,0.796551724,0.011359776,0.001035005,0.612244898,0.048138463,0.006560315,0.001143189,0.255230126,0.226167612,0.031486146,0.532843459,0.812371002,0.059468897,0.733962336,0.073764131,0.377969401,0.004703704
129,Romania,0.013927953,0.010194368,0.012566465,0.010136285,0.096956834,0.051909383,1,0.021218483,1,0.013179107,1,0.069369804,0.008892447,0.221279402,0.002167151,0.020190749,0.001639726,0.75862069,0.004731277,0.000215572,0.755102041,0.020707413,0.016055421,0.01314596,0.092050209,0.176232008,0.05163728,0.560628017,0.82033596,0.08644088,0.656851854,0.123508429,0.325080365,0.050617284
130,Slovenia,0.001170102,0.001069597,0.001318444,0.012657916,0.211513264,0.022126141,0.993914807,0.030191212,0.992679356,0.002114652,0.993421053,0.090818199,0.001216172,0.004208941,5.67E-06,0.003614688,0.001628385,0.906896552,0.07225295,0.000293875,0.714285714,0.034687216,0.000460212,3.98E-05,0.138075314,0.261501005,0.001259446,0.532261699,0.822300751,0.07395596,0.70886125,0.062871611,0.282770269,0.003650617
131,France,0.032098919,0.014483546,0.061761703,0.014628025,0.349994662,0.018484743,1,0.006400751,1,0.065157484,1,0.082391884,0.034733646,0.118357271,0.004524709,0.086552217,0.006003246,0.89137931,0.02872349,0.000406307,0.510204082,0.068334054,0.004390863,0.011861239,0.138075314,0.224416476,0.027707809,0.495900079,0.823022434,0.145842644,0.716500752,0.142548737,0.177486244,0.041152263
132,Switzerland,0.00239972,0.002501119,0.007393518,0.02555137,0.729006747,0.007729541,1,0.01244535,1,0.011705526,1,0.040572906,0.002270583,0.092818972,0.000232703,0.003064855,0.001710324,0.982758621,0.072963763,0.005474175,0.653061224,0.319688189,0.011278959,0.003973235,0.221757322,0.402919312,0.025188917,0.513008116,0.828601305,0.069558156,0.658637266,0.09804555,0.292017258,0.020576132
133,Mongolia,0.09146433,0.001094263,0.002473123,0,0.032901315,0.124924024,0.318458418,0.021983596,0.478770132,0.000550389,0.552631579,0.028906869,0.000599873,0.545415225,0.00036468,0.000792561,0.000874584,0.613793103,0.009166222,0.000546892,0.265306122,0.018067214,0.002290202,0.000297087,0.347280335,0.043512891,0.14861461,0.785025276,0.829019768,0.492307388,0.112971784,0.086810743,0.297818425,0.016378601
134,Hungary,0.005425784,0.003163697,0.008171866,0.012926664,0.131524863,0.045673832,1,0.021025032,1,0.007845246,1,0.093715535,0.00590701,0.115813256,0.000753779,0.016013352,0.002010882,0.806896552,0.00582153,0.000152531,0.714285714,0.019397922,0.000751685,0.000304692,0.184100418,0.159313781,0.017632242,0.545085472,0.8318536,0.056029839,0.690540622,0.095700094,0.293737147,0.005783457
135,Austria,0.004890575,0.004116777,0.005997544,0.012997507,0.434803265,0.014266449,1,0.017328683,1,0.009048041,1,0.079958842,0.004581113,0.022192801,0.000112064,0.012851693,0.002497382,0.929310345,0.05905519,0.000689072,0.673469388,0.082347436,0.006881281,0.002528444,0.175732218,0.311408365,0.01511335,0.530994626,0.835194689,0.054127391,0.667488292,0.097139648,0.292017258,0.038271605
136,Kazakhstan,0.159354521,0.008734396,0.012357079,0.000585161,0.082449372,0.054374741,0.987829615,0.011794478,0.896046852,0.029539638,0.842105263,0.277298077,0.032122588,0.621583656,0.021976744,0.033304721,0.008079492,0.75862069,0.00070207,0.000135482,0.346938776,0.00568249,0.126132021,0.095004585,0.054393305,0.070909687,0.09697733,0.679986857,0.83994986,0.441201092,0.241969586,0.062902126,0.010912265,0.01909465
137,Ukraine,0.035284264,0.015294818,0.036292647,0.009036219,0.022159463,0.122994931,0.90872211,0.00774998,0.944363104,0.030169374,0.975877193,0.040842478,0.012055415,0.351046993,0.004659884,0.017057701,0.002898524,0.644827586,0.001040618,6.92E-05,0.489795918,0.006185389,0.035520751,0.065832828,0.192468619,0.505445466,0.070528967,0.578262341,0.84334857,0.096191713,0.579182397,0.163441113,0.092261027,0.028090535
138,Slovakia,0.002852382,0.002833356,0.003452118,0.01374885,0.158548256,0.028699214,1,0.018089096,1,0.003676397,1,0.019335777,0.000723264,0.057098203,4.59E-05,0.001102527,0.000614541,0.829310345,0.03890592,0.002197846,0.775510204,0.119553276,0.009040873,0.002051917,0.050209205,0.208797478,0.047103275,0.545642199,0.846084163,0.095373888,0.652152727,0.089160243,0.235280771,0.003865267
139,Luxembourg,0.000136273,6.08E-05,0.000607521,0.028543483,1,0.002663071,1,0.011631096,1,0.000528978,1,0.014162352,5.22E-05,0.00881738,5.81E-07,7.63E-06,0.000974854,0.922413793,0,0.083924609,0.632653061,1,0.002987849,7.37E-05,0.10460251,0.24802856,0.007556675,0.507040018,0.856912237,0.089993915,0.488662886,0.08926815,0.292017258,0.000823045
140,Belgium,0.001770384,0.000262137,0.013256537,0.04687733,0.400515813,0.007413418,1,0.003152121,1,0.009287341,1,0.070428813,0.005240645,0.011325278,6.54E-05,0.015307582,0.012735812,0.937931034,0.013950721,0.00050437,0.571428571,0.086720226,0.00036044,0.000171478,0.041841004,0.295591658,0.013853904,0.502318509,0.863416827,0.12600949,0.664916531,0.098512472,0.292017258,0.000411523
141,Germany,0.020879062,0.020998367,0.075210793,0.028900985,0.40528204,0.009766115,1,0.00366473,1,0.055245446,1,0.059266946,0.032105111,0.012327381,0.00043561,0.094182165,0.008693601,0.974137931,0.05882655,0.000915751,0.591836735,0.105146391,0.00138037,0.004753384,0.125523013,0.229359197,0.020151134,0.519334943,0.869668262,0.039135144,0.760143897,0.124262671,0.184295906,0.041563786
142,Poland,0.018273493,0.017125554,0.027185359,0.015041412,0.124552144,0.0330193,0.985801217,0.003135562,0.97510981,0.025521925,0.966008772,0.053070942,0.013239393,0.101505268,0.001479651,0.033547926,0.009054348,0.853448276,0.002658467,0.0003449,0.551020408,0.035525872,0.002221591,0.003512632,0.150627615,0.163098493,0.027707809,0.544066466,0.876787794,0.076081916,0.631776197,0.15107466,0.229869109,0.013580247
143,Netherlands,0.0021716,0.001709503,0.018378785,0.057106539,0.444452849,0.022162186,1,0.010516125,1,0.015849186,1,0.193140404,0.021117904,0.004783154,0.000111192,0.070290892,0.00393184,0.963793103,1,0.000146665,0.510204082,0.036049341,0.015474569,0.010973188,0.112970711,0.24562781,0.023929471,0.504655225,0.878801704,0.094692883,0.687220219,0.098512472,0.292017258,0.000781893
144,Ireland,0.004095218,0.001984145,0.003534091,0.008270601,0.640493901,0.013896464,0.957403651,0.021518812,0.969253294,0.007927112,0.975877193,0.035640785,0.001123662,0.208974984,0.000260174,0.000243205,0.00093897,0.975862069,0.001659708,0.047764718,0.448979592,0.286329475,0.005214937,0.001032673,0.171548117,0.332873896,0.01511335,0.466150336,0.890895557,0.235103045,0.486721476,0.09804555,0.292017258,0.017695473
145,Belarus,0.012126572,0.002328322,0.008752453,0.005484603,0.051666818,0.091276955,0.997971602,0.012051591,0.995607613,0.006566883,0.990131579,0.028767843,0.001828004,0.310116794,0.000626453,0.002112542,0.001188695,0.762068966,0.001157417,0.000714037,0.530612245,0.026071242,0.009357113,0.003683873,0.163179916,0.167278623,0.010075567,0.569124286,0.893700107,0.125426112,0.523152558,0.077591789,0.466761684,0.016790123
146,Lithuania,0.003803137,0.001055871,0.002293814,0.005240487,0.149402118,0.042163384,0.993914807,0.016936703,0.950219619,0.001622199,0.894736842,0.017047808,0.000332591,0.228591434,8.56E-05,0.00033238,0.000477836,0.85,0.000588721,0.003151828,0.489795918,0.120668167,0.004964297,0.000588469,0.158995816,0.158720654,0.017632242,0.557539991,0.907487647,0.074750689,0.707823038,0.070302658,0.235280771,0.005669383
147,United Kingdom,0.014232667,0.012546057,0.065230092,0.034260387,0.365645066,0.007615743,1,0.004333322,1,0.078407122,1,0.024302501,0.011056722,0.141226786,0.001719477,0.004816404,0.003720894,0.94137931,0.011619565,0.010031806,0.693877551,0.261731597,0.002253472,0.006264366,0.107112971,0.298980952,0.026448363,0.479827833,0.90945905,0.143004589,0.646370762,0.12359887,0.259296109,0.002880658
148,Canada,0.577815872,0.007681201,0.035310085,0.000217611,0.409054004,0.021150562,1,0.155403203,0.997071742,0.061542802,0.989035088,0.198217585,0.046769219,0.074519582,0.003835756,0.133857892,0.000948524,0.944827586,0.006948698,0.000233569,0.387755102,0.033985546,0.653482514,1,0.456066946,0.189280792,0.032745592,0.187067555,0.916565357,0.093690594,0.614305844,0.077651533,0.02270405,0.366875309
149,Denmark,0.002378642,0.000789426,0.005946356,0.017394755,0.521854841,0.016985875,1,0.002058887,1,0.004784731,1,0.024942233,0.000966105,0.443115296,0.000474855,0.000156891,0.005197574,0.95862069,0.038649491,0.039114623,0,0.301765961,9.95E-05,2.38E-05,0.129707113,0.189393768,0.020151134,0.51663324,0.917826413,0.108487958,0.700628031,0.098512472,0.292017258,0.000823045
150,Latvia,0.003761261,0.000699982,0.001553666,0.003556315,0.140358937,0.041700141,0.995943205,0.035225105,0.989751098,0.001168789,0.981359649,0.017418353,0.000230225,0.341350927,8.94E-05,0.000120172,0.000270027,0.820689655,0.000240557,0.003918157,0.367346939,0.108299944,0.014692977,0.001194288,0.757322176,0.164369478,0.018891688,0.559593649,0.923642382,0.106003265,0.714457234,0.081581768,0.37429909,0.000740741
151,Estonia,0.002636567,0.000460728,0.001046978,0.003415597,0.185687132,0.028399104,1,0.019091874,0.994143485,0.000727974,0.989035088,0.277389941,0.002337732,0.002534213,6.54E-06,0.008206962,0.005007155,0.872413793,0.001948116,1.68E-05,0.224489796,0.009520992,0.003945593,0.000216873,0.535564854,0.168888537,0.003778338,0.560761154,0.93984907,0.110149101,0.701616973,0.089963018,1,0.003738519
152,Sweden,0.026153367,0.001432657,0.010221451,0.002538349,0.495351928,0.017171496,1,0.034554736,1,0.012007799,1,0.047740228,0.003113165,0.031742569,0.000109012,0.006413925,0.000882926,0.968965517,0.065834861,0.001619982,0.081632653,0.158804444,0.103557199,0.042731737,0.284518828,0.191201392,0.006297229,0.542639516,0.95432901,0.141132847,0.709318891,0.093940128,0.224223586,0.001234568
153,Norway,0.022514225,0.001081642,0.005130499,0.001481503,0.682344768,0.023625131,1,0.145957393,1,0.009744529,1,0.103106928,0.003528674,0.315575847,0.001228052,0.005107296,0.000524356,1,0.018906999,0.002148617,0.265306122,0.105312653,0.179237927,0.039548039,0.150627615,0.392751429,0.005037783,0.51369485,0.957576582,0.135467373,0.600328419,0.076707762,0.054238023,0.113168724
154,Finland,0.019779518,0.000911529,0.005568203,0.001800885,0.419273332,0.027798133,1,0.039259186,1,0.005017733,1,0.068161116,0.002445617,0.026919693,7.27E-05,0.006757272,0.004034149,0.95,0.006395211,0.000776893,0.040816327,0.091416243,0.096282187,0.022106802,0.087866109,0.13976885,0.003778338,0.562850941,0.971293276,0.098234417,0.781661556,0.074013401,0.329158594,0.001234568
155,Iceland,0.006008893,2.35E-05,0.000352345,0.00015822,0.664289364,0.044560477,1,1,1,0.000987425,1,0.16998313,0.000357953,0.001083559,4.36E-07,0.000944206,9.52E-05,0.968965517,0.012335628,0.000283924,0.020408163,0.047622862,0.196717758,0.002740445,0,0.254185779,0,0.435492249,1,0.195029002,0.522827726,0.067675394,0.20261883,0.002469136
156,Bolivia (Plurinational State of),0.06423679,0.003842882,0.009032888,0.001032864,0.02995765,0.139975964,0.93306288,0.100874007,0.853587116,0.001692729,0.73245614,0.036756899,0.002736026,0.924304687,0.002790698,0.000152599,0.000298549,0.563793103,0.004441215,0.00583524,0.632653061,0.010591379,0.001516514,0.000707144,0.326359833,0.417888696,0.279596977,0.372191375,0.300049781,0.47945107,0.218742688,0.127796758,0.138973389,0.001605103
157,Brunei Darussalam,0.00032226,0.000109381,0.000372826,0.009018007,0.256494731,0.01285273,0.996348884,0.039389196,0.994143485,0.001887947,0.992105263,0.042986253,0.000113141,0.057907186,7.70E-06,0.002784359,0.000893142,0.810344828,0.069398229,0.001492328,0.469387755,0.064039978,0.003024896,5.35E-05,0.175732218,1,0.100755668,0.546220432,0.868849473,0.274189199,0.150947545,0.063777513,0.282770269,0.003650617
158,Cabo Verde,0.000220494,0.000213455,0.000402644,0.016553557,0.028548263,0.081265499,0.878296146,0.001097874,0.878477306,0,0.860745614,0.008631572,2.77E-05,0.93072347,3.63E-05,1.91E-06,0.002183079,0.472413793,0.00546472,0.014693787,0.616326531,0.041835844,0,0,0.058577406,0.034051111,0.141057935,0.45743718,0.530118823,0.428543308,0.131933621,0.071921627,0,2.67E-05
159,Congo,0.019987145,0.001984355,0.004125704,0.001631977,0.018065201,0.105880503,0.914807302,0.320222334,0.655929722,0.000782132,0.342105263,0.001969302,0.000112747,0.043846515,5.81E-06,0.000114449,0,0.406896552,0.004011552,0.003584968,0.346938776,0.079453189,5.02E-05,1.07E-05,0.09623431,0.460254875,0.254156171,0.608711449,0.512973758,0.434064612,0.221777816,0.077860912,0.267294386,0.039847737
160,Cte d'Ivoire,0.01884432,0.013571705,0.014478317,0.009297586,0.013363268,0.260847707,0.860040568,0.006772586,0.734992679,0.004010156,0.657894737,0.008078037,0.001519197,0.519026513,0.000872093,0.00115403,0.001314155,0.239655172,0.003804434,0.000745394,0.469387755,0.018814006,0.043473191,0.065604734,0.088702929,0.328637278,0.419395466,0.533243438,0.494120837,0.715428445,0.077451809,0.161953948,0.206023361,0.016049383
161,Czechia,0.004597616,0.003143526,0.009256512,0.016748149,0.184096616,0.02460681,1,0.002430805,1,0.007745748,1,0.029880172,0.002134708,0.028730036,6.77E-05,0.004612303,0.006430291,0.887931034,0.021417128,0.001272635,0.653061224,0.087847168,0.008535968,0.00378405,0.041841004,0.193093748,0.050629723,0.533232286,0.819880658,0.08168887,0.666677786,0.098512472,0.273509932,0.005679753
162,Democratic People's Republic of Korea,0.007034745,0.010985574,0.018623764,0.026329661,0.005305082,0.275980475,0.997971602,0.005967615,0.995607613,0.011350355,0.993421053,0.06851276,0.011369208,0.76742922,0.009607558,0.005460181,0.007197304,0.376206897,0.006528619,7.75E-05,0.612244898,0.001262256,0.023809753,0.025224269,0.041841004,0.244944303,0.344584383,0.457404294,0.58294524,0.599996457,0.140022888,0.309262894,0.019052099,0.014295802
163,Democratic Republic of the Congo,0.13712723,0.05133462,0.042304575,0.004122902,0.003286719,0.240481281,0.61663286,0.031003955,0.303074671,0.00583513,0.245614035,0,0.000890546,0.105723433,0.000104506,0.000700048,5.18E-05,0.143103448,0.003502337,0.002211779,0.387755102,0.036380283,1.85E-05,6.28E-05,0.128033473,0.437094697,0.191939547,0.53526916,0.526883342,0.465954546,0.198958387,0.098142061,0.000275457,0.006461481
164,Eswatini,0.001000118,0.001174335,0.000362843,0.00791271,0.028665392,0.100680505,0.870182556,0.007886922,0.62079063,0.00050001,0.658991228,0.194173571,0.001395674,0.946828123,0.001462209,9.87E-05,0.020135832,0.396551724,0.001880865,0.001386088,0.632653061,0.002731193,0.014835214,0.000695171,0.138075314,0.176401473,0.465994962,0.45743718,0.530118823,0.679804701,0.106469979,0.064647569,0.22928995,0.00370823
165,Grenade,4.68E-06,7.74E-05,2.60E-05,0.0408359,0.094069242,0.064717861,0.979716024,0.003548204,0.950219619,0.000130985,0.948464912,0.024506032,1.08E-05,0.14970786,3.05E-06,0,0.001823816,0.667241379,0.043206548,0.20758854,0.730612245,0.042963254,5.66E-06,2.61E-08,0.130543933,0.247011772,0.129722922,0.505465821,0.485454032,0.219612399,0.309730929,0.062864993,0.039460822,0.00082963
166,Iran (Islamic Republic of),0.102052347,0.023371805,0.071579886,0.005573572,0.050755229,0.114684365,0.953346856,0.003341477,0.944363104,0.078067064,0.913377193,0.236885207,0.122595037,0.926533718,0.125,0.005245589,0.021104328,0.734482759,0.006572787,0.002753989,0.653061224,0.003748048,0.0157138,0.052812229,0.154811715,0.05187315,0.222418136,0.496947704,0.492447931,0.461660118,0.138180417,0.127065861,0.085973242,0.006189877
167,Lao People's Democratic Republic,0.013834375,0.005061954,0.002774767,0.003448679,0.021435673,0.195778113,0.707910751,0.094347344,0.644216691,0.001617161,0.664473684,0.215482896,0.009611244,0.96398539,0.010203488,0.000810682,0.001232158,0.394827586,0.002139496,0.000374497,0.795918367,0.001268018,0.04356851,0.012620235,0.125523013,0.53933841,0.281360202,0.434509372,0.313044604,0.466741773,0.232105795,0.09970294,0.122384974,0.028160494
168,Myanmar,0.039558451,0.041820542,0.01917004,0.009689454,0.010411697,0.282138417,0.851926978,0.043030623,0.715959004,0.041832077,0.719298246,0.127326743,0.043870905,0.890145739,0.042979651,0.002376729,0.001499571,0.351724138,0.002965471,0.001026957,0.653061224,0.001289681,0.008298412,0.018455015,0.414225941,0.651185123,0.430730479,0.502786364,0.573538049,0.362107623,0.180855457,0.249075352,0.01445127,0.044436214
169,North Macedonia,0.001488479,0.000989828,0.001406332,0.009952191,0.048464047,0.094995804,0.995943205,0.00604656,0.991215227,0.003474881,0.987938596,0.080770867,0.001086247,0.397492675,0.000478514,0.001076822,0.00655472,0.663793103,0.011982951,0.000159774,0.673469388,0.0081708,0.03137323,0.002721194,0.020920502,0.168916782,0.046599496,0.45743718,0.530118823,0.108291865,0.481602987,0.070934473,0.22928995,0.001234568
170,Palestine,0.000336882,0.001333969,0.004408295,0.099105206,0.028897845,0.084921227,0,0.000346812,0.390922401,0.00226201,0.797149123,0.01457436,0.000485286,0.434006872,0.000235465,0.000152599,0.010661252,0.544827586,0.105023407,0.001758267,0.612244898,0.02830045,0,0,0.050209205,0.238623269,0.310831234,0.469863478,0.52223,0.441816645,0.197674424,0.080486707,0.025707625,0.000294239
171,Republic of Korea,0.005851565,0.01060478,0.049253342,0.063928763,0.28890141,0.022103616,0.993914807,0.002683185,0.964860908,0.084011768,0.867324561,0.107623779,0.035579908,0.592374799,0.023197674,0.021220792,0.022125696,0.915517241,0.027868749,0.002422752,0.714285714,0.042795147,0.010514471,0.022381964,0.117154812,0.246232234,0.02115869,0.511244456,0.862068679,0.092410665,0.688881702,0.094119912,0.60221701,0.013654321
172,Republic of Moldova,0.001964558,0.002617073,0.002024239,0.014859865,0.020794157,0.138558989,0.937119675,0.00594512,0.830161054,0.001843866,0.796052632,0.040958749,0.001096066,0.050259067,6.10E-05,0.003099666,0.003232478,0.579310345,0.01154688,5.21E-06,0.775510204,0.006062371,0.007922221,0.00133986,0.292887029,0.146264998,0.317128463,0.428022781,0.491781602,0.387403583,0.277115649,0.077874884,0.019976633,0.000650041
173,Russian Federation,1,0.041628915,0.126830167,0.000821563,0.099010846,0.042603764,0.977687627,0.061166943,0.954612006,0.223032202,0.903508772,0.089584943,0.084631537,0.291207638,0.027122093,0.133714831,0.001056681,0.774137931,0.000976224,0.000249098,0.408163265,0.01518718,0.157107524,0.952511195,0.292887029,0.131578055,0.041561713,0.498752386,0.412926433,0.155247081,0.519177362,0.056956775,0.038314714,0.366875309
174,Sao Tome and Principe,4.09E-05,6.44E-05,0.00015418,0.026928366,0.015351919,0.145987936,0.977687627,0.020706549,0.957540264,0.000164991,0.929824561,0.039016594,4.60E-05,0.629159963,3.72E-05,2.86E-06,0.000480123,0.396551724,0.005298267,0.001625231,0.616326531,0.005972532,0.005371928,4.63E-05,0.09623431,0.225399372,0.27581864,0.439451978,0.643186853,0.794845752,0.067184808,0.062622708,0.22928995,0.00370823
175,South Sudan,0.03766934,0.011406473,0.002864772,0.001882699,0.004589948,0.034146236,0.324543611,0.008923975,0.395314788,0.002410628,0.527412281,0.010710243,0.000856905,0.366631494,0.000348837,0.001072961,0.001090419,0.070689655,0.000508915,0.000542884,0.510204082,0.01554786,0.012552894,0.016252719,0.110460251,0.145414285,0.765743073,0.571989224,0.717705125,0.779419643,0.082704949,0.23118342,0.413288684,0.019860082
176,Syrian Arab Republic,0.010815306,0.009553901,0.011570466,0.011380869,0.00564102,0.249074382,0.843813387,0.001933227,0.855051245,0.018557049,0.859649123,0.200547036,0.022016596,0.879812556,0.021322674,0.002934669,0.032290243,0.294827586,0.001791758,0.000148612,0.551020408,0.000641074,0.032786785,0.023351,0.19832636,0.09952098,0.205289673,0.584360618,0.794646701,0.499232109,0.131690811,1,0.044732257,0.008477366
177,United Republic of Tanzania,0.055388967,0.043147176,0.022442603,0.007019194,0.00776434,0.345522722,0.537525355,0.003464391,0.349926794,0.006617262,0.402412281,0.01783527,0.006804389,0.898148148,0.006732558,0.000119218,0.003359534,0.256896552,0.003217836,0.01152304,0.632653061,0.005501987,0.054376667,0.123824117,0.079497908,0.30801907,0.512342569,0.603279254,0.441018971,0.718478527,0.076454819,0.287674187,0.180163077,0.005609218
178,United States of America,0.575101518,0.065468793,0.315696899,0.003914475,0.546472609,0.010529348,0.987829615,0.018569856,0.988286969,0.735385096,0.980263158,0.280251191,0.583820689,0.398642673,0.256104651,1,0.007306775,0.94137931,0.003570346,0.000280041,0.632653061,0.034549743,0.064569222,0.874465117,0.087866109,0.258507129,0.062468514,0.477546306,0.435895401,0.198468749,0.47214761,0.056222016,0.02270405,0.752674897
179,Venezuela (Bolivarian Republic of),0.053327321,0.004249598,0.033417876,0.003810952,0.069652397,0.064130374,0.898580122,0.088642115,0.89897511,0.064502559,0.757675439,0.157042918,0.029724803,0.742347636,0.024287791,0.003783023,0.001951168,0.624137931,0.005303895,0.002180473,0.551020408,0.007666046,0.152920466,0.187313883,0.146443515,0.505445466,0.331989924,0.386378716,0.279344667,0.46140457,0.221124185,0.134896915,0.627390232,0.010411687
180,Viet Nam,0.019357246,0.069609915,0.039873778,0.03573365,0.020388046,0.185432003,0.981744422,0.01838338,0.964860908,0.015169071,0.966008772,0.177176598,0.107785461,0.952734972,0.113008721,0.014659037,0.004701467,0.546551724,0.006558371,0.000393516,0.775510204,0.001762237,0.013483029,0.053137596,0.242677824,0.555719999,0.308312343,0.667179356,0.541303204,0.518517546,0.166408381,0.204928057,0.206915986,0.153045267
