,country,Total area of the country (excl. coastal water) (1000 ha),Rural population (1000 inhab),Urban population (1000 inhab),Population density (inhab/km2),GDP per capita (current US$/inhab),"Agriculture, value added (% GDP) (%)",Human Development Index (HDI) [highest = 1] (-),National Rainfall Index (NRI) (mm/yr),Total renewable water resources per capita (m3/inhab/yr),Total exploitable water resources (10^9 m3/yr),Dam capacity per capita (m3/inhab),Agricultural water withdrawal (10^9 m3/year),Industrial water withdrawal (km<sup>3</sup>/year or 10<sup>9</sup>m<sup>3</sup>/year),Municipal water withdrawal (km<sup>3</sup>/year or 10<sup>9</sup>m<sup>3</sup>/year),Total water withdrawal (10^9 m3/yr),Total water withdrawal per capita (m<sup>3</sup>/year per inhabitant),Capacity of the municipal wastewater treatment facilities (10^9 m3/yr),Agricultural water withdrawal as % of total water withdrawal (%),SDG 6.4.2. Water Stress (%),SDG 6.4.1. Water Use Efficiency (US$/m3),SDG 6.4.1. Irrigated Agriculture Water Use Efficiency (US$/m3),SDG 6.4.1. Industrial Water Use Efficiency (US$/m3),% of total cultivated area drained (%),Area salinized by irrigation (1000 ha),Flood occurrence (WRI) (-),Total population with access to safe drinking-water (JMP) (%),Rural population with access to safe drinking-water (JMP) (%),Urban population with access to safe drinking-water (JMP) (%),Population affected by water related disease (1000 inhabitants),"Mortality rate, infant (per 1,000 live births)",Net official development assistance and official aid received (current US$),nutrient security,population ages0-14,Population ages 65 and above (_ of total population),Resilience and securityStorage drought duration index(Total dam capacity_km3),Unnamed: 2
0,Afghanistan,65286,26558.609,8971.472,55.59555341,605.557362,23.658185,0.493,185,1799.917253,,55.35027952,20,0.1695,0.2034,20.3729,561.2970182,,98.1696273,54.75701944,0.923777773,0.120556899,28.22928878,,,3.7,55.3,47,78.2,,46.5,4284419922,157,42.47227139,2.615794214,2.009,
1,Albania,2773,1190.155,1740.032,104.0089794,4445.132198,19.01433,0.789,1136,10470.95368,13,1397.282892,0.905,0.2318,0.283,1.4198,492.273511,,63.74137202,7.139423077,6.656907137,1.220289415,9.331023806,39.95080307,12,2.7,95.1,95.2,94.9,,8.6,28409999.85,54,17.3995641,14.20263062,4.03,
2,Algeria,238174,11547.532,29770.61,17.37771083,4051.244377,11.946213,0.758,241.5,281.8852044,7.9,208.2488256,6.671,0.191,3.6,10.462,252.7713215,0.27,63.76409864,137.9203602,14.35461959,0.618339914,329.8714798,0.719756373,,2.8,83.6,81.8,84.3,,20,175720001.2,73,30.55037861,6.552777882,8.61925,
3,Andorra,47,9.12,67.845,163.8319149,39249.68902,0.483532,0.852,,4098.64807,,,,,,,,,,,,,,,,3.3,100,100,100,,2.8,,,,,,
4,Angola,124670,10472.554,19311.639,23.9165525,4100.291004,10.016996,0.576,1137,4977.065588,,316.7751325,0.1467,0.2396,0.3195,0.7058,23.6712459,,20.78492491,1.871883289,142.4678362,0.247981848,196.7907091,,,1.7,49,28.2,75.4,,50.2,49540000.92,48,46.62202503,2.19934175,9.44521,
5,Antigua and Barbuda,44,76.802,25.21,216.8772727,14390.24603,1.793599,0.774,,544.9248632,,52.61668728,0.0018,0.0025,0.0072,0.0115,120.5122294,,15.65217391,8.461538462,109.8390235,1.869824499,88.3892972,16.16,,3.6,97.9,97.9,97.9,,5.8,27440000.53,37,21.95473548,9.054964064,0.005021,
6,Argentina,278040,3652.804,40618.237,15.80245288,14517.29125,5.478382,0.832,1062,19943.0368,,2994.365701,27.93,4,5.85,37.78,859.8647978,0.295,73.92800424,10.45666408,13.61656379,0.118292364,32.63959504,4.104477612,584,2.5,99.1,100,99,5607,8.2,18250000,23,24.59552588,11.24310827,131.563865,
7,Armenia,2974,1081.248,1849.202,99.01785474,3933.682101,14.99426,0.758,352.1,2638.217789,,470.9706054,2.127,0.1224,0.6164,2.8658,973.1760251,,74.22011306,57.79705467,3.260519012,0.300616425,19.71887005,6.822411404,20.41,3.3,100,100,100,1.644,10.5,419730011,16,20.76595201,11.48366772,1.38691,
8,Australia,774122,3446.638,21003.923,3.175806914,57917.09369,2.597156,0.937,717.1,20012.51189,190,3164.022873,10.5,2.662,3.392,16.554,673.3478085,,63.42877854,6.411338963,72.2797509,0.469945848,106.2610897,,200,2.7,100,100,100,,3.1,,18,19.27544671,15.92120175,77.7863,
9,Austria,8387.9,3660.707,5074.746,105.1502879,47887.17438,1.203252,0.912,1126,8809.622693,93,241.2385354,0.0771,2.695,0.72,3.4921,395.9341494,1.142,2.207840554,9.643547941,100.7329373,3.364716309,33.98988045,,,3.3,100,100,100,,2.8,,48,14.36185763,19.07560629,2.1277,
10,Azerbaijan,8660,4388.663,5438.926,113.6872979,4158.357869,5.607369,0.752,459.7,3521.977955,,2188.085303,9.27,3.062,0.4496,12.7816,1298.241195,,72.52613131,56.44336498,3.665471529,0.223641979,8.12191345,26.03254602,288.2,3,87,77.8,94.7,,18.2,120980003.4,245,23.44191985,6.44638912,21.5424,
11,Bahamas,1388,67.508,327.853,27.50396254,30732.41923,0.789274,0.804,1320,1833.636757,,,,,0.031,,,,,,,,,,,,98.4,98.4,98.4,,,,28,,,,
12,Bahrain,78,161.409,1331.175,1915.482051,23739.14392,0.290996,0.839,,77.63995941,,0,0.1447,0.0141,0.2756,0.4344,290.7482618,0.073,33.31031308,133.7068966,76.21351986,0.621394286,948.6757614,28.26086957,1.065,0,100,100,100,,5.9,,,18.71869615,2.518809729,0,
13,Bangladesh,14797.7,105622.933,59046.818,1079.123269,1491.67341,13.413465,0.609,2309,7684.057626,,40.56099698,31.5,0.77,3.6,35.87,224.6291434,,87.81711737,5.723339482,5.715194816,0.745527094,76.68480614,17.48389779,100,4.9,86.9,87,86.5,,25.6,4482600098,30,27.21436538,5.180351348,6.477,
14,Barbados,43,196.693,89.026,665.655814,17423.25113,1.298674,0.813,,279.4935577,,,0.0548,0.0062,0.02,0.081,282.9872271,,67.65432099,87.5,52.09693956,0.911930449,82.53681064,,,3.6,99.7,99.7,99.7,,11.7,,103,17.05043115,16.23099033,,
15,Belarus,20760,2070.383,7397.955,45.52134393,5779.833675,7.565833,0.815,615.7,6126.83436,,328.0343094,0.431,0.443,0.523,1.397,147.8270743,1.35,30.85182534,4.604482531,32.02741327,0.065944778,35.14188205,49.68840952,,2.6,99.7,99.1,99.9,,2.4,214229995.7,45,17.03632015,15.20084135,3.1,
16,Belgium,3053,233.097,11196.239,374.0500491,44118.92566,0.637057,0.917,1070,1602.4872,1,12.63600563,0.045,3.21,0.739,3.994,349.7450206,,1.126690035,49.06633907,106.0715152,0.79485342,25.46683152,,,2.8,100,100,100,,2.7,,16,17.05820304,19.00656607,0.1443,
17,Belize,2297,203.824,170.857,16.35912059,4901.752333,11.204338,0.719,2013,57838.72539,,323.8691856,0.0684,0.0212,0.0114,0.101,268.7821507,,67.72277228,1.260294485,13.2831854,0.145567212,8.619814833,,,2.6,99.5,100,98.9,,10.6,37659999.85,18,29.70439576,4.86738926,0.1217,
18,Benin,11476,5949.046,5226.646,97.37886023,829.419035,23.018408,0.515,959.5,2361.479412,,2.102871019,0.059,0.03,0.145,0.234,20.93922631,,25.21367521,0.975243811,27.26190133,0.326537341,64.62042974,0.016558824,,3.6,77.9,72.1,85.2,,59,602210022,,42.20551877,3.264884925,0.0235,
19,Bhutan,3839.4,483.217,324.393,19.4187373,3130.235119,17.367124,0.615,2609,104618.9256,,0,0.318,0.003,0.017,0.338,453.3486774,,94.08284024,1.413807531,5.860524693,0.539235505,212.2096371,,,4.7,100,100,100,,23.8,181410003.7,,25.34019489,6.092974373,0,
20,Bolivia (Plurinational State of),109858,3417.155,7634.445,10.18847512,3393.959523,11.589328,0.7,1503,51282.71563,,53.16474662,1.92,0.032,0.136,2.088,186.5475788,,91.95402299,1.177001127,13.12862012,0.253041739,271.4587802,,21.91,3.1,90,75.6,96.7,,,,84,,,0.5950653,
21,Bosnia and Herzegovina,5121,1828.006,1679.011,65.4466901,5155.552675,5.601858,0.767,1019,11188.93638,,868.977555,,0.0718,0.3608,,,,,2.662018592,,,45.82621452,,,3.6,99.9,100,99.7,,5.1,464510009.8,41,14.69375947,17.20115117,2.9124,
22,Botswana,58173,717.29,1574.371,3.790555756,7595.147598,1.989855,0.724,430.4,5550.819018,1,503.2493152,0.069,0.0234,0.1006,0.193,87.52516915,,35.75129534,2.018195127,71.36955646,0.085727051,190.8515472,,,2.1,96.2,92.3,99.2,,32.3,68860000.61,32,33.76498732,4.365895341,1.109705,
23,Brazil,851577,28654.406,180633.872,24.40575814,9812.31098,4.634706,0.76,1934,41605.35506,,3370.172813,39.43,9.511,16.74,65.681,316.0265209,,60.03258172,3.105437352,22.0105277,0.290401779,30.62953569,2.020008819,15,3.1,98.1,87,100,,12.4,290230011,,21.00919373,9.251608036,700.4359,
24,Brunei Darussalam,577,97.263,331.434,73.56551127,28290.76622,1.086451,0.843,3564,20024.83079,,106.0444363,0.0053,,0.1515,0.092,216.739345,,5.760869565,3.466465712,,3.954019129,,,,2.3,,,,,9.6,,48,22.61652261,5.208811752,0.045013,
25,Bulgaria,11100,1794.614,5289.957,63.98598198,8321.113046,4.036052,0.813,543.3,2998.967679,,917.7685878,0.8345,3.942,0.882,5.6585,796.6975875,,14.74772466,41.82127282,7.930078984,0.092003904,2.727198563,,,3.2,99.4,99,99.6,,5.6,,30,14.68537892,21.25296727,6.5184,
26,Burkina Faso,27422,13676.652,5516.73,69.99210123,738.274757,21.334727,0.429,759,703.3728657,4.75,278.0965274,0.4207,0.0217,0.3756,0.818,42.61918549,,51.43031785,7.807839388,11.14139593,0.056650576,146.8388122,,,3.3,82.3,75.8,97.5,6172,53.9,1148810059,16,44.67782155,2.407287537,5.337571725,
27,Burundi,2783,9483.827,1380.418,389.0412864,296.110481,37.279454,0.421,997.8,1157.844094,,,0.222,0.015,0.0431,0.2801,25.87046351,,79.25740807,10.19286754,6.142078443,0.052767983,32.04312391,,,3.3,75.9,73.8,91.1,,39.9,588940002.4,,45.40064767,2.312095315,,
28,Cabo Verde,403,189.808,356.58,133.3741935,3239.065521,6.73869,0.647,144,558.1416117,0.065,0,0.025,0.0004,0.0016,0.027,50.23274505,,92.59259259,8.433333333,51.27383291,0.311356749,680.2347444,0,,,91.7,87.3,94,,12.8,152539993.3,20,28.40644803,4.698373444,0,
29,Cambodia,18104,12327.338,3678.035,88.43023089,1385.609732,23.36144,0.578,2348,29738.76175,,0.062463268,2.053,0.033,0.098,2.184,136.4197766,,94.0018315,1.036544851,6.999746947,0.339720711,189.7418656,,,3.9,75.5,69.1,100,507,22.8,984070007.3,34,31.09919594,4.717769196,0.001,
30,Cameroon,47544,10637.19,13416.537,51.67018551,1455.460927,14.372215,0.56,1694,11526.05872,,635.4545556,0.737,0.1046,0.2468,1.0884,44.30500553,,67.71407571,1.560430108,23.85536394,0.043450843,76.58152594,,,2.2,75.6,52.7,94.8,,50.2,1335219971,37,42.36213102,2.723649908,15.610623,
31,Canada,987975,6830.253,29793.946,3.717917457,45057.28723,1.772015,0.921,693.6,79004.47824,,22909.27593,2.639,28.07,4.888,35.597,969.0980054,10.3,7.413546085,3.679711638,41.6896946,0.39590758,12.97076728,,,1.9,99.8,99,100,,4.2,,115,15.84589974,17.64789689,841.5057,
32,Central African Republic,62298,2749.797,1909.283,7.377480818,428.701433,30.993355,0.376,1331,30678.69765,,,0.0004,0.012,0.0601,0.0725,15.77450766,,0.551724138,0.335648148,16.83252092,0.117386824,37.16369748,,,2.3,68.5,54.4,89.6,,81,753849975.6,31,43.92001576,2.81479015,,
33,Chad,128400,11494.121,3405.873,11.6952905,697.585531,34.045337,0.401,648.2,3043.267742,,,0.6722,0.1037,0.1037,0.8796,58.57458,,76.4211005,4.294921875,8.359339149,0.039689259,21.41510026,,,3,50.8,44.8,71.8,,69.1,707049987.8,14,46.82094474,2.491641623,,
34,Chile,75609.6,2258.558,15796.168,24.42869556,15383.58771,3.874239,0.845,2483,49974.98977,,715.5130422,29.42,4.744,1.267,35.431,1918.254352,0.974,83.03463069,8.982121089,6.408561684,0.248363934,14.10077269,1.288106236,33.6,2.5,99,93.3,99.7,,6,,17,19.49427286,11.88154013,13.21584,
35,China,960001.08,597816.52,843314.783,151.3149594,8843.579277,7.63339,0.753,1049,1955.23244,,571.6959714,385.2,133.5,79.4,598.1,411.7373028,62.46,64.40394583,43.22168826,20.98816234,2.05020545,38.88231194,6.393651744,6700,3.5,95.5,93,97.5,,6.8,-589979980.5,31,17.80450834,11.47219302,830.46,
36,Colombia,114174.9,9594.518,39471.097,42.83764558,6354.5494,6.387892,0.76,2862,48252.05006,,230.6760814,6.391,3.73,3.49,13.611,278.287565,0.608,46.95466902,2.036213427,19.03005579,0.423221049,19.19357697,2.538622676,300,3.7,91.4,73.8,96.8,7.089,11.8,902539978,83,22.62078466,8.765830007,11.28233,
37,Comoros,186.1,579.639,234.273,437.3412144,1308.519021,31.482424,0.539,2304,1474.397094,1.02,,0.0047,0.0005,0.0048,0.01,12.28664245,,47,0.833333333,69.46334888,0.092065402,248.1332853,,,1.6,90.1,89.1,92.6,,48.3,78239997.86,,39.28587378,3.055403427,,
38,Congo,34200,1764.522,3496.228,14.94355263,2086.959331,8.772373,0.609,1653,162795.8624,,1.761012935,0.004,0.024,0.0637,0.0917,17.94276512,,4.362050164,0.027446301,97.19945835,0.228561359,167.62043,,,1.7,76.5,40,95.8,175.2,,,29,,,0.009,
39,Cook Islands,24,4.374,13.006,72.94583333,19885.44277,2.921271,,,0,,,,,,,,,,,,,,,,,99.9,99.9,99.9,,,,,,,,
40,Costa Rica,5110,1051.813,3853.956,96.86798434,11858.39574,5.013779,0.792,2865,22828.49497,,403.3714253,2.302,0.24,0.652,3.194,645.2585216,0.099,72.07263619,5.450511945,16.38459045,0.404656109,40.08142843,14.14398595,,3.1,97.8,91.9,99.6,315.9,7.5,59759998.32,36,21.0786358,9.880435323,1.99667,
41,Cote d'Ivoire,32246,12068.187,12226.563,75.7845004,1570.209076,21.575709,0.512,1187,3443.07328,39,1524.04893,0.6,0.242,0.32,1.162,47.5499305,,51.63511188,5.087565674,23.16732202,0.216760654,36.58884034,,,2.3,81.9,68.8,93.1,1423,,,,,,,
42,Croatia,5722,1815.373,2373.98,73.10131073,13204.75154,2.935786,0.835,824.2,25221.9954,,229.9863467,0.076,0.184,0.455,0.715,170.9357982,,10.62937063,1.495998221,58.96846744,0.647232231,49.95287755,,,3,99.6,99.7,99.6,,4.1,,67,14.56222109,20.86013523,0.962,
43,Cuba,10747,2644.108,8840.528,105.5108775,8433.092699,3.800684,0.777,1103,3361.773182,24,499.3392863,4.519,0.74,1.7,6.959,613.7088031,,64.93749102,23.93944607,12.33314138,0.197943337,27.52399039,9.20202304,400,3,94.9,89.8,96.4,1033,3.8,499660003.7,23,16.04234991,15.56495916,5.662135,
44,Cyprus,925,391.192,788.359,127.5327568,26473.00761,2.020489,0.871,344.3,661.1973776,0.54,282.8788873,0.184,0.017,0.11,0.311,263.6312621,0.054,59.16398714,29.52433024,60.41558311,0.758347712,121.8310345,,,0,100,100,100,,1.8,,55,16.70708967,14.04826565,0.333706,
45,Czechia,7887,2795.276,7823.027,134.9186509,20334.09153,2.057569,0.888,707.1,1235.782162,,299.2472348,0.0466,0.9672,0.6166,1.6304,153.2181929,1.386,2.858194308,24.78710462,107.4473576,1.220257875,60.91825643,,,3.2,100,100,100,,,,16,,,3.1843,
46,Democratic People's Republic of Korea,12054,9768.556,15722.409,210.965862,684.600808,22.825973,,,3033.839203,,834.7035813,6.61,1.145,0.9028,8.6578,340.4584971,,76.34733997,27.7404678,1.739039425,0.371973227,5.768086691,,,3,99.7,99.4,99.9,,,,16,,,21.226366,
47,Democratic Republic of the Congo,234486,45647.604,35692.384,34.7136989,462.779322,19.893042,0.456,1571,15761.91009,,0.649493892,0.0719,0.1468,0.4649,0.6836,8.398161918,,10.51784669,0.226883505,44.61334042,0.199548416,104.254882,0.029323308,,1.9,52.4,31.2,81.1,,,,,,,0.052868,
48,Denmark,4093,701.971,5031.58,140.0506719,57454.28922,1.42793,0.929,694,1046.705025,2,3.48901675,0.3267,0.0329,0.3815,0.7411,129.2855157,0.795,44.08311969,20.04056247,368.6129021,2.202085382,1807.129434,,,0,100,100,100,,3.2,,37,16.40095872,19.96525913,0.02,
49,Djibouti,2320,213.906,743.079,40.69392241,2891.234525,1.428002,0.492,107.4,317.7632854,,,0.003,0,0.016,0.019,20.12500808,,15.78947368,6.333333333,,13.0777471,,,,2.9,90,64.7,97.4,,48.4,272480011,17,29.20497966,4.609063643,,
50,Dominica,75,22.044,51.881,95.27733333,7031.951803,13.449372,0.723,,2798.846875,,,0.001,0,0.019,0.02,279.8846875,,5,10,,0.004059697,,,,3.6,94.4,91.8,95.7,,30.9,51389999.39,29,,,,
51,Dominican Republic,4867,2123.575,8643.423,216.0078899,7059.653433,5.6675,0.741,820.9,2235.305577,2.469,215.5119934,7.563,0.6599,0.855,9.0779,863.4842764,,83.31221979,50.30979827,7.506169335,0.205185022,28.85673806,,50.34,3.7,84.7,81.9,85.4,,23.5,134440002.4,83,27.7086939,7.298389658,2.2657,
52,Ecuador,25637,6039.811,10585.047,65.47318719,6273.488892,9.329259,0.757,2575,26356.2994,,458.2445382,8.076,0.549,1.293,9.918,590.8720104,,81.4277072,6.782352941,9.028908108,0.676427587,56.27330857,2.111607143,,3.2,86.9,75.5,93.4,8.57,12,525049987.8,38,27.70696817,7.372199367,7.6918,
53,Egypt,100145,55893.406,41659.745,96.30295172,2000.297246,11.485285,0.696,106.6,596.2096145,49.7,1744.009076,61.35,5.4,10.75,77.5,803.5868717,4.745,79.16129032,116.9398907,4.379320712,0.646655587,20.14163611,80.990527,900,2.5,99.4,99,100,,,,15,,,168.196754,
54,El Salvador,2104,1832.049,4545.804,303.6181559,3908.521206,5.042074,0.665,1434,4112.317133,,607.2203335,1.431,0.213,0.474,2.118,331.5526337,,67.56373938,13.21272614,9.990202639,0.043892912,25.01515916,0.858369099,,3.8,93.8,86.5,97.5,12,11.4,305640014.6,26,26.85844526,8.469582569,3.879,
55,Equatorial Guinea,2805,359.435,908.254,44.99115865,9874.401949,2.287455,0.59,2447,20602.18605,,,0.001,0.003,0.0158,0.0198,15.68935707,,5.050505051,0.183503244,,,2136.603056,,,0,47.9,31.5,72.5,,60.4,64069999.69,,36.95679749,2.424508808,,
56,Eritrea,11760,3069.11,1999.721,29.02119898,1169.565874,17.461341,0.431,333,2143.342906,,12.92451888,0.55,0.001,0.031,0.582,170.5298115,,94.50171821,11.17511521,6.872905433,0.031105156,1051.063947,,,2.5,57.8,53.3,73.2,,30.5,276929992.7,,,,0.04411,
57,Estonia,4534,409.687,899.945,29.09991178,20508.89185,2.370887,0.879,621.4,9706.0005,,138.3214971,0.0045,1.721,0.0594,1.7849,1352.822138,0.445,0.252114964,19.30735931,11.82182494,0.110995472,2.966044938,106.4534884,,1.1,99.6,99,100,,1.9,,134,16.46326928,19.99180778,0.1825,
58,Eswatini,1736,1044.238,323.016,64.79291475,3251.938239,8.342751,0.603,648,4009.583883,,520.0812585,1.006,0.0207,0.0413,1.068,949.497913,,94.19475655,77.55991285,3.532410671,0.107163781,66.15353018,,,3.1,74.1,68.9,93.6,2.926,38.6,73400001.53,39,37.83143024,4.014789266,0.58499,
59,Ethiopia,110430,83640.582,21316.856,96.35056054,731.580209,33.78356,0.467,1073,1146.61736,53,295.902467,9.687,0.0511,0.81,10.5481,99.13634901,,91.83644448,32.25718654,4.317547931,0.08261782,331.9869228,,,3.2,57.3,48.6,93.1,,36.5,4809970215,40,40.33644118,3.516690455,31.484,
60,Faroe Islands,139.6,28.63,20.66,34.62106017,,,,,0,,,,,,,,,,,,,,,,,,,,,,,,,,,
61,Fiji,1827,400.76,504.742,48.02731253,5912.155229,10.531828,0.721,2376,32537.13279,,151.6150612,0.05,0.0096,0.0253,0.0849,96.75665758,,58.89281508,0.29737303,40.94970719,0.299503669,72.27030711,,,,95.7,91.2,99.5,,21.7,139070007.3,31,29.2936818,5.624229594,0.133036,
62,Finland,33845,810.547,4712.684,16.28415128,46180.40861,2.321235,0.924,518.3,19958.73622,3,3375.385181,0.05,1.417,0.4,1.867,338.7541866,,2.678093198,15.56082523,111.8047093,0.364372214,38.04234507,,,0.2,100,100,100,,1.9,,27,16.01634155,22.14064462,18.603,
63,France,54908.7,12879.012,52100.536,118.0915028,38566.56609,1.551766,0.89,818,3254.03818,100,153.9314279,3.113,18.15,5.175,26.438,407.7263574,4.95,11.77471821,23.14278211,83.62451756,1.636543645,20.9417578,,,2.5,100,100,100,,3.8,,39,17.80215787,20.39137028,9.9813,
64,Gabon,26767,223.245,1801.892,7.714062091,7372.081131,5.264797,0.7,1842,80394.30014,,106.5466628,0.0403,0.0141,0.0847,0.1391,67.36654909,,28.97196262,0.502166065,94.78987071,0.236123165,462.6100896,,,0.7,93.2,66.7,97.2,,31.1,116709999.1,39,37.1795456,3.544727257,0.22,
65,Gambia,1130,827.654,1272.914,195.9193805,716.451019,21.001895,0.459,598.4,3613.550634,,,0.0392,0.0212,0.0412,0.1016,45.89209305,,38.58267717,2.209656372,10.36088055,0.060025871,11.38765256,,,1.5,90.2,84.4,94.2,,,,61,,,,
66,Georgia,6970,1634.019,2278.042,57.5138594,4151.94766,6.240133,0.783,1140,15798.07599,,851.6193215,1.060819084,0.402206288,0.359974628,1.823,454.75908,,58.19084391,5.938110749,7.350328656,0.391925758,7.025717116,37.0278777,113.6,3.6,100,100,100,,8.5,496730011,27,20.03142542,15.06105563,3.4139,
67,Germany,35725,18672.1,63442.124,231.374133,44642.74205,0.831436,0.938,835.5,1863.089332,101,48.3919307,0.2997,19.75,4.388,24.4377,295.6468712,,1.226383825,33.50191886,128.5673392,3.351689352,44.44991706,,,2.9,100,100,100,,3.2,,36,13.79948848,21.56299232,4,
68,Ghana,23854,12857.864,15975.765,122.0821036,2046.043362,19.696155,0.591,1112,1929.847966,,5099.481431,1.07,0.095,0.2996,1.4646,50.29279949,,73.0574901,6.314734089,27.57753458,0.141836704,162.9373773,,1.48,3,88.7,84,92.6,,33.9,936320007.3,47,37.36487213,3.097322178,148.50437,
69,Greece,13196,2374.332,8785.441,80.09586238,18243.10246,3.702882,0.871,597.8,6471.481487,29,1165.812791,9.041,0.2083,1.991,11.2403,1063.470663,0.846,80.43379625,22.73922719,15.18615178,0.440354661,114.1795652,,,2.4,100,100,100,,3.3,,40,13.89659859,21.94147013,12.322,
70,Grenade,34,68.831,38.994,326.1,10439.93149,5.37153,0.76,,1803.849415,,0.198423436,0.0021,0,0.012,0.0141,127.1713837,,14.89361702,7.05,,2.461727322,,,,,96.6,95.3,99,,,,,,,0.000022,
71,Guatemala,10889,8341.671,8571.832,155.3399761,4470.96539,10.058168,0.649,2216,7561.940695,,27.42187004,1.886,0.6031,0.835,3.3241,196.5182321,,56.73716194,5.742097081,18.36791412,1.065568634,25.6713835,0.058679707,5,3.5,92.8,86.8,98.4,1880,20.7,393850006.1,21,33.85933214,4.928984331,0.463840109,
72,Guinea,24586,8165.321,4551.855,49.08288864,779.651277,17.833962,0.463,1638,18727.95891,204,152.2268165,0.2929,0.0562,0.2248,0.5739,47.55741425,,51.03676599,0.883076923,14.23062328,0.069143598,61.1097434,0.532631579,,1.1,76.8,67.4,92.7,,63.8,580679992.7,104,43.44998914,2.94190559,1.837,
73,Guinea-Bissau,3613,1061.947,799.336,50.59908663,725.401249,49.157808,0.46,1223,17175.88047,0.35,0,0.144,0.0119,0.0341,0.19,103.9304869,,75.78947368,1.495726496,2.891567776,0.110060119,11.85644916,,,1,79.3,60.3,98.8,,52.3,120510002.1,59,42.15366371,2.863260455,0,
74,Guyana,21497,571.434,206.425,3.60618691,4570.504571,13.206888,0.668,2177,349577.2824,,1043.765528,1.363,0.0204,0.0613,1.4447,1863.595202,,94.34484668,3.298401827,1.929147117,0.169910083,51.18752206,31.93617021,,2.4,98.3,98.3,98.2,,24.4,113269996.6,27,27.92993053,6.711584305,0.80915,
75,Haiti,2775,5013.421,5967.808,395.7609369,775.972532,18.266091,0.501,1226,1276.774058,,27.04335295,1.209,0.051,0.19,1.45,132.0298377,,83.37931034,13.38379177,4.893885794,0.204239856,51.51874432,,,3.9,57.7,47.6,64.9,,48.2,726469970.7,30,32.8585874,5.063669546,0.297,
76,Holy See,,0,0.792,,,,,,0,,,,,,,,,,,,,,,,2.9,,,,,,,,,,,
77,Honduras,11249,4034.31,5230.757,83.82089964,2493.320528,12.844979,0.621,1618,9774.511924,,615.616502,1.178,0.114,0.315,1.607,170.4314121,,73.30429372,4.621268764,11.98979354,0.205350533,47.24389991,3.604651163,,3.6,91.2,83.8,97.4,,14.5,457570007.3,86,31.15942483,4.828189524,5.804656,
78,Hungary,9303,2813.212,6908.347,104.5880146,14556.36725,3.798119,0.841,587.5,10688.78642,,26.35196961,0.5186,3.358,0.6245,4.5011,462.6086209,,11.52162805,7.77029361,23.88020301,0.331686268,9.231306152,,,3.5,100,100,100,,3,,50,14.43321973,19.69445761,0.2564,
79,Iceland,10300,20.862,314.163,3.246533981,73108.08321,3.706134,0.935,923.4,508383.8477,6,6896.376419,0.0003,0.198,0.08,0.2783,832.2542637,,0.107797341,0.394075282,58.33898906,0.702832207,15.29440188,,,0.1,100,100,100,,1.6,,6,19.64717091,15.19212107,2.3061,
80,India,328725.9,889216.746,449963.381,407.2319172,1960.222536,15.619457,0.643,1502,1427.45435,1088.7,184.8561634,688,17,56,761,568.4717988,4.573,90.40735874,66.49209283,2.820582855,0.408851817,35.16701869,3.42257602,3300,3.9,94.1,92.6,97.1,44000,28.3,2610580078,30,26.61826465,6.377924156,247.4626545,
81,Indonesia,197952.9,119696.518,144294.861,133.6939055,3846.426581,13.154171,0.704,2929,7627.78256,2430,90.68826249,189.7,9.135,23.8,222.635,841.2400903,0.301,85.2067285,29.69654528,3.745190995,0.23915298,39.64564048,6.530214425,400,3.1,87.4,79.5,94.2,5.111,20.2,-629950012.2,29,26.21511948,6.050302682,24.000736,
82,Iran (Islamic Republic of),174515,20782.6,60380.188,46.22747787,5679.648509,9.499745,0.799,207.1,1698.75299,,550.8820246,86,1.1,6.2,93.3,1156.508111,0.885,92.17577706,81.28908129,4.773850191,0.374489768,129.2750653,9.152151484,2100,3.2,96.2,92.1,97.7,,,,43,,,44.441792,
83,Iraq,43505.2,11375.936,26898.682,86.31791372,4980.948425,2.92323,0.684,225,2392.898678,,4042.310475,35.27,2.05,1.23,38.55,1026.55513,1.091,91.49156939,54.12640449,4.740492943,0.086863562,42.59664371,,1762,2.4,86.6,70.1,93.8,,21.8,2211909912,42,38.02092726,3.398533134,151.8,
84,Ireland,7028,1764.335,2997.322,67.63345191,70492.92173,1.172684,0.939,1202,10939.81649,43,182.8211641,0.179,0.051,0.631,0.861,181.1381154,0.757,20.78977933,3.64292589,349.7670678,0.094563183,2206.286394,,,2.2,97.9,97.8,97.9,,2.8,,47,21.15037496,14.22283075,0.869,
85,Israel,2207,637.763,7683.807,373.5318532,42450.33189,1.160826,0.904,391.6,215.9185856,1.636,,1.249,0.072,0.983,2.304,279.4811355,,54.21006944,103.3560521,125.6368321,1.475294063,794.4120747,20.70393375,27.82,2.9,100,100,100,,3,,45,27.88557191,12.20867441,,
86,Italy,30134,17722.588,41637.312,201.3463231,33049.35427,1.964175,0.881,830.2,3152.931119,123,165.6005787,17,7.7,9.488,34.188,563.4731265,,49.72504973,29.99885452,48.99527206,0.917270035,46.52887329,,,2.6,100,100,100,,2.7,,30,13.16665751,23.01213665,10.0476,
87,Jamaica,1099,1289.697,1600.602,265.7732484,5122.769551,6.632972,0.725,1328,3705.430752,3.852,1.865896479,0.114,1.1,0.14,1.354,463.5640061,,8.419497784,12.4734362,8.647570869,1.707760683,2.19278051,,,3.5,93.8,89.4,97.5,,11.9,127069999.7,11,23.5312194,8.922391673,0.00545,
88,Japan,37797,10791.174,116693.276,337.335569,38121.90866,1.189257,0.913,1578,3372.476941,,246.8454694,54.43,11.61,15.41,81.45,638.8098764,14.71,66.82627379,37.34344828,54.79946858,0.74200861,102.8591893,,,3,100,100,100,,1.8,,55,12.57303102,28.00204928,31.47347,
89,Jordan,8932,897.788,8804.565,109.5593708,4195.802289,5.542581,0.722,148.8,95.75056538,,28.09364507,0.5547,0.0325,0.4569,1.0441,106.694947,0.148,53.12709511,100.077528,34.98204396,2.148811046,293.4503509,3.966037736,2.277,3,96.9,92.3,97.8,,13.4,2797189941,57,33.56224213,3.893416292,0.27492,
90,Kazakhstan,272490.2,7766.771,10437.728,6.635107978,9162.888194,4.516985,0.813,274.5,5996.122017,,4421.837167,15.12,6.984,2.347,24.451,1352.376897,0.365,61.83796164,31.13730929,7.13553973,0.040001012,8.444551563,1.161648661,404.3,1.7,92.9,85.6,99.4,3.22,9.3,54409999.85,19,28.88124994,7.652343941,79.9469,
91,Kenya,58037,36498.515,13201.347,86.53297379,1584.659911,34.828737,0.574,902.1,611.2963341,0.6,493.5227279,3.234,0.303,0.495,4.032,80.28491268,0.125,80.20833333,33.23990107,10.55128668,0.228062408,33.69755832,,30,3.8,63.2,56.8,81.6,,31.9,3250969971,73,39.19337426,2.42382671,24.785275,
92,Kiribati,81,54.402,61.996,140.9358025,1594.344097,24.09815,0.623,,0,,,,,,,,,,,,,,,,,66.9,50.6,87.3,,40.1,56659999.85,162,35.83830757,4.082274714,,
93,Kuwait,1782,0,4136.528,227.6149832,28897.24196,0.510137,0.809,67.35,4.930846116,,,0.7784,0.0233,0.4483,1.25,308.1778822,0.301,62.272,3850.5,102.435536,0.746018913,2535.556035,0.012987013,4.08,0.6,99,99,99,,6.8,,43,21.56983829,2.763838983,,
94,Kyrgyzstan,19995,3860.7,2184.417,30.9564041,1274.241408,12.514579,0.671,372.5,3815.673471,,3807.918694,7.1,0.336,0.224,7.66,1237.533186,,92.68929504,50.03895598,0.836195637,0.108203205,5.329101913,10.84469864,49.5,2.1,90,86.2,96.7,122.8,,,117,,,23.57,
95,Lao People's Democratic Republic,23680,4501.174,2356.986,29.36247889,2457.379901,16.199682,0.602,1933,47964.66579,,1527.390557,7.02,0.17,0.13,7.32,1052.777672,,95.90163934,4.771838331,1.746073507,0.121899463,19.47389108,,,3.9,75.7,69.4,85.6,,,,36,,,10.62,
96,Latvia,6457,622.436,1327.234,30.2167725,15527.24692,3.469814,0.849,605.4,17907.87439,1.8,515.0948415,0.0615,0.0252,0.0944,0.1811,92.81957791,,33.9591386,1.067177372,132.4173946,0.013705917,182.9953741,,,1.8,99.3,98.3,99.8,,3.1,,187,16.30775621,20.336511,1.005,
97,Lebanon,1045,703.805,5378.552,652.5715789,8778.471832,2.924566,0.732,557.5,660.3246369,2.08,33.43415883,0.7,0.9,0.24,1.84,269.8195274,3,38.04347826,58.79299156,25.64012067,1.410902116,7.057737771,3.875968992,1,2.8,99,99,99,,6.2,1525489990,215,25.57221984,7.273291633,0.228,
98,Lesotho,3036,1614.034,619.305,68.89110672,1154.64483,5.17101,0.514,734.9,1444.872519,,1373.821798,0.0038,0.02,0.02,0.0438,20.94156729,,8.675799087,2.565905097,49.29573206,0.015886049,33.22105521,,,3.3,81.8,77,94.6,,68.1,145979995.7,37,32.46691711,4.925825825,2.873395,
99,Liberia,11137,2332.953,2398.953,42.22165754,453.383621,82.644212,0.466,2413,49338.33465,,50.74192521,0.0123,0.0534,0.0802,0.1459,31.02785787,,8.430431803,0.264311594,4.136983936,0.034143291,3.260132689,,,1.9,75.6,62.6,88.6,,62.2,597309997.6,28,40.75291845,3.285693974,0.2386,
100,Libya,175954,1286.565,5088.051,3.740025234,3940.67063,0.821376,0.704,140.6,106.3712747,0.635,59.24728039,4.85,0.28,0.7,5.83,885.9207589,0.074,83.19039451,817.1428571,3.793107867,0.016367317,52.18621218,0.43902439,190,0,71.2,68.3,72.1,,9.9,316010009.8,,28.06827699,4.458238878,0.38989,
101,Liechtenstein,16,32.493,5.429,236.25,172799.8047,0.13173,0.916,,0,,,,,0.0079,,,,,,,,,,,3.3,,,,,,,,,,,
102,Lithuania,6528.6,938.898,1951.399,43.58383114,16521.10774,3.508087,0.866,585.4,8610.346333,,174.0344287,0.0589,0.0697,0.1304,0.259,91.02366123,,22.74131274,1.867339582,147.5173016,0.033542823,147.6332648,,,2.4,96.6,90.4,99.7,,3,,44,15.13545128,20.15841271,0.4952,
103,Luxembourg,259,54.103,529.352,228.5366795,110003.2474,0.244585,0.908,,5913.061107,2,104.7456539,0.0004,0.0016,0.0436,0.0456,77.038739,0.049,0.877192983,3.781094527,1221.061026,0,3874.877551,,,3.1,100,100,100,,2.2,,31,15.70723484,14.27494888,0.062,
104,Madagascar,58729.5,16231.87,9339.025,43.53946824,515.285585,24.550138,0.518,1541,13179.24334,,19.29801015,13,0.1619,0.395,13.5569,530.177104,,95.89212873,11.34468619,0.743273285,0.105191422,14.53548875,12.32222222,,2.6,51.5,35.3,81.6,,36.5,756169982.9,69,40.36683998,3.044064128,0.49346,
105,Malawi,11848,15509.514,3112.59,149.1407495,340.870048,28.176121,0.482,1125,977.9178454,,2.363018497,1.166,0.0477,0.1431,1.3568,76.78466045,,85.9375,17.50483809,3.101513728,0.034947993,18.6501543,,,3.3,90.2,89.1,95.7,,30.9,1206219971,68,43.46868847,2.642024179,0.041755,
106,Malaysia,33080,7764.814,23859.45,94.02855502,10085.77479,8.611101,0.802,3194,18646.73207,,721.7630447,2.505,1.641,1.342,5.488,176.4366648,3.138,45.64504373,3.43948718,55.02887889,0.997881077,72.11192086,11.32543467,,3.1,98.2,93,100,7,7.3,5989999.771,63,23.69497915,6.920771309,22.450184,
107,Maldives,30,264.503,171.827,1654.673333,10854.16923,5.372112,0.716,,60.43488946,,0,0,0.0003,0.0056,0.0059,11.88552826,,0,15.66666667,,,1497.595986,0,,,98.6,97.9,99.5,,6.5,72080001.83,36,19.90967185,3.641000239,0,
108,Mali,124019,10833.712,7708.268,14.92709182,829.238323,37.831081,0.426,577.6,6482.131195,,745.1749986,5.075,0.004,0.107,5.186,280.1361031,,97.85962206,8.00308642,1.721866725,0.043689701,695.7732313,,,2.6,77,64.1,96.5,2291,60.2,1863209961,22,47.304697,2.495127818,13.795,
109,Malta,32,23.498,407.337,1368.540625,29664.30781,0.792872,0.883,,115.3144431,0.015,0,0.0254,0.001,0.0374,0.0638,145.6843855,,39.81191223,85.14851485,164.7435093,1.498186365,1257.909165,0,0,0,100,100,100,,6.1,,75,14.32879475,20.81717275,0,
110,Marshall Islands,18,12.413,40.714,322.5444444,3910.437649,16.556998,0.696,,0,,,,,,,,,,,,,,,,,94.6,97.6,93.5,,26.4,65970001.22,,,,,
111,Mauritania,103070,2085.278,2334.906,4.155011158,1597.806534,21.283142,0.524,190.3,2661.952986,0.88,116.752324,1.223,0.0318,0.0954,1.3502,315.2779756,,90.57917346,13.24621733,3.832713273,0.331365854,50.38587274,3.109489051,,2.5,57.9,57.1,58.4,111.6,50.1,412179992.7,35,39.88891432,3.156243813,0.5,
112,Mauritius,204,748.44,516.698,619.852451,10480.55486,3.095794,0.793,,2175.565184,1.083,73.44410711,0.344,0.012,0.26,0.616,487.149456,,55.84415584,22.173755,17.60014701,0.354810127,166.1015542,0,0,,99.9,99.8,99.9,0,14.3,22180000.31,52,17.25970884,11.99872723,0.09287,
113,Mexico,196438,26004.525,103158.751,63.51995235,8967.170167,3.38099,0.765,1052,3701.698235,,1220.430084,66.8,6.814,14.23,87.844,704.0061221,4.8,76.043896,32.94972017,12.93557207,0.246428357,51.73671558,19.57928803,384.2,2.9,96.1,92.1,97.2,,12.2,535789978,129,26.18511815,7.416660604,152.282,
114,Micronesia (Federated States of),70,81.683,23.861,159.2271429,3435.533995,25.931932,0.612,,0,,,,,,,,,,,,,,,,,89,87.4,94.8,,,,,,,,
115,Monaco,,0,38.695,,166204.2883,,,,,,,0,0,0.005,0.005,130.2354657,,0,,,,,,,2.8,100,,100,,2.5,,,,,,
116,Mongolia,156411.62,973.037,2102.61,1.990763858,3717.473332,10.345742,0.729,177.5,11176.10523,,80.28811229,0.2509,0.1662,0.0453,0.4624,148.5008925,,54.26038062,3.395007342,22.25559069,0.522252748,27.42902822,,,1.3,64.4,59.2,66.4,,13.4,314529998.8,89,30.79828114,4.189333452,0.25,
117,Montenegro,1381,210.847,418.113,45.44265025,7721.655345,6.853876,0.813,,,,1638.082551,0.0017,0.0628,0.0964,0.1609,256.3886016,,1.056556868,,20.84890131,45.85159709,7.542811795,,,3.5,99.7,99.2,100,,2,96940002.44,28,18.15021649,15.38917207,1.028,
118,Morocco,44655,13613.878,22125.702,79.68033815,3069.826908,12.358948,0.675,287.9,815.0358946,20,504.7177229,9.156,0.212,1.063,10.431,293.1599799,,87.7768191,50.75121202,8.435295817,0.42631716,123.0274495,7.271468144,150,2.9,85.4,65.3,98.7,,18.3,757859985.4,20,26.96951716,7.300454771,17.95849,
119,Mozambique,79938,19149.788,10519.046,35.83904776,445.554402,25.043681,0.442,1005,7577.92117,,2587.752571,1.076,0.025,0.372,1.473,51.41537487,,73.04820095,1.751486326,7.619941221,0.05874665,144.8743808,,2,3,51.1,37,80.6,,54.8,1907780029,29,44.36800049,2.878446169,74.13657,
120,Myanmar,67663,37187.526,16183.083,78.89470316,1245.826398,23.33474,0.577,2329,21876.07356,,290.9191834,29.57,0.4984,3.323,33.3914,625.5118365,,88.55573591,5.801501397,1.772520971,0.168960054,49.58149569,1.538388113,,3.2,80.6,74.4,92.7,,35.8,2079929932,105,25.91440126,6.0117046,15.53,
121,Namibia,82429,1292.108,1241.686,2.914790911,5354.102245,6.954911,0.643,339,16610.94308,0.65,294.898555,0.201,0.014,0.073,0.288,119.8684943,0.007,69.79166667,0.861552567,35.20359816,0.066692575,217.0511157,0.24691358,1.3,2.1,91,84.6,98.2,,30.7,148410003.7,58,36.90591013,3.608054423,0.708533,
122,Nauru,2,0,11.359,528.65,11778.66744,2.378466,,,945.8053533,,,,,,,,,,,,,,,,,96.5,,96.5,,25.7,54330001.83,,,,,
123,Nepal,14718,23638.57,5666.428,187.7475268,873.142986,27.084171,0.574,1751,7606.934702,,3.086924501,9.32,0.0295,0.1476,9.4971,343.6908637,,98.13522023,8.311832662,2.127185275,0.606124211,92.82768862,,,4.5,91.6,91.8,90.9,,25.6,1360739990,20,29.5703756,5.782567617,0.0853,
124,Netherlands,3739,1520.119,15515.819,455.2379513,48947.68,1.855595,0.932,893.1,5346.227887,1.9,542.4952561,0.0765,14.74,1.26,16.0765,944.4904684,3.421,0.475849843,15.16688817,44.20930522,56.97579314,8.960620813,,,2.5,100,100,100,,3.5,,33,15.88349624,19.60531972,9.234,
125,New Zealand,26771,636.894,4068.924,17.56390871,43651.46822,5.814862,0.92,1154,69544.37165,,3591.573349,3.207,1.184,0.81,5.201,1106.117055,,61.661219,8.04808476,33.30312278,2.876699109,28.55956957,,,1.7,100,100,100,,3.9,,68,19.56660408,15.99395617,16.8877,
126,Nicaragua,13037,2592.801,3624.78,48.97481016,2226.522932,15.072118,0.653,2013,25767.26205,,5012.722312,1.185,0.0736,0.286,1.5446,241.9165631,,76.71889162,2.692428472,6.955392845,0.214727002,41.03740522,,,3.6,87,69.4,99.3,214,14.3,389239990.2,40,29.854853,5.457992374,32.00546,
127,Niger,126700,17965.903,3511.445,17.05002526,520.085384,36.006794,0.373,310.4,1576.215067,5,4.334892328,1.536,0.036,0.1789,1.7509,81.05124703,,87.72631218,7.453924915,3.603993269,0.004195978,55.53536728,,0.35,3.4,58.2,48.6,100,3143,46.7,1490349976,58,49.84216915,2.596711426,0.093644,
128,Nigeria,92377,96361.295,94525.016,206.6242073,1968.552472,20.845226,0.533,1295,1499.424403,59.51,265.4470262,5.51,1.965,5,12.475,65.35751024,,44.16833667,9.668217054,30.81603801,0.219109025,53.91388678,,100,3.1,68.5,57.3,80.8,,74.2,3517320068,26,43.6875302,2.743083338,50.666735,
129,Niue,26,0.905,0.713,6.188461539,,,,,0,,,,,,,,,,,,,,,,,98.5,98.6,98.4,,,,,,,,
130,North Macedonia,2571,880.172,1202.988,80.98000778,5427.843757,7.873083,0.758,621.5,3073.973245,3,1099.858021,0.329217708,0.225809582,0.2775,0.832527289,399.8697833,,39.54437433,25.26621491,10.17342533,0.682738114,9.565521438,,,3.3,99.4,98.9,99.8,,5.3,141800003.1,11,16.39360314,14.08542237,2.2899,
131,Norway,38520.8,961.814,4343.569,13.74926274,75092.40243,1.976463,0.953,1414,74202.38105,275,6283.582242,0.8449,1.071,0.7753,2.6912,508.1258216,0.929,31.39491677,2.046463878,128.7703217,1.077241275,101.3402936,,,1.3,100,100,100,,2,,42,17.41297454,17.27266592,33.2799,
132,Oman,30950,762.22,3874.042,15.07569628,17099.28119,2.188219,0.833,23.44,300.0474932,0,18.94156961,1.607,0.135,0.13,1.872,401.2063624,0.037,85.84401709,116.7142857,37.12259004,0.910501427,260.6077301,,,1.9,93.4,86.1,95.5,,9.8,,16,22.41839475,2.448589805,0.08838,
133,Pakistan,79610,125220.255,71795.7,261.1558962,1538.413187,22.880883,0.558,355.6,1187.073735,,133.7537181,172.4,1.4,9.65,183.45,882.3690302,0.1237,93.97656037,122.6918594,1.435567923,0.300302743,34.35266781,47.30806487,7003,3.9,91.4,89.9,93.9,,55.7,2170739990,39,35.05437791,4.322407709,27.80822847,
134,Palau,46,4.484,17.245,38.71304348,13176.94095,3.204578,0.811,,0,,,,,,,,,,,,,,,,,95.3,86,97,,15.8,24940000.53,,,,,
135,Palestine,602,1186.188,3734.536,788.5759136,3277.485183,7.040725,0.689,,176.3134563,0.715,0,0.162,0.032,0.1812,0.3752,79.03561384,,43.17697228,41.07830552,34.74897042,5.983791909,83.32767373,,,3,58.4,81.5,50.7,,,,,,,0,
136,Panama,7520,1337.579,2761.008,54.61128989,15196.39734,2.357435,0.793,2461,33920.58331,,2224.88774,0.4461,0.0062,0.7591,1.2114,294.9764158,,36.82516097,0.90107111,46.5098211,0.300032249,2668.836476,,,2.8,94.7,88.6,97.7,313.7,12.8,71459999.08,30,26.77912011,8.313836605,9.1371,
137,Papua New Guinea,46284,7170.073,1081.089,18.23099991,2667.000159,18.425509,0.543,3250,94927.30299,,0,0.001,0.1676,0.2235,0.3921,46.46815918,,0.25503698,0.132242833,,,38.6455249,0,,1.6,40,32.8,88,,35.9,667349975.6,,35.48596536,3.509425418,0,
138,Paraguay,40675.2,2635.972,4175.325,16.88267298,5727.088492,10.28106,0.722,1228,56468.11642,,4882.583685,1.897,0.154,0.362,2.413,351.3875878,,78.61583092,1.835399711,13.61550318,0.149647078,66.98794908,,,3.3,98,94.9,100,,16.6,129880004.9,48,29.17933588,6.620824696,33.529,
139,Peru,128522,7166.47,24999.015,24.46608207,6550.996247,6.744033,0.756,2229,59781.90386,,183.589279,13.1,0.2066,2.797,16.1036,512.131007,,81.34826995,3.001031652,11.02352582,0.389802294,282.2199782,,300,2.8,86.7,69.2,91.4,600.2,10.3,475899993.9,18,25.25449584,8.39347886,5.772836,
140,Philippines,30000,55939.801,48978.289,350.5764167,2989.185417,9.663523,0.709,2640,4554.404092,146,67.55540934,67.97,15.85,8.929,92.749,881.8714512,0.136,73.28380899,28.35524304,3.375686298,0.169571645,5.759728505,13.44606947,300,4,91.8,90.3,93.7,866.4,21.6,905380004.9,29,30.47588107,5.31499622,7.105,
141,Poland,31270,15228.329,22942.383,121.3724976,13790.05371,2.752606,0.868,600.9,1594.069324,33,77.88280192,1.018,7.035,2.028,10.081,265.6167415,5.762,10.09820454,34.89096573,43.57022182,0.151468279,18.10813754,,,2.7,98.3,96.9,99.3,,3.8,,42,15.18538648,18.11689725,2.9559,
142,Portugal,9222.56,3651.305,6678.201,111.558255,21429.66708,2.095869,0.848,920.7,7522.942789,13,1130.647759,8.767,1.497,0.9141,11.1781,1086.46262,1.079,78.43014466,18.37653205,16.05155371,0.185083339,22.71475559,,,2.4,100,100,100,,3.1,,34,13.25208506,22.35669072,11.6327,
143,Puerto Rico,887,234.919,3428.212,356.6704622,28459.31527,0.812756,,1093,2244.231141,,,0.1135,2.365,0.796,3.2745,1035.03308,,3.466178042,19.53561063,30.29882963,1.871606238,20.65520196,,,,93.6,93.6,93.6,,,,,16.26077927,19.69708953,,
144,Qatar,1149,24.338,2614.873,237.1390775,63249.46732,0.185731,0.848,36,21.28652842,,,0.2917,0.1437,0.4772,0.9126,334.9325144,,31.96362043,432.4137931,191.6389489,1.068392839,653.111756,,,0,100,100,100,,5.6,,,13.5959001,1.523163117,,
145,Republic of Korea,10031,9429.948,41552.264,509.3850563,31852.31481,1.850756,0.904,,1364.087872,,368.6080521,15.96,4.45,6.672,27.082,530.0176147,9.208,58.93213204,85.22183304,52.44500978,1.58784407,113.9902195,64.10810144,,3.5,97.6,87.9,99.7,,,,34,,,18.83455,
146,Republic of Moldova,3385,2327.145,1724.067,119.9315805,2386.876265,11.472258,0.709,541.3,3022.402729,,277.7309761,0.042,0.65,0.148,0.84,206.9126563,,5,12.47401247,7.59932276,0.657892629,2.433093361,2.126582279,,3.8,88.4,81.4,96.9,,,,76,,,1.1275,
147,Romania,23840,9065.003,10614.303,82.44114513,10757.2827,4.313298,0.813,647.4,10787.13414,123,562.8583214,1.491,4.234,1.048,6.773,344.6123274,0.777,22.01387864,6.341166557,25.47891272,0.269568242,12.14030921,34.60593883,400,3.7,100,100,100,,5.7,,28,15.57395813,18.79006579,11.0624,
148,Russian Federation,1709825,37017.128,106972.626,8.511402161,10983.02208,3.544471,0.822,489.3,31096.28565,,5507.751999,18.66,28.04,17.71,64.41,442.5889075,20.92,28.97065673,4.096168705,18.7394646,0.055621121,13.68736943,4.078734919,,2,96.9,91.2,98.9,,4.9,,76,18.15492454,15.09412523,801.5436,
149,Rwanda,2634,10117.663,2090.744,454.8580486,748.350053,30.959589,0.529,1052,1110.094591,,0,0.102,0.0205,0.0614,0.1839,15.34935303,,55.46492659,6.089403974,31.51707184,0.112587067,64.07272164,,,3.6,76.1,71.9,86.6,,26.3,1191099976,93,39.76603218,3.028253062,0,
150,Saint Kitts and Nevis,26,38.314,17.031,200.1730769,18013.27029,1.109316,0.774,,461.1393986,,,0.0002,0,0.0154,0.0156,299.7406091,,1.282051282,50.83333333,,0.448104685,,,,,98.3,98.3,98.3,,,,28,,,,
151,Saint Lucia,62,145.557,33.287,291.8612903,10158.17545,1.490918,0.744,,1657.879903,,14.36829249,0.0304,0,0.0125,0.0429,237.0768262,,70.86247086,14.3,,0.001529112,,,,3.6,96.3,95.6,99.5,,,,29,,,0.0026,
152,Saint Vincent and the Grenadines,39,52.988,56.909,281.6076923,7208.365813,6.933535,0.726,,910.5229133,,,0,0.000002,0.0085,0.008502,77.41265809,,0,7.9,,,46146.99825,,,3.6,95.1,95.1,95.1,,,,41,,,,[1]
153,Samoa,284,160.194,36.246,68.78591549,4197.37637,10.277409,0.706,,0,,51.18964741,,,,,,,,,,,,,,,99,99.3,97.5,,12.9,123720001.2,58,37.86409737,4.933104005,0.01,
154,San Marino,6,0.978,32.422,561.1833333,45767.10165,0.020479,,,,,,,,,,,,,,,,,,,2.3,,,,,1.5,,,,,,
155,Sao Tome and Principe,96,57.276,147.051,215.7177083,1788.765113,12.086035,0.603,,10526.87492,,188.3248265,0.0256,0.0006,0.0147,0.0409,197.4996258,,62.59168704,1.876146789,7.489641146,0.301872955,77.18873232,,,,97.1,93.6,98.9,,23.5,51369998.93,29,42.14669667,2.960159214,0.039,
156,Saudi Arabia,214969,5394.59,27543.623,15.3981174,20905.39169,2.528473,0.856,128.6,72.50497029,,30.33304342,19.2,1,3.15,23.35,705.4129401,1.144,82.22698073,883.3333333,28.27098524,0.86951537,292.330248,0.300387597,,1.2,97,97,97,,5.7,,43,24.86598199,3.4128866,1.0040595,
157,Senegal,19671,8442.004,7408.563,78.38622846,1321.086287,15.073699,0.51,576,2527.34307,,16.21338895,2.065,0.058,0.098,2.221,144.0397474,0.0004,92.97613688,11.80728336,6.944874027,0.083592708,74.69183753,1.358145211,,2.5,78.5,67.3,92.9,,32.7,1443880005,29,42.83986907,3.098476445,0.25,
158,Serbia,8836,3872.979,4917.595,99.92788592,6271.824095,6.020665,0.794,,18369.96983,,257.0776481,0.6608,4.057,0.6595,5.3773,609.0064043,,12.28869507,6.059957173,5.911265871,0.122283527,2.239831204,,,3.5,99.2,98.9,99.4,,4.6,570700012.2,107,15.54094253,18.74050342,2.2699,
159,Seychelles,46,41.437,53.3,209.6043478,15867.05451,1.907301,0.8,,0,,10.37150739,0.0009,0.0038,0.009,0.0137,142.0896513,,6.569343066,,89.32303541,7.351763313,34.96573337,0.967741936,0,,95.7,95.7,95.7,,12.3,,,23.73873275,7.805481947,0.001,
160,Sierra Leone,7230,4410.71,3146.502,103.5743154,494.765953,60.290055,0.435,2546,21366.31438,,29.37868227,0.0457,0.0555,0.111,0.2122,28.33707444,,21.53628652,0.495794393,8.197602082,0.117383724,4.1658165,,,1.6,62.6,47.8,84.9,,80.9,594640014.6,90,40.72431131,2.947736623,0.22,
161,Singapore,71.9,0,5708.844,7938.860918,58974.9681,0.024563,0.934,,105.1148722,,13.12183987,0.026376,0.336294,0.29673,0.6594,115.5212445,0.531,4,82.01666667,,,214.6313212,,,2.9,100,,100,,2.1,,,12.33150315,12.39312948,0.0749,
162,Slovakia,4903,2519.468,2928.194,111.1136039,17526.28369,2.395682,0.854,762.7,9196.204042,,316.9478148,0.0316,0.2312,0.2935,0.5563,102.1127407,,5.68038828,2.393717728,146.1561717,2.21669565,103.6119541,,,3.8,100,100,100,,,,18,,,1.7267,
163,Slovenia,2026.64,951.104,1128.872,102.4549994,23347.22728,1.852617,0.899,949.3,15348.72476,,16.13373955,0.0039,0.758,0.1695,0.9314,448.5661199,,0.418724501,6.29749831,42.54633758,4.116669124,15.75356953,,,3.5,99.5,99.4,99.7,,1.7,,39,15.10564048,20.18628401,0.0335,
164,Solomon Islands,2890,468.983,142.36,22.0082699,1961.155429,26.673828,0.555,2945,70278.70932,,,,,,,,,,,,,,,,,80.8,77.2,93.2,,16.8,223889999.4,7,40.13119884,3.63080993,,
165,Somalia,63766,8198.119,6544.404,22.87924442,101.563368,52.879819,,408.3,1007.596109,0.6,0,3.281,0.002,0.015,3.298,226.0579571,,99.48453608,24.52774059,0.197997563,0.032626872,49.39703168,,,3.8,31.7,8.8,69.6,,74,1865579956,,46.37950567,2.889203812,0,
166,South Africa,121909,19369.002,37348.154,46.76418968,6153.459018,2.361245,0.704,548.3,900.7230271,11.972,544.1502854,11.39,4.1,3.89,19.38,339.9418163,2.414,58.77192982,62.05571566,14.65909676,0.165698482,18.05340703,0.435027793,100,2.8,93.2,81.4,99.6,,27.5,971479980.5,25,28.96832505,5.415255608,31.021875,
167,South Sudan,64433,10142.827,2432.887,16.93350147,606.006392,2.845713,0.414,,4536.804621,,,0.24,0.225,0.193,0.658,60.30742305,,36.47416413,4.226075787,19.17980474,0.028995838,27.24406445,,,2.5,58.7,56.9,66.7,,62.4,1885270020,,41.56805305,3.376805137,,
168,Spain,50593.523,9233.918,37120.403,92.2003949,28315.62792,2.801757,0.891,536,2390.271121,46.3,1153.645599,20.36,5.966,4.89,31.216,669.1901641,,65.22296258,42.56850716,35.97783064,0.498216207,36.18140482,,,2.7,100,100,100,,2.6,,19,14.57687197,19.64782295,53.8146,
169,Sri Lanka,6561,17038.849,3838.068,322.0245694,4216.125203,7.782051,0.776,1656,2499.049604,,281.2377414,11.31,0.831,0.805,12.946,612.7404578,,87.36289201,90.78541374,5.814464248,0.264393175,27.59762039,,,3.7,95.6,95,98.5,120,6.1,197350006.1,7,23.95646203,10.83880576,5.942,
170,Sudan,187936,26602.042,13931.288,21.71664662,3059.743671,25.26756,0.507,,926.1664742,,520.1723346,25.91,0.075,0.95,26.935,659.9548673,,96.19454242,118.6563877,2.654930547,0.209490508,200.3765465,,,3.3,55.5,50.2,66,,41,1624670044,25,40.15570605,3.627317326,21.23,
171,Suriname,16382,191.326,372.076,3.482456355,5697.565867,11.574505,0.722,1848,173533.2062,,35057.21337,0.4311,0.1355,0.0493,0.6159,1079.586886,,69.99512908,3.950609365,6.90031187,1.085369096,10.5621958,72.08450704,,1.4,94.8,88.4,98.1,,16.1,23379999.16,19,26.91185678,7.015129728,20,
172,Sweden,44743,1273.943,8636.758,22.13730863,54541.57444,1.443266,0.935,700.4,17567.06986,3,3630.426811,0.075,1.345,0.955,2.375,239.7804076,1.134,3.157894737,3.427128427,194.0764723,3.750993429,76.94651345,,,0.4,100,100,100,,2.1,,74,17.62549023,20.19856962,35.959,
173,Switzerland,4129.039,2224.037,6251.968,204.7886687,80220.63248,0.663175,0.943,1450,6327.015148,50,395.4088813,0.1601,0.6427,0.931,1.7338,205.0425956,2.37,9.234052371,6.613,390.4934882,4.157168287,254.7975193,,,3.2,100,100,100,,3.6,,59,14.9406759,18.83799606,3.3435,
174,Syrian Arab Republic,18518,8495.489,9774.379,92.31924614,721.520956,20.603001,0.544,375.8,982.8215061,20.6,1149.41332,14.67,0.6154,1.475,16.7604,980.3881425,,87.52774397,124.3601389,0.980660727,0.102086826,9.050475021,4.761904762,60,2.7,90.1,87.2,92.3,,17.9,10249809570,,31.05803205,4.691855102,19.65,
175,Tajikistan,14138,6514.203,2407.14,62.81134531,802.326545,21.218152,0.651,338.6,2467.26788,,3322.53486,10.44,0.4078,0.647,11.4948,1294.420394,0.087,90.82367679,68.74125874,0.68550315,0.16514932,5.954979436,39.78333525,23.23,3.7,73.8,66.7,93.1,,29.6,366559997.6,39,37.07107958,3.085961212,29.505,
176,Thailand,51312,35071.057,33966.456,134.8803594,6594.608057,8.32367,0.762,1724,6337.396389,125.98,1144.792913,51.79,2.777,2.739,57.306,828.0040069,1.168,90.37448086,23.01393518,7.234318206,0.367405243,50.07213196,,400,3.7,97.8,98,97.6,960,7.7,-338200012.2,18,16.82353621,12.40625033,79.2309,
177,Timor-Leste,1487,904.669,391.642,83.60847344,1918.728945,10.434351,0.624,,6607.638962,0.266,,1.071,0.002,0.099,1.172,942.6844629,,91.38225256,28.26821032,2.229719288,0.064978852,647.3100794,,,2.2,71.9,60.5,95.2,,38.1,235929992.7,40,37.29208217,4.286535114,,
178,Togo,5679,4588.034,3209.66,135.5603803,593.975597,24.229296,0.51,1071,1909.469331,,223.0921349,0.076,0.0063,0.1407,0.223,28.96677965,,34.08071749,3.391634981,13.40516608,0.010091787,99.57697918,,,3.1,63.1,44.2,91.4,,45.8,411619995.1,16,40.9983537,2.887347591,1.717469,
179,Tokelau,1,1.3,0,130,,,,,0,,,,,,,,,,,,,,,,,100,100,,,,,,,,,
180,Tonga,75,82.993,25.027,135.9973333,4558.478241,15.951138,0.717,,0,,,,,,,,,,,,,,,,,99.6,99.6,99.7,,14.3,107949996.9,,35.07282715,5.94196796,,
181,Trinidad and Tobago,513,640.679,728.446,269.797076,16415.40548,1.234748,0.799,1839,2774.448199,,51.63797208,0.0167,0.1289,0.2376,0.3832,276.8668099,,4.358037578,20.32648126,58.57557822,2.963170024,64.8699874,1.65106383,,2.2,95.1,95.1,95.1,,15.7,,31,20.26118068,11.11820802,0.07147,
182,Tunisia,16361,3616.197,7915.93,69.88229937,3452.359126,9.692107,0.738,326.1,403.6404432,3.625,235.3952348,3.773,0.965,0.137,4.875,426.3807499,0.238,77.39487179,121.0674657,7.834119455,0.190253599,10.14241324,3.945523733,86,2.6,97.7,93.2,100,,14.5,984030029.3,63,24.22609727,8.593468556,2.691378,
183,Turkey,78535,20473.563,60271.457,103.2870058,10560.02154,6.082121,0.805,614.5,2608.595421,112,1945.672818,50.05,2.898,6.016,58.964,726.9055783,5.289,84.88230107,44.57401768,13.60315254,0.301934363,88.96068097,1.943636675,1519,2.6,100,100,100,,8.6,824909973.1,64,24.29082287,8.726283826,157.8260719,
184,Turkmenistan,48810,2812.629,2945.446,11.79608072,6584.696357,8.761875,0.708,71.38,4301.221311,,971.6609175,26.36,0.839,0.755,27.954,4855.091481,,94.29777492,143.5600206,1.436789537,0.135496058,27.4460245,50.6,1354,1.8,60.4,34.6,89.1,12.29,36.3,25360000.61,25,30.75829056,4.592425324,5.5945,
185,Tuvalu,3,4.306,6.886,379,3923.561196,18.887605,,,0,,,,,,,,,,,,,,,,,97.7,97,98.3,,20.2,36479999.54,,,,,
186,Uganda,24155,32920.646,9942.312,170.4267771,634.769133,24.872454,0.522,1350,1459.921818,,1943.34177,0.259,0.05,0.328,0.637,15.47371378,,40.65934066,5.82799634,28.46577793,0.04851323,87.36843182,0.394945055,,3.6,79,75.8,95.5,,33.4,2100010010,84,46.50001534,1.962550187,80.00075,
187,Ukraine,60355,13600.408,30622.539,73.71006379,2536.92565,10.186361,0.747,1813,3939.964632,,1245.25855,3.206,3.577,2.397,9.18,206.3491289,7.19,34.92374728,11.18813164,7.749510712,0.059290035,5.384617716,9.821508123,,2.4,96.2,97.8,95.5,,7.2,1148250000,52,15.93971837,16.70499039,55.3987,
188,United Arab Emirates,7102,1292.709,8107.436,133.5849479,40180.34405,0.786661,0.864,51.95,15.81077163,,6.437123776,3.312,0.069,0.617,3.998,421.4097664,0.673,82.84142071,1708,92.77376275,0.88097813,2099.24194,,,1.2,99.6,100,99.6,,6.4,,53,14.71261177,1.156549456,0.0610703,
189,United Kingdom,24361,11156.164,55025.421,273.9110094,40286.57186,0.653773,0.919,1082,2202.991059,7,79.0004583,1.183,1.01,6.227,8.42,126.1849301,7.29,14.04988124,14.35464621,319.7364282,0.662033904,465.1084996,,,3.4,100,100,100,,3.7,,,17.69570052,18.50869564,5.2715,
190,United Republic of Tanzania,94730,38367.191,18942.828,57.70119181,954.877401,28.571529,0.522,1114,1761.240449,,1906.294434,4.632,0.025,0.527,5.184,94.84024605,,89.35185185,12.96324081,6.915170435,0.183338735,533.9212135,,50,3.1,55.6,45.5,77.2,,,,25,,,104.1987,
191,United States of America,983334,58215.947,266243.516,33.0594443,60159.82342,0.894494,0.919,938.7,9440.614927,1829,2263.617002,176.2,209.7,58.39,444.29,1366.689738,63.99,39.65878143,28.16198427,42.37850126,0.20342327,15.11522476,,4200,3.1,99.2,98.2,99.4,,,,27,,,735.8673807,
192,Uruguay,17622,164.541,3292.209,19.50199183,17221.4078,5.108837,0.807,1550,50107.06676,,4991.405704,3.17,0.08,0.41,3.66,1064.993405,,86.61202186,9.786096257,13.14470353,0.145263338,152.9722147,,,3,99.7,93.9,100,,6.1,,94,20.45807101,14.94124043,17.15366949,
193,Uzbekistan,44740,15779.684,16130.957,71.43447698,1853.925426,30.07365,0.707,188.8,1529.10916,,688.7374242,54.36,2.13,2.41,58.9,1842.941059,,92.29202037,168.9131058,1.337755258,0.452452108,9.786576601,67.79085559,1175,2.7,87.3,80.9,98.5,271.8,15.6,1156449951,16,28.79781331,4.595215725,22.0119,
194,Vanuatu,1219,206.733,69.511,23.4216571,3185.75966,21.370593,0.595,,35025.04291,,,,,,,,,,,,,,,,,94.5,92.9,98.9,,21.9,130589996.3,111,38.71055949,3.616088995,,
195,Venezuela (Bolivarian Republic of),91205,3778.814,28198.251,32.23779837,7756.479109,5.322992,0.735,1813,45064.21974,,5360.96542,16.71,0.7933,5.123,22.6263,769.5370228,,73.85211016,7.540366667,9.557190087,0.302193611,102.8102661,66.78787879,,2.7,93.1,77.9,95,22.06,,,41,,,157.6257,
196,Viet Nam,33123,61898.302,33642.498,285.6041059,2342.244006,15.34489,0.69,1991,9345.813361,371.9,472.6774176,77.75,3.074,1.206,82.03,867.1187961,0.423,94.78239668,18.13031538,2.349447563,0.3736684,20.35148718,22.02692855,300,3.8,97.6,96.9,99.1,177.6,,,64,,,44.71559,
197,Yemen,52797,18075.808,10174.612,52.72045571,854.926716,18.86146,0.463,232.7,75.44507475,,16.61587956,3.235,0.065,0.265,3.565,128.0769959,,90.74333801,169.7619048,5.21935743,0.704123097,59.507186,,,2.9,54.9,46.5,72,,,,57,,,0.4625,
198,Zambia,75261,9747.709,7346.421,22.39353583,1513.27609,4.024275,0.589,1065,6218.256409,,6000.700503,1.152,0.13,0.29,1.572,93.27384614,,73.28244275,2.835497836,12.76489398,0.031741007,57.66778058,,,2.5,65.4,51.3,85.6,,42.4,976280029.3,38,44.4625086,2.115314738,101.1334,
199,Zimbabwe,39076,11201.138,5328.766,36.43309192,1333.395663,8.340969,0.553,722.5,1404.830298,1.5,7019.230792,2.77,0.0814,0.4877,3.3391,234.5434424,,82.95648528,31.34622606,5.213329172,0.050244229,49.21252257,1.142682927,,2.8,76.9,67.3,97,,38.4,974890014.6,,42.15812701,2.980608063,99.929946,
200,Aruba,,,,,,,,,,,,,,,,,,,,,,,,,,,,,,,,,17.6204451,14.05835544,,
201,Arab World,,,,,,,,,,,,,,,,,,,,,,,,,,,,,,26.13656925,,,32.66945631,4.657837545,,
202,American Samoa,,,,,,,,,,,,,,,,,,,,,,,,,,,,,,,,,,,,
203,"Bahamas, The",,,,,,,,,,,,,,,,,,,,,,,,,,,,,,10.9,,,22.07573136,7.483272654,,
204,Bermuda,,,,,,,,,,,,,,,,,,,,,,,,,,,,,,,,12,,,,
205,Bolivia,,,,,,,,,,,,,,,,,,,,,,,,,,,,,,21.2,716130004.9,,30.62526166,7.338631646,,
206,Central Europe and the Baltics,,,,,,,,,,,,,,,,,,,,,,,,,,,,,,4.010049057,,,15.23705179,18.95282482,,
207,Channel Islands,,,,,,,,,,,,,,,,,,,,,,,,,,,,,,,,,15.06742754,17.60140254,,
208,Cote d'Ivoire,,,,,,,,,,,,,,,,,,,,,,,,,,,,,,58.6,1201229980,,41.71470319,2.873119343,,
209,"Congo, Dem. Rep.",,,,,,,,,,,,,,,,,,,,,,,,,,,,,,66.1,3025530029,,46.00139898,3.016939617,,
210,"Congo, Rep.",,,,,,,,,,,,,,,,,,,,,,,,,,,,,,34.9,187270004.3,,41.5372489,2.721415896,,
211,Caribbean small states,,,,,,,,,,,,,,,,,,,,,,,,,,,,,,14.56583583,,,23.47308469,9.000641477,,
212,Curacao,,,,,,,,,,,,,,,,,,,,,,,,,,,,,,,,,18.49422361,17.16883689,,
213,Cayman Islands,,,,,,,,,,,,,,,,,,,,,,,,,,,,,,,,,,,,
214,Czech Republic,,,,,,,,,,,,,,,,,,,,,,,,,,,,,,2.5,,,15.72295013,19.80074484,,
215,East Asia & Pacific (excluding high income),,,,,,,,,,,,,,,,,,,,,,,,,,,,,,12.45269371,7378829912,,20.36885105,9.931219944,,
216,Early-demographic dividend,,,,,,,,,,,,,,,,,,,,,,,,,,,,,,27.66536497,,,28.56626998,5.969409322,,
217,East Asia & Pacific,,,,,,,,,,,,,,,,,,,,,,,,,,,,,,11.9,7378829912,,19.64391833,11.17894425,,
218,Europe & Central Asia (excluding high income),,,,,,,,,,,,,,,,,,,,,,,,,,,,,,10.16070528,7492509980,,21.43676971,12.01052283,,
219,Europe & Central Asia,,,,,,,,,,,,,,,,,,,,,,,,,,,,,,7,7492509980,,18.06315618,16.6212909,,
220,"Egypt, Arab Rep.",,,,,,,,,,,,,,,,,,,,,,,,,,,,,,17.3,1740589966,,33.83483016,5.276332976,,
221,Euro area,,,,,,,,,,,,,,,,,,,,,,,,,,,,,,3.156188907,,,15.02108692,20.85628798,,
222,European Union,,,,,,,,,,,,,,,,,,,,,,,,,,,,,,3.320085926,,,15.13123723,20.4634673,,
223,Fragile and conflict affected situations,,,,,,,,,,,,,,,,,,,,,,,,,,,,,,55.97691125,,,40.81958182,3.406137513,,
224,"Micronesia, Fed. Sts.",,,,,,,,,,,,,,,,,,,,,,,,,,,,,,24.5,92540000.92,,31.45543206,4.192768967,,
225,Gibraltar,,,,,,,,,,,,,,,,,,,,,,,,,,,,,,,,,,,,
226,"Gambia, The",,,,,,,,,,,,,,,,,,,,,,,,,,,,,,35.9,194039993.3,,44.12711813,2.560925431,,
227,Grenada,,,,,,,,,,,,,,,,,,,,,,,,,,,,,,14.7,14680000.31,20,23.71722186,9.677419355,,
228,Greenland,,,,,,,,,,,,,,,,,,,,,,,,,,,,,,,,,,,,
229,Guam,,,,,,,,,,,,,,,,,,,,,,,,,,,,,,,,,24.13415903,10.18984542,,
230,High income,,,,,,,,,,,,,,,,,,,,,,,,,,,,,,4.3,200350002.3,,16.43628745,18.26447859,,
231,"Hong Kong SAR, China",,,,,,,,,,,,,,,,,,,,,,,,,,,,,,,,,12.32670813,17.49825246,,
232,Heavily indebted poor countries (HIPC),,,,,,,,,,,,,,,,,,,,,,,,,,,,,,47.00453562,,,42.55160297,3.048539111,,
233,IBRD only,,,,,,,,,,,,,,,,,,,,,,,,,,,,,,18.08733024,,,23.38507721,8.791423774,,
234,IDA & IBRD total,,,,,,,,,,,,,,,,,,,,,,,,,,,,,,30.51007612,,,27.31191701,7.446790959,,
235,IDA total,,,,,,,,,,,,,,,,,,,,,,,,,,,,,,48.89099492,,,38.64502191,3.566096676,,
236,IDA blend,,,,,,,,,,,,,,,,,,,,,,,,,,,,,,58.74803322,,,38.72774698,3.465329413,,
237,IDA only,,,,,,,,,,,,,,,,,,,,,,,,,,,,,,43.77848758,,,38.60307144,3.617196468,,
238,Isle of Man,,,,,,,,,,,,,,,,,,,,,,,,,,,,,,,,,,,,
239,Not classified,,,,,,,,,,,,,,,,,,,,,,,,,,,,,,,,,,,,
240,"Iran, Islamic Rep.",,,,,,,,,,,,,,,,,,,,,,,,,,,,,,12,210399993.9,,24.65465805,6.358522055,,
241,Kyrgyz Republic,,,,,,,,,,,,,,,,,,,,,,,,,,,,,,16.4,448709991.5,,32.50169502,4.600294583,,
242,St. Kitts and Nevis,,,,,,,,,,,,,,,,,,,,,,,,,,,,,,12.9,,,,,,
243,"Korea, Rep.",,,,,,,,,,,,,,,,,,,,,,,,,,,,,,2.7,,,12.74644361,15.0601769,,
244,Latin America & Caribbean (excluding high income),,,,,,,,,,,,,,,,,,,,,,,,,,,,,,14.07324037,8548189962,,24.40600008,8.500673099,,
245,Lao PDR,,,,,,,,,,,,,,,,,,,,,,,,,,,,,,36.4,631510009.8,,32.30299932,4.163984571,,
246,St. Lucia,,,,,,,,,,,,,,,,,,,,,,,,,,,,,,20,32110000.61,,18.21106187,10.03501286,,
247,Latin America & Caribbean,,,,,,,,,,,,,,,,,,,,,,,,,,,,,,13.9,8877879963,,24.19874658,8.70193078,,
248,Least developed countries: UN classification,,,,,,,,,,,,,,,,,,,,,,,,,,,,,,44.80706213,,,39.12857157,3.563097863,,
249,Low income,,,,,,,,,,,,,,,,,,,,,,,,,,,,,,47.9,49875309654,,41.80892889,3.276841993,,
250,Lower middle income,,,,,,,,,,,,,,,,,,,,,,,,,,,,,,36.6,47092100067,,30.36605172,5.639174849,,
251,Low & middle income,,,,,,,,,,,,,,,,,,,,,,,,,,,,,,30.61157304,1.68E+11,,27.41674706,7.340267501,,
252,Late-demographic dividend,,,,,,,,,,,,,,,,,,,,,,,,,,,,,,8.430841287,,,18.93872123,11.18419246,,
253,"Macao SAR, China",,,,,,,,,,,,,,,,,,,,,,,,,,,,,,,,,14.01947084,11.21173559,,
254,St. Martin (French part),,,,,,,,,,,,,,,,,,,,,,,,,,,,,,,,,,,,
255,Moldova,,,,,,,,,,,,,,,,,,,,,,,,,,,,,,12.4,342690002.4,,15.88969107,12.01311911,,
256,Middle East & North Africa,,,,,,,,,,,,,,,,,,,,,,,,,,,,,,18.1,29074119453,,29.85013782,5.308330439,,
257,Middle income,,,,,,,,,,,,,,,,,,,,,,,,,,,,,,26.81078045,64364621094,,25.74861207,7.811241417,,
258,Middle East & North Africa (excluding high income),,,,,,,,,,,,,,,,,,,,,,,,,,,,,,19.57013782,29074119453,,31.08364831,5.502145641,,
259,Northern Mariana Islands,,,,,,,,,,,,,,,,,,,,,,,,,,,,,,,,,,,,
260,North America,,,,,,,,,,,,,,,,,,,,,,,,,,,,,,5.4,0,,18.27153837,16.35739191,,
261,New Caledonia,,,,,,,,,,,,,,,,,,,,,,,,,,,,,,,,10,22.43395225,9.426702034,,
262,OECD members,,,,,,,,,,,,,,,,,,,,,,,,,,,,,,5.942954964,,,17.89449925,17.10489701,,
263,Other small states,,,,,,,,,,,,,,,,,,,,,,,,,,,,,,35.65020459,,,29.78516006,5.573862386,,
264,Pre-demographic dividend,,,,,,,,,,,,,,,,,,,,,,,,,,,,,,54.01190115,,,43.4736716,2.768233771,,
265,"Korea, Dem. People’s Rep.",,,,,,,,,,,,,,,,,,,,,,,,,,,,,,13.1,151289993.3,,19.99328221,9.25808889,,
266,West Bank and Gaza,,,,,,,,,,,,,,,,,,,,,,,,,,,,,,16.6,2234330078,,38.64966214,3.1734124,,
267,Pacific island small states,,,,,,,,,,,,,,,,,,,,,,,,,,,,,,20.13554827,,,34.89077056,4.627549976,,
268,Post-demographic dividend,,,,,,,,,,,,,,,,,,,,,,,,,,,,,,4.113084394,,,16.02008731,19.29206412,,
269,French Polynesia,,,,,,,,,,,,,,,,,,,,,,,,,,,,,,,,74,22.5638859,8.68067615,,
270,South Asia,,,,,,,,,,,,,,,,,,,,,,,,,,,,,,33.1,15465510086,,28.00686449,5.993904885,,
271,Sub-Saharan Africa (excluding high income),,,,,,,,,,,,,,,,,,,,,,,,,,,,,,51.72495877,55181060062,,42.31288884,2.993393613,,
272,Sub-Saharan Africa,,,,,,,,,,,,,,,,,,,,,,,,,,,,,,51.7,55245130062,,42.28260459,3.004114824,,
273,Small states,,,,,,,,,,,,,,,,,,,,,,,,,,,,,,31.86414543,,,28.96275468,6.126882042,,
274,Slovak Republic,,,,,,,,,,,,,,,,,,,,,,,,,,,,,,4.7,,,15.52774384,16.17236389,,
275,Sint Maarten (Dutch part),,,,,,,,,,,,,,,,,,,,,,,,,,,,,,,,,,,,
276,Turks and Caicos Islands,,,,,,,,,,,,,,,,,,,,,,,,,,,,,,,,,,,,
277,East Asia & Pacific (IDA & IBRD countries),,,,,,,,,,,,,,,,,,,,,,,,,,,,,,12.444545,,,20.37351254,9.939574715,,
278,Europe & Central Asia (IDA & IBRD countries),,,,,,,,,,,,,,,,,,,,,,,,,,,,,,9.630338199,,,20.61147092,12.87998715,,
279,Latin America & the Caribbean (IDA & IBRD countries),,,,,,,,,,,,,,,,,,,,,,,,,,,,,,13.96108799,,,24.39345916,8.515293914,,
280,Middle East & North Africa (IDA & IBRD countries),,,,,,,,,,,,,,,,,,,,,,,,,,,,,,19.61807073,,,30.99151814,5.530502263,,
281,South Asia (IDA & IBRD),,,,,,,,,,,,,,,,,,,,,,,,,,,,,,33.14031576,,,28.00686449,5.993904885,,
282,Sub-Saharan Africa (IDA & IBRD countries),,,,,,,,,,,,,,,,,,,,,,,,,,,,,,51.71091745,,,42.28260459,3.004114824,,
283,Tanzania,,,,,,,,,,,,,,,,,,,,,,,,,,,,,,36,2153139893,,43.84380657,2.620541103,,
284,Upper middle income,,,,,,,,,,,,,,,,,,,,,,,,,,,,,,11.3,15961019829,,21.03491627,10.02858736,,
285,United States,,,,,,,,,,,,,,,,,,,,,,,,,,,,,,5.6,,,18.54931712,16.20960614,,
286,St. Vincent and the Grenadines,,,,,,,,,,,,,,,,,,,,,,,,,,,,,,13.4,84480003.36,,22.19388908,9.740570943,,
287,"Venezuela, RB",,,,,,,,,,,,,,,,,,,,,,,,,,,,,,21,284000000,,27.40422521,7.610990373,,
288,British Virgin Islands,,,,,,,,,,,,,,,,,,,,,,,,,,,,,,,,,,,,
289,Virgin Islands (U.S.),,,,,,,,,,,,,,,,,,,,,,,,,,,,,,,,,19.49358374,19.87511714,,
290,Vietnam,,,,,,,,,,,,,,,,,,,,,,,,,,,,,,15.9,1094630005,,23.21382761,7.553672942,,
291,World,,,,,,,,,,,,,,,,,,,,,,,,,,,,,,28.2,1.68E+11,,25.64883557,9.099122685,,
292,Kosovo,,,,,,,,,,,,,,,,,,,,,,,,,,,,,,,345260009.8,,,,,
293,"Yemen, Rep.",,,,,,,,,,,,,,,,,,,,,,,,,,,,,,43.6,4396520020,,39.22337492,2.902140675,,
294,"China, Hong Kong SAR",,,,,,,,,,,,,,,,,,,,,,,,,,,,,,,,72,,,,
295,"China, Macao SAR",,,,,,,,,,,,,,,,,,,,,,,,,,,,,,,,18,,,,
296,"China, mainland",,,,,,,,,,,,,,,,,,,,,,,,,,,,,,,,22,,,,
297,"China, Taiwan Province of",,,,,,,,,,,,,,,,,,,,,,,,,,,,,,,,25,,,,
298,C<U+00F4>te d'Ivoire,,,,,,,,,,,,,,,,,,,,,,,,,,,,,,,,69,,,,
299,United Kingdom of Great Britain and Northern Ireland,,,,,,,,,,,,,,,,,,,,,,,,,,,,,,,,16,,,,
300,Côte d'Ivoire,,,,,,,,,,,,,,,,,,,,,,,,,,,,,,,,,,,37.2439,
