Country Name,Indicator Name,1993,1994,1995,1996,1997,1998,1999,2000,2001,2002,2003,2004,2005,2006,2007,2008,2009,2010,2011,2012,2013,2014,2015,2016,2017,2018,2019
Aruba,Net official development assistance and official aid received (current US$),24860000.61,18260000.23,25799999.24,19530000.69,25069999.69,11260000.23,-7380000.114,11500000,-1700000.048,10489999.77,76220001.22,-11319999.69,,,,,,,,,,,,,,,
Afghanistan,Net official development assistance and official aid received (current US$),223800003.1,226419998.2,212529998.8,169630004.9,230750000,164199996.9,142860000.6,136009994.5,410359985.4,1223290039,1538229980,2268530029,2815100098,2895830078,4982609863,4811209961,6113120117,6235319824,6745740234,6666770020,5152540039,4942970215,4274229980,4069419922,3811739990,3792449951,4284419922
Angola,Net official development assistance and official aid received (current US$),289390014.6,447070007.3,416420013.4,459309997.6,354660003.7,335269989,387540008.5,302209991.5,282730011,414029998.8,493500000,1144569946,414679992.7,163520004.3,259980011,369040008.5,238940002.4,235169998.2,192940002.4,243610000.6,285540008.5,235389999.4,380059997.6,206529998.8,223220001.2,162660003.7,49540000.92
Albania,Net official development assistance and official aid received (current US$),270679992.7,163100006.1,180600006.1,226639999.4,168229995.7,268739990.2,488179992.7,317850006.1,268529998.8,307359985.4,349309997.6,300940002.4,315079986.6,324040008.5,308630004.9,364839996.3,357149993.9,365070007.3,379480011,349160003.7,269980011,281170013.4,335160003.7,171039993.3,168350006.1,344320007.3,28409999.85
Andorra,Net official development assistance and official aid received (current US$),,,,,,,,,,,,,,,,,,,,,,,,,,,
Arab World,Net official development assistance and official aid received (current US$),,,,,,,,,,,,,,,,,,,,,,,,,,,
United Arab Emirates,Net official development assistance and official aid received (current US$),-10170000.08,-8029999.733,5409999.847,6710000.038,1740000.01,3460000.038,3329999.924,3200000.048,2369999.886,3829999.924,4960000.038,5360000.134,,,,,,,,,,,,,,,
Argentina,Net official development assistance and official aid received (current US$),245949996.9,160919998.2,148179992.7,122440002.4,99260002.14,73959999.08,82379997.25,74559997.56,157639999.4,98989997.86,117720001.2,97339996.34,93870002.75,114209999.1,90230003.36,125019996.6,116029998.8,130309997.6,97050003.05,177759994.5,34729999.54,48790000.92,-18870000.84,2619999.886,-1169999.957,73110000.61,18250000
Armenia,Net official development assistance and official aid received (current US$),109459999.1,191270004.3,217710006.7,292279998.8,166270004.3,194259994.5,209240005.5,215889999.4,211470001.2,295220001.2,250399993.9,256119995.1,172619995.1,215389999.4,351899993.9,296029998.8,405600006.1,320320007.3,375989990.2,270559997.6,280359985.4,267429992.7,347480011,326429992.7,257540008.5,141619995.1,419730011
American Samoa,Net official development assistance and official aid received (current US$),,,,,,,,,,,,,,,,,,,,,,,,,,,
Antigua and Barbuda,Net official development assistance and official aid received (current US$),3000000,4159999.847,2269999.981,3869999.886,4349999.905,9979999.542,10840000.15,9880000.114,8579999.924,13510000.23,5630000.114,1899999.976,8060000.42,3279999.971,4989999.771,6070000.172,4260000.229,19659999.85,15420000.08,2089999.914,1590000.033,2549999.952,1490000.01,180000.0072,10300000.19,17590000.15,27440000.53
Australia,Net official development assistance and official aid received (current US$),,,,,,,,,,,,,,,,,,,,,,,,,,,
Austria,Net official development assistance and official aid received (current US$),,,,,,,,,,,,,,,,,,,,,,,,,,,
Azerbaijan,Net official development assistance and official aid received (current US$),23870000.84,149039993.3,119540000.9,96360000.61,184059997.6,120360000.6,171000000,140610000.6,230910003.7,350809997.6,302029998.8,175830001.8,210399993.9,203850006.1,213309997.6,225100006.1,217580001.8,156479995.7,287769989,286790008.5,-70830001.83,216740005.5,69580001.83,79430000.31,123529998.8,87410003.66,120980003.4
Burundi,Net official development assistance and official aid received (current US$),216949996.9,311109985.4,286950012.2,110519996.6,56400001.53,68750000,75099998.47,93309997.56,139250000,171910003.7,227600006.1,358820007.3,365579986.6,432019989,504549987.8,520429992.7,575750000,627609985.4,572239990.2,524169982.9,558830017.1,515400024.4,366559997.6,742640014.6,435820007.3,451079986.6,588940002.4
Belgium,Net official development assistance and official aid received (current US$),,,,,,,,,,,,,,,,,,,,,,,,,,,
Benin,Net official development assistance and official aid received (current US$),287760009.8,256380004.9,280559997.6,288290008.5,221149993.9,205229995.7,212440002.4,244770004.3,280420013.4,221539993.3,301989990.2,391790008.5,349079986.6,400309997.6,475290008.5,636719970.7,677559997.6,689270019.5,672609985.4,507880004.9,660200012.2,599320007.3,436630004.9,500760009.8,680000000,574619995.1,602210022
Burkina Faso,Net official development assistance and official aid received (current US$),468989990.2,433100006.1,490450012.2,419239990.2,369109985.4,400119995.1,398760009.8,179779998.8,390940002.4,440269989,540840026.9,647380004.9,698190002.4,900549987.8,942719970.7,1000380005,1083699951,1044619995,981979980.5,1152319946,1045079956,1123359985,998390014.6,1029479980,892150024.4,1108790039,1148810059
Bangladesh,Net official development assistance and official aid received (current US$),1165369995,1384750000,1033109985,964880004.9,863150024.4,979549987.8,1005429993,976340026.9,918450012.2,807400024.4,1301790039,1421300049,1251619995,1027819946,1308520020,1765829956,1082760010,1327329956,1437520020,2154050049,2633590088,2422639893,2592909912,2532820068,3781770020,3044679932,4482600098
Bulgaria,Net official development assistance and official aid received (current US$),114650001.5,157339996.3,113069999.7,180020004.3,219470001.2,238800003.1,266559997.6,307140014.6,345950012.2,326809997.6,419410003.7,618369995.1,,,,,,,,,,,,,,,
Bahrain,Net official development assistance and official aid received (current US$),111430000.3,95790000.92,99870002.75,132320007.3,150279998.8,199720001.2,61880001.07,60430000.31,70809997.56,61580001.83,131770004.3,58220001.22,,,,,,,,,,,,,,,
"Bahamas, The",Net official development assistance and official aid received (current US$),1159999.967,1000000,4389999.866,1450000.048,3460000.038,22600000.38,11470000.27,5469999.79,7440000.057,4710000.038,3880000.114,4480000.019,,,,,,,,,,,,,,,
Bosnia and Herzegovina,Net official development assistance and official aid received (current US$),70239997.86,408570007.3,965799987.8,851809997.6,862049987.8,914969970.7,1286239990,737929992.7,640080017.1,555780029.3,541919982.9,686090026.9,539890014.6,536840026.9,599099975.6,465010009.8,417339996.3,511179992.7,625780029.3,568020019.5,521210022,630200012.2,356390014.6,446119995.1,440540008.5,355950012.2,464510009.8
Belarus,Net official development assistance and official aid received (current US$),186009994.5,119019996.6,222720001.2,76569999.69,56529998.78,40450000.76,39720001.22,35959999.08,40549999.24,39450000.76,45979999.54,49939998.63,58009998.32,74760002.14,85430000.31,111139999.4,98220001.22,136259994.5,119800003.1,102870002.7,107139999.4,120610000.6,104580001.8,-22309999.47,-250169998.2,119099998.5,214229995.7
Belize,Net official development assistance and official aid received (current US$),31110000.61,32169998.17,18829999.92,21030000.69,13770000.46,14520000.46,47400001.53,16149999.62,22489999.77,23280000.69,12680000.31,6690000.057,11720000.27,7730000.019,21280000.69,23370000.84,26239999.77,24200000.76,20989999.77,26209999.08,51270000.46,37560001.37,28270000.46,34959999.08,34200000.76,33790000.92,37659999.85
Bermuda,Net official development assistance and official aid received (current US$),-4820000.172,-12479999.54,-2079999.924,-4070000.172,-8220000.267,550000.0119,79999.99821,59999.99866,19999.99955,19999.99955,29999.99933,90000.00358,,,,,,,,,,,,,,,
Bolivia,Net official development assistance and official aid received (current US$),546619995.1,539099975.6,678820007.3,760099975.6,628289978,549390014.6,519809997.6,426079986.6,675960022,600330017.1,762630004.9,706659973.1,542880004.9,807599975.6,438790008.5,589159973.1,611690002.4,560270019.5,545969970.7,661719970.7,702299987.8,674559997.6,791309997.6,696510009.8,949159973.1,728849975.6,716130004.9
Brazil,Net official development assistance and official aid received (current US$),197520004.3,259869995.1,264329986.6,257799987.8,229789993.3,260609985.4,144380004.9,255679992.7,252020004.3,236410003.7,229300003.1,178279998.8,217240005.5,110199996.9,328589996.3,468630004.9,374809997.6,464779998.8,840690002.4,1288540039,1155729980,914150024.4,1003190002,674630004.9,273890014.6,444829986.6,290230011
Barbados,Net official development assistance and official aid received (current US$),4980000.019,2900000.095,509999.9905,5730000.019,5840000.153,17180000.31,-589999.9738,1799999.952,319999.9928,4750000,21270000.46,30299999.24,-629999.9952,-889999.9857,18700000.76,9279999.733,11750000,15579999.92,,,,,,,,,
Brunei Darussalam,Net official development assistance and official aid received (current US$),5070000.172,5260000.229,4289999.962,3170000.076,379999.9952,330000.0131,1429999.948,629999.9952,349999.994,-1820000.052,469999.9988,769999.9809,,,,,,,,,,,,,,,
Bhutan,Net official development assistance and official aid received (current US$),61740001.68,72419998.17,69459999.08,57099998.47,59340000.15,52439998.63,65620002.75,47099998.47,54610000.61,60020000.46,72860000.61,72129997.25,78769996.64,92419998.17,95639999.39,79019996.64,101370002.7,97239997.86,118650001.5,161649993.9,136800003.1,130639999.4,97279998.78,51599998.47,118540000.9,107919998.2,181410003.7
Botswana,Net official development assistance and official aid received (current US$),129899993.9,85180000.31,89660003.66,74569999.69,121620002.7,106250000,60889999.39,30620000.84,28930000.31,37310001.37,28049999.24,46610000.61,48270000.46,66610000.61,105069999.7,723099975.6,282350006.1,154669998.2,118500000,73069999.69,107370002.7,99370002.75,65540000.92,90569999.69,102089996.3,85750000,68860000.61
Central African Republic,Net official development assistance and official aid received (current US$),171740005.5,167559997.6,167779998.8,169130004.9,91550003.05,120620002.7,118760002.1,75900001.53,76209999.08,60009998.32,51500000,110059997.6,88970001.22,133589996.3,180009994.5,260369995.1,241139999.4,260980011,268769989,228020004.3,202820007.3,611000000,486730011,506760009.8,511980011,656250000,753849975.6
Canada,Net official development assistance and official aid received (current US$),,,,,,,,,,,,,,,,,,,,,,,,,,,
Central Europe and the Baltics,Net official development assistance and official aid received (current US$),,,,,,,,,,,,,,,,,,,,,,,,,,,
Switzerland,Net official development assistance and official aid received (current US$),,,,,,,,,,,,,,,,,,,,,,,,,,,
Channel Islands,Net official development assistance and official aid received (current US$),,,,,,,,,,,,,,,,,,,,,,,,,,,
Chile,Net official development assistance and official aid received (current US$),178720001.2,155199996.9,160740005.5,196600006.1,130729995.7,107559997.6,71180000.31,50540000.92,55860000.61,-7070000.172,80330001.83,54110000.61,170750000,98889999.39,106260002.1,102940002.4,75959999.08,181910003.7,161199996.9,128080001.8,80559997.56,245580001.8,54330001.83,178440002.4,70309997.56,,
China,Net official development assistance and official aid received (current US$),3202379883,3132290039,3463699951,2655899902,2060830078,2456879883,2407000000,1749020020,1497660034,1511520020,1361550049,1709949951,1798339966,1268520020,1453219971,1305540039,1141390015,671890014.6,-603609985.4,-180529998.8,-656549987.8,-947070007.3,-306290008.5,-791429992.7,-989940002.4,-705450012.2,-589979980.5
Cote d'Ivoire,Net official development assistance and official aid received (current US$),763630004.9,1593699951,1212439941,964770019.5,447000000,967270019.5,447779998.8,350920013.4,186080001.8,1067500000,253699996.9,160710006.7,91279998.78,247139999.4,171080001.8,584630004.9,2403010010,845309997.6,1437709961,2908350098,1273459961,925039978,651669982.9,615789978,829159973.1,960010009.8,1201229980
Cameroon,Net official development assistance and official aid received (current US$),543719970.7,731409973.1,443989990.2,411380004.9,500059997.6,498690002.4,434480011,377160003.7,458089996.3,605739990.2,885619995.1,780739990.2,416540008.5,1716239990,1939900024,551789978,643789978,540229980.5,612080017.1,597169982.9,751960022,856119995.1,664119995.1,756609985.4,1216839966,1165339966,1335219971
"Congo, Dem. Rep.",Net official development assistance and official aid received (current US$),177820007.3,244809997.6,194750000,166160003.7,157880004.9,127019996.6,135509994.5,178440002.4,246639999.4,1176170044,5417029785,1919150024,1881800049,2197239990,1348270020,1766900024,2362350098,3483649902,5526459961,2846169922,2584010010,2400020020,2599040039,2102330078,2292639893,2513929932,3025530029
"Congo, Rep.",Net official development assistance and official aid received (current US$),124360000.6,363850006.1,126860000.6,431290008.5,268670013.4,64989997.86,140539993.3,32150001.53,73889999.39,57130001.07,69279998.78,115809997.6,1425550049,258299987.8,116319999.7,486630004.9,283970001.2,1315089966,261239990.2,140130004.9,150990005.5,106180000.3,88800003.05,87050003.05,107040000.9,146570007.3,187270004.3
Colombia,Net official development assistance and official aid received (current US$),106250000,91959999.08,181750000,195059997.6,190779998.8,179309997.6,318380004.9,202369995.1,399920013.4,458260009.8,816000000,536030029.3,643070007.3,1004739990,741770019.5,979289978,1059280029,673090026.9,1013590027,764250000,857489990.2,1224170044,1355920044,1106500000,850419982.9,1781020020,902539978
Comoros,Net official development assistance and official aid received (current US$),48619998.93,38700000.76,41599998.47,39200000.76,30200000.76,40619998.93,22090000.15,19309999.47,27670000.08,27579999.92,24610000.61,25879999.16,23139999.39,32000000,45049999.24,42040000.92,50779998.78,69910003.66,55349998.47,101610000.6,81230003.36,74949996.95,65779998.78,53750000,67220001.22,90940002.44,78239997.86
Cabo Verde,Net official development assistance and official aid received (current US$),114959999.1,119669998.2,115730003.4,116459999.1,111010002.1,129770004.3,136970001.2,94650001.53,78059997.56,92500000,145330001.8,143779998.8,162869995.1,139110000.6,166050003.1,221880004.9,196770004.3,326980011,251369995.1,245639999.4,245160003.7,231389999.4,153250000,115239997.9,123010002.1,84279998.78,152539993.3
Costa Rica,Net official development assistance and official aid received (current US$),117129997.3,88540000.92,46090000.15,-209999.9934,3750000,29780000.69,3450000.048,25459999.08,14270000.46,13239999.77,40009998.32,25760000.23,32610000.61,31860000.61,64410003.66,77129997.25,112610000.6,101129997.3,35549999.24,28459999.08,32819999.69,54549999.24,111300003.1,100720001.2,99260002.14,99360000.61,59759998.32
Caribbean small states,Net official development assistance and official aid received (current US$),,,,,,,,,,,,,,,,,,,,,,,,,,,
Cuba,Net official development assistance and official aid received (current US$),43900001.53,47119998.93,63630001.07,57220001.22,65400001.53,80150001.53,59389999.39,45069999.69,54650001.53,62110000.61,76540000.92,99470001.22,90139999.39,82209999.08,96550003.05,125510002.1,112559997.6,132449996.9,87279998.78,85760002.14,99459999.08,261540008.5,557960022,2698110107,734719970.7,749710022,499660003.7
Curacao,Net official development assistance and official aid received (current US$),,,,,,,,,,,,,,,,,,,,,,,,,,,
Cayman Islands,Net official development assistance and official aid received (current US$),-460000.0083,-1019999.981,-569999.9928,-2029999.971,-3799999.952,159999.9964,3009999.99,-3599999.905,-779999.9714,-1850000.024,-1429999.948,389999.9857,,,,,,,,,,,,,,,
Cyprus,Net official development assistance and official aid received (current US$),33799999.24,44029998.78,21430000.31,22579999.92,42220001.22,34529998.78,53310001.37,54400001.53,49700000.76,34250000,14390000.34,59860000.61,,,,,,,,,,,,,,,
Czech Republic,Net official development assistance and official aid received (current US$),99150001.53,148270004.3,147380004.9,128529998.8,115139999.4,447829986.6,317989990.2,437369995.1,313779998.8,159770004.3,263269989,278660003.7,,,,,,,,,,,,,,,
Germany,Net official development assistance and official aid received (current US$),,,,,,,,,,,,,,,,,,,,,,,,,,,
Djibouti,Net official development assistance and official aid received (current US$),134429992.7,128570007.3,105559997.6,97080001.83,85650001.53,80980003.36,75150001.53,72239997.86,59400001.53,74099998.47,79260002.14,64330001.83,74169998.17,115379997.3,112669998.2,140820007.3,165830001.8,132029998.8,141399993.9,148460006.7,149250000,166110000.6,173389999.4,185350006.1,142610000.6,179210006.7,272480011
Dominica,Net official development assistance and official aid received (current US$),8909999.847,19590000.15,25000000,43130001.07,14560000.42,19350000.38,9930000.305,15279999.73,19690000.53,29600000.38,10970000.27,29399999.62,21110000.61,19659999.85,19450000.76,21379999.16,35950000.76,32450000.76,24440000.53,25680000.31,20079999.92,16290000.92,11710000.04,8569999.695,19219999.31,26940000.53,51389999.39
Denmark,Net official development assistance and official aid received (current US$),,,,,,,,,,,,,,,,,,,,,,,,,,,
Dominican Republic,Net official development assistance and official aid received (current US$),4110000.134,58650001.53,107809997.6,82709999.08,64519996.64,107400001.5,185490005.5,61299999.24,117290000.9,161020004.3,85709999.08,104110000.6,95000000,75000000,144630004.9,177339996.3,139630004.9,193809997.6,242619995.1,260119995.1,146910003.7,166210006.7,279959991.5,176699996.9,117709999.1,89300003.05,134440002.4
Algeria,Net official development assistance and official aid received (current US$),326309997.6,295489990.2,295739990.2,306880004.9,247889999.4,419869995.1,137979995.7,199960006.7,198860000.6,186119995.1,239240005.5,316970001.2,347380004.9,240679992.7,395010009.8,324829986.6,302390014.6,201250000,193350006.1,147320007.3,203419998.2,160619995.1,71129997.25,144550003.1,174679992.7,144529998.8,175720001.2
East Asia & Pacific (excluding high income),Net official development assistance and official aid received (current US$),8854749848,9179850053,9448259942,7759069830,6543680136,8096189837,9566739985,8242370090,7084490102,6999100062,6797159977,6698899950,9265909940,7555189963,8339119775,8444590152,9501010045,9439880192,7499870029,8868360128,12010670213,9495230052,8525499852,7720130127,8414689970,8259290054,7378829912
Early-demographic dividend,Net official development assistance and official aid received (current US$),,,,,,,,,,,,,,,,,,,,,,,,,,,
East Asia & Pacific,Net official development assistance and official aid received (current US$),9703379846,9899780047,10441589925,8456159858,7108580164,8840529851,10195439996,8813160100,7670310080,7676680060,7332029944,7763009976,9265909940,7555189963,8339119775,8444590152,9501010045,9439880192,7499870029,8868360128,12010670213,9495230052,8525499852,7720130127,8414689970,8259290054,7378829912
Europe & Central Asia (excluding high income),Net official development assistance and official aid received (current US$),5753469981,5425490099,5833949963,5407780022,4755910002,5684709937,7279840001,6721910049,6327280109,8151719860,6729569926,7516450003,4824019960,6007630028,5793659950,7020559988,7678640005,7156200001,10442530050,9997339970,8997940104,10380230000,8548860034,9732459960,9776560030,7666450116,7492509980
Europe & Central Asia,Net official development assistance and official aid received (current US$),9820459947,9909920143,12067309875,8986440028,7423490001,9147489945,11859109954,11086320045,9923140131,11357389890,10626259920,11980080093,4947479959,6204140022,5956569954,7261619986,7847470007,7287750004,10442530050,9997339970,8997940104,10380230000,8548860034,9732459960,9776560030,7666450116,7492509980
Ecuador,Net official development assistance and official aid received (current US$),185710006.7,192029998.8,187619995.1,238429992.7,158100006.1,181059997.6,153130004.9,155169998.2,171250000,233520004.3,202830001.8,184350006.1,257799987.8,213869995.1,230059997.6,248419998.2,223559997.6,168529998.8,181300003.1,148059997.6,150520004.3,165050003.1,318160003.7,243710006.7,211110000.6,404010009.8,525049987.8
"Egypt, Arab Rep.",Net official development assistance and official aid received (current US$),2485229980,2692199951,2028069946,2193899902,2009459961,1974140015,1620250000,1370829956,1300390015,1308729980,1017179993,1502839966,1046310059,909030029.3,1138689941,1688530029,982739990.2,599159973.1,423730011,1813430054,5512509766,3537600098,2524530029,2437350098,33110000.61,2080850098,1740589966
Euro area,Net official development assistance and official aid received (current US$),,,,,,,,,,,,,,,,,,,,,,,,,,,
Eritrea,Net official development assistance and official aid received (current US$),67709999.08,154149993.9,148289993.3,157490005.5,123510002.1,168809997.6,149869995.1,178020004.3,284700012.2,226669998.2,316959991.5,263519989,349739990.2,126190002.4,158529998.8,145419998.2,142619995.1,162309997.6,133410003.7,135970001.2,81309997.56,84190002.44,93919998.17,66819999.69,79199996.95,84239997.86,276929992.7
Spain,Net official development assistance and official aid received (current US$),,,,,,,,,,,,,,,,,,,,,,,,,,,
Estonia,Net official development assistance and official aid received (current US$),42310001.37,43810001.37,58049999.24,59369998.93,65910003.66,90989997.86,83620002.75,63830001.83,68500000,54409999.85,84300003.05,135429992.7,,,,,,,,,,,,,,,
Ethiopia,Net official development assistance and official aid received (current US$),1081219971,1063579956,876979980.5,816500000,578909973.1,660239990.2,643289978,687799987.8,1103599976,1324739990,1621160034,1830300049,1929119995,2034550049,2606550049,3316250000,3823760010,3455159912,3495889893,3243290039,3885540039,3583959961,3238889893,4084370117,4124750000,4941029785,4809970215
European Union,Net official development assistance and official aid received (current US$),,,,,,,,,,,,,,,,,,,,,,,,,,,
Fragile and conflict affected situations,Net official development assistance and official aid received (current US$),,,,,,,,,,,,,,,,,,,,,,,,,,,
Finland,Net official development assistance and official aid received (current US$),,,,,,,,,,,,,,,,,,,,,,,,,,,
Fiji,Net official development assistance and official aid received (current US$),59840000.15,39110000.61,42799999.24,46790000.92,44509998.32,36889999.39,35200000.76,29370000.84,26180000.31,34169998.17,51250000,65529998.78,66080001.83,55799999.24,50880001.07,45080001.83,66410003.66,75839996.34,75389999.39,105370002.7,91220001.22,94239997.86,102480003.4,117419998.2,145899993.9,120959999.1,139070007.3
France,Net official development assistance and official aid received (current US$),,,,,,,,,,,,,,,,,,,,,,,,,,,
Faroe Islands,Net official development assistance and official aid received (current US$),,,,,,,,,,,,,,,,,,,,,,,,,,,
"Micronesia, Fed. Sts.",Net official development assistance and official aid received (current US$),62130001.07,102660003.7,73550003.05,112690002.4,84440002.44,73639999.39,102879997.3,97480003.36,135399993.9,110730003.4,112269996.6,85370002.75,104819999.7,106239997.9,111709999.1,91129997.25,120910003.7,63770000.46,130639999.4,143259994.5,143210006.7,117010002.1,81389999.39,50830001.83,98150001.53,98790000.92,92540000.92
Gabon,Net official development assistance and official aid received (current US$),100860000.6,181029998.8,143740005.5,126510002.1,38830001.83,44639999.39,47799999.24,11850000.38,8640000.343,71660003.66,-10920000.08,40040000.92,50299999.24,31209999.08,53209999.08,64120002.75,77949996.95,106269996.6,69449996.95,68849998.47,87209999.08,111269996.6,98779998.78,41619998.93,106349998.5,116959999.1,116709999.1
United Kingdom,Net official development assistance and official aid received (current US$),,,,,,,,,,,,,,,,,,,,,,,,,,,
Georgia,Net official development assistance and official aid received (current US$),104779998.8,177320007.3,209059997.6,309369995.1,242029998.8,208669998.2,246839996.3,171949996.9,294130004.9,317209991.5,228669998.2,314209991.5,293339996.3,357190002.4,381929992.7,818109985.4,794070007.3,588859985.4,545059997.6,659190002.4,646309997.6,563760009.8,448929992.7,462739990.2,447440002.4,589859985.4,496730011
Ghana,Net official development assistance and official aid received (current US$),627260009.8,547719970.7,649869995.1,651270019.5,494170013.4,703880004.9,610090026.9,600650024.4,644849975.6,689369995.1,985039978,1419010010,1152640015,1236250000,1162920044,1312170044,1584680054,1697219971,1803869995,1799290039,1328170044,1123130005,1770479980,1318650024,1263550049,1067540039,936320007.3
Gibraltar,Net official development assistance and official aid received (current US$),-9999.999776,569999.9928,209999.9934,-239999.9946,370000.0048,219999.9988,29999.99933,39999.99911,730000.0191,9999.999776,29999.99933,189999.9976,,,,,,,,,,,,,,,
Guinea,Net official development assistance and official aid received (current US$),410279998.8,358230011,415920013.4,298059997.6,381390014.6,359570007.3,237830001.8,153410003.7,289250000,254190002.4,250630004.9,274809997.6,192910003.7,173119995.1,257609985.4,351220001.2,217660003.7,220970001.2,202119995.1,633359985.4,467540008.5,563119995.1,538929992.7,567059997.6,472269989,594440002.4,580679992.7
"Gambia, The",Net official development assistance and official aid received (current US$),84900001.53,68889999.39,45430000.31,36060001.37,38900001.53,39450000.76,34349998.47,49639999.39,52729999.54,64470001.22,63290000.92,61340000.15,60759998.32,75199996.95,97199996.95,94629997.25,125169998.2,121099998.5,135710006.7,138979995.7,112300003.1,100339996.3,113940002.4,91989997.86,284489990.2,234130004.9,194039993.3
Guinea-Bissau,Net official development assistance and official aid received (current US$),94529998.78,174360000.6,117599998.5,180770004.3,124529998.8,96010002.14,52599998.47,81069999.69,60689998.63,59880001.07,145369995.1,77849998.47,66760002.14,88199996.95,125569999.7,135690002.4,149399993.9,129000000,120639999.4,80319999.69,105629997.3,110250000,95040000.92,196820007.3,113360000.6,153580001.8,120510002.1
Equatorial Guinea,Net official development assistance and official aid received (current US$),52659999.85,29729999.54,33400001.53,30819999.69,23889999.39,22159999.85,20239999.77,21270000.46,13239999.77,20149999.62,20930000.31,29149999.62,38130001.07,26209999.08,31360000.61,32080001.83,31780000.69,85069999.69,24549999.24,14449999.81,4630000.114,519999.9809,7489999.771,6920000.076,6929999.828,6719999.79,64069999.69
Greece,Net official development assistance and official aid received (current US$),,,,,,,,,,,,,,,,,,,,,,,,,,,
Grenada,Net official development assistance and official aid received (current US$),7869999.886,23610000.61,10819999.69,11850000.38,8880000.114,6260000.229,10399999.62,16870000.84,11289999.96,10220000.27,10779999.73,15600000.38,52599998.47,26809999.47,26090000.15,31799999.24,45830001.83,33849998.47,12029999.73,7659999.847,12529999.73,39709999.08,24100000.38,8579999.924,5840000.153,31739999.77,14680000.31
Greenland,Net official development assistance and official aid received (current US$),,,,,,,,,,,,,,,,,,,,,,,,,,,
Guatemala,Net official development assistance and official aid received (current US$),218850006.1,196029998.8,205350006.1,182839996.3,256299987.8,230289993.3,280899993.9,260700012.2,227160003.7,253240005.5,259309997.6,233509994.5,269480011,500670013.4,465029998.8,539500000,380559997.6,402059997.6,353570007.3,304890014.6,496600006.1,279839996.3,411290008.5,265450012.2,367010009.8,399399993.9,393850006.1
Guam,Net official development assistance and official aid received (current US$),,,,,,,,,,,,,,,,,,,,,,,,,,,
Guyana,Net official development assistance and official aid received (current US$),87970001.22,68099998.47,68089996.34,88800003.05,235529998.8,75379997.25,55619998.93,63630001.07,63919998.17,47259998.32,59279998.78,101339996.3,101360000.6,129509994.5,78080001.83,120389999.4,111230003.4,106410003.7,105620002.7,114919998.2,101239997.9,160610000.6,32139999.39,70019996.64,51130001.07,104180000.3,113269996.6
High income,Net official development assistance and official aid received (current US$),4617960089,5586570078,6581169880,5983120030,4308319986,5546499963,4884260056,4848380028,4165369964,4080360000,4700419959,5988440083,482480003.5,544429993.8,447749996.7,748110001.1,770020006.2,753480003.4,592010000.2,483129992.2,395260001.1,249030007.1,219630000.8,308100002.9,242739997.9,247939998.6,200350002.3
"Hong Kong SAR, China",Net official development assistance and official aid received (current US$),30270000.46,26870000.84,17729999.54,13199999.81,8439999.58,6820000.172,3750000,4329999.924,3569999.933,3960000.038,5019999.981,6949999.809,,,,,,,,,,,,,,,
Honduras,Net official development assistance and official aid received (current US$),288309997.6,255990005.5,374670013.4,238729995.7,275519989,283500000,757260009.8,399850006.1,562250000,382089996.3,317260009.8,539570007.3,649359985.4,518229980.5,407540008.5,462130004.9,418390014.6,470500000,359250000,566190002.4,625869995.1,606280029.3,540599975.6,412399993.9,442230011,664900024.4,457570007.3
Heavily indebted poor countries (HIPC),Net official development assistance and official aid received (current US$),,,,,,,,,,,,,,,,,,,,,,,,,,,
Croatia,Net official development assistance and official aid received (current US$),,109660003.7,53279998.78,133309997.6,40360000.61,39380001.07,48470001.22,65510002.14,112129997.3,130600006.1,120400001.5,119660003.7,123459999.1,196509994.5,162910003.7,241059997.6,168830001.8,131550003.1,280000.0012,,,,,,,,
Haiti,Net official development assistance and official aid received (current US$),120620002.7,615289978,654799987.8,331109985.4,280799987.8,350929992.7,213770004.3,181639999.4,170029998.8,151949996.9,186740005.5,280059997.6,366630004.9,531539978,622630004.9,824619995.1,990760009.8,2889840088,1506459961,1273349976,1152130005,1082359985,1045859985,1071680054,981250000,997159973.1,726469970.7
Hungary,Net official development assistance and official aid received (current US$),164389999.4,199080001.8,-245240005.5,202759994.5,176160003.7,238750000,248779998.8,252169998.2,417489990.2,160330001.8,247990005.5,302010009.8,,,,,,,,,,,,,,,
IBRD only,Net official development assistance and official aid received (current US$),,,,,,,,,,,,,,,,,,,,,,,,,,,
IDA & IBRD total,Net official development assistance and official aid received (current US$),,,,,,,,,,,,,,,,,,,,,,,,,,,
IDA total,Net official development assistance and official aid received (current US$),,,,,,,,,,,,,,,,,,,,,,,,,,,
IDA blend,Net official development assistance and official aid received (current US$),,,,,,,,,,,,,,,,,,,,,,,,,,,
Indonesia,Net official development assistance and official aid received (current US$),1876089966,1505199951,1251750000,1057969971,797580017.1,1265689941,2132459961,1645430054,1458180054,1296010010,1738630005,97559997.56,2489000000,1229969971,737039978,1145670044,902690002.4,1323760010,358109985.4,69010002.14,69470001.22,-381940002.4,-28459999.08,-108279998.8,280190002.4,962630004.9,-629950012.2
IDA only,Net official development assistance and official aid received (current US$),,,,,,,,,,,,,,,,,,,,,,,,,,,
Isle of Man,Net official development assistance and official aid received (current US$),,,,,,,,,,,,,,,,,,,,,,,,,,,
India,Net official development assistance and official aid received (current US$),1466290039,2322320068,1732829956,1904150024,1646250000,1608949951,1490760010,1383420044,1729609985,1738209961,720900024.4,778309997.6,1875959961,1383579956,1329209961,2011579956,2456610107,2831340088,3270219971,1681849976,2456340088,2991820068,3174350098,2679040039,3198139893,2462010010,2610580078
Not classified,Net official development assistance and official aid received (current US$),,,,,,,,,,,,,,,,,,,,,,,,,,,
Ireland,Net official development assistance and official aid received (current US$),,,,,,,,,,,,,,,,,,,,,,,,,,,
"Iran, Islamic Rep.",Net official development assistance and official aid received (current US$),140479995.7,130039993.3,186940002.4,164500000,200759994.5,164559997.6,161490005.5,129869995.1,114559997.6,114540000.9,131050003.1,188649993.9,100669998.2,117239997.9,103769996.6,100470001.2,92569999.69,112440002.4,105790000.9,151789993.3,131610000.6,81169998.17,110900001.5,116190002.4,140279998.8,166410003.7,210399993.9
Iraq,Net official development assistance and official aid received (current US$),168699996.9,253500000,332769989,349739990.2,221929992.7,117760002.1,76790000.92,101830001.8,122699996.9,113379997.3,2287649902,4650649902,22057089844,8889320313,9204339844,9884530273,2791229980,2178330078,1914689941,1300880005,1541540039,1369270020,1482939941,2287899902,2907510010,2300540039,2211909912
Iceland,Net official development assistance and official aid received (current US$),,,,,,,,,,,,,,,,,,,,,,,,,,,
Israel,Net official development assistance and official aid received (current US$),1266170044,1237180054,335589996.3,2216760010,1196349976,1066069946,905710022,800000000,172350006.1,756869995.1,439989990.2,478850006.1,,,,,,,,,,,,,,,
Italy,Net official development assistance and official aid received (current US$),,,,,,,,,,,,,,,,,,,,,,,,,,,
Jamaica,Net official development assistance and official aid received (current US$),105000000,121169998.2,114510002.1,62409999.85,76279998.78,23100000.38,-17229999.54,14130000.11,58900001.53,28530000.69,10550000.19,86750000,43750000,40700000.76,31659999.85,89809997.56,152279998.8,141100006.1,41029998.78,28059999.47,71589996.34,95989997.86,59069999.69,26850000.38,61549999.24,100209999.1,127069999.7
Jordan,Net official development assistance and official aid received (current US$),310839996.3,373809997.6,540489990.2,509079986.6,475570007.3,413910003.7,435200012.2,554179992.7,450309997.6,562719970.7,1321219971,604630004.9,709849975.6,573570007.3,631510009.8,734090026.9,740419982.9,954750000,974099975.6,1157500000,1400329956,2697159912,2141050049,2727969971,2979659912,2526010010,2797189941
Japan,Net official development assistance and official aid received (current US$),,,,,,,,,,,,,,,,,,,,,,,,,,,
Kazakhstan,Net official development assistance and official aid received (current US$),15350000.38,52430000.31,58860000.61,118489997.9,124239997.9,210509994.5,168309997.6,184839996.3,149600006.1,189289993.3,289559997.6,272410003.7,225199996.9,178729995.7,261250000,337679992.7,294880004.9,211990005.5,201029998.8,131860000.6,90760002.14,92800003.05,81699996.95,62779998.78,59490001.68,79930000.31,54409999.85
Kenya,Net official development assistance and official aid received (current US$),915630004.9,677869995.1,733090026.9,596260009.8,448649993.9,415260009.8,311250000,513919982.9,472410003.7,388220001.2,522900024.4,655929992.7,756570007.3,941650024.4,1329359985,1363400024,1782479980,1631260010,2478820068,2653659912,3306840088,2661030029,2463560059,2188389893,2480219971,2490929932,3250969971
Kyrgyz Republic,Net official development assistance and official aid received (current US$),95010002.14,171139999.4,244669998.2,204229995.7,187679992.7,196210006.7,203570007.3,193350006.1,129419998.2,158520004.3,174300003.1,206710006.7,237869995.1,270559997.6,254520004.3,316279998.8,279420013.4,372040008.5,437859985.4,470489990.2,539450012.2,626570007.3,774710022,519489990.2,464970001.2,415959991.5,448709991.5
Cambodia,Net official development assistance and official aid received (current US$),294529998.8,296989990.2,505579986.6,384470001.2,324700012.2,308339996.3,251289993.3,345559997.6,367000000,407290008.5,443160003.7,407019989,452899993.9,476350006.1,636169982.9,612559997.6,637929992.7,681039978,691950012.2,807690002.4,808210022,802679992.7,679039978,728450012.2,856260009.8,783299987.8,984070007.3
Kiribati,Net official development assistance and official aid received (current US$),15229999.54,14260000.23,14529999.73,12890000.34,15729999.54,17420000.08,20979999.54,16930000.31,11069999.69,20120000.84,16229999.54,14560000.42,26639999.39,25520000.46,27510000.23,26979999.54,25149999.62,23770000.46,64540000.92,65669998.17,64989997.86,80660003.66,64949996.95,60840000.15,77150001.53,75050003.05,56659999.85
St. Kitts and Nevis,Net official development assistance and official aid received (current US$),10770000.46,6210000.038,3900000.095,6829999.924,7230000.019,6690000.057,4760000.229,3990000.01,10130000.11,28100000.38,90000.00358,-79999.99821,2609999.895,5230000.019,3440000.057,46819999.69,3210000.038,11479999.54,15760000.23,21739999.77,30049999.24,,,,,,
"Korea, Rep.",Net official development assistance and official aid received (current US$),-35110000.61,-114230003.4,57000000,-148899993.9,-159649993.9,-50369998.93,-55099998.47,-198139999.4,-111330001.8,-81910003.66,-461600006.1,-71540000.92,,,,,,,,,,,,,,,
Kuwait,Net official development assistance and official aid received (current US$),2029999.971,4469999.79,4230000.019,24600000.38,1279999.971,6989999.771,8329999.924,3890000.105,4690000.057,5710000.038,5519999.981,3690000.057,,,,,,,,,,,,,,,
Latin America & Caribbean (excluding high income),Net official development assistance and official aid received (current US$),4489550002,5094309919,5557500020,6548569965,4720149965,4815909983,5361530012,4409529986,5270130035,4664240053,5481690050,6341770019,6049229977,6695509885,6299740059,8572549969,8293190063,9155590143,9577520007,9625329946,10065419926,9530920116,10036400064,10945790217,8286739990,10059729989,8548189962
Lao PDR,Net official development assistance and official aid received (current US$),155179992.7,191240005.5,246470001.2,248470001.2,243229995.7,212279998.8,250820007.3,233610000.6,204630004.9,234360000.6,253669998.2,230979995.7,241289993.3,307239990.2,344089996.3,457390014.6,373119995.1,389209991.5,371950012.2,410700012.2,423329986.6,474420013.4,471089996.3,399459991.5,480359985.4,588669982.9,631510009.8
Lebanon,Net official development assistance and official aid received (current US$),140369995.1,228029998.8,191289993.3,235259994.5,261239990.2,340829986.6,194509994.5,201190002.4,198970001.2,204020004.3,534640014.6,266670013.4,230720001.2,819039978,978969970.7,1068359985,580080017.1,445089996.3,475489990.2,711580017.1,621599975.6,820950012.2,965609985.4,1129339966,1303040039,1422180054,1525489990
Liberia,Net official development assistance and official aid received (current US$),122330001.8,63400001.53,123099998.5,172669998.2,75690002.44,71989997.86,93949996.95,67419998.17,38479999.54,54990001.68,106779998.8,213389999.4,222089996.3,260899993.9,1123020020,1250410034,510750000,1416109985,762250000,566710022,535929992.7,749590026.9,1094430054,819179992.7,631590026.9,573229980.5,597309997.6
Libya,Net official development assistance and official aid received (current US$),2869999.886,3950000.048,5840000.153,3769999.981,3980000.019,5550000.191,4699999.809,13750000,6949999.809,6969999.79,7909999.847,12500000,23840000.15,37509998.32,19409999.85,74199996.95,40040000.92,7610000.134,641099975.6,87120002.75,128830001.8,210279998.8,157369995.1,179490005.5,431869995.1,303440002.4,316010009.8
St. Lucia,Net official development assistance and official aid received (current US$),25629999.16,31500000,48220001.22,38580001.83,25459999.08,6210000.038,25739999.77,11090000.15,16329999.92,33290000.92,15560000.42,-21670000.08,10680000.31,18639999.39,19440000.53,16690000.53,38990001.68,41150001.53,35290000.92,26799999.24,25360000.61,19370000.84,13760000.23,15229999.54,15380000.11,8560000.42,32110000.61
Latin America & Caribbean,Net official development assistance and official aid received (current US$),5131609999,5586979918,6049030019,6997509975,5077199960,5156639980,5643310010,4671969983,5573090036,4885070050,5888100053,6594360013,6397829980,7014379884,6674550062,8968239969,8622280060,9626160145,9934470009,10028189943,10294329924,9962540120,10133120065,11188710220,8494669986,10299439984,8877879963
Least developed countries: UN classification,Net official development assistance and official aid received (current US$),,,,,,,,,,,,,,,,,,,,,,,,,,,
Low income,Net official development assistance and official aid received (current US$),9426909877,10658899899,9544290035,8180670010,7864229988,7752469929,7145959961,6784099983,8471219940,11808110138,17020049816,16888900158,18389310184,20369139933,24690840004,27915489937,29374520142,33188319618,34425949989,33089719955,35079580017,35626820221,36209840248,40562190376,45029019287,49969879593,49875309654
Liechtenstein,Net official development assistance and official aid received (current US$),,,,,,,,,,,,,,,,,,,,,,,,,,,
Sri Lanka,Net official development assistance and official aid received (current US$),544539978,512469970.7,471470001.2,347670013.4,253789993.3,321519989,181970001.2,222429992.7,265959991.5,249880004.9,525909973.1,408350006.1,1039760010,685010009.8,506519989,634500000,606479980.5,558590026.9,612640014.6,490890014.6,403170013.4,491630004.9,445010009.8,373480011,316170013.4,-247369995.1,197350006.1
Lower middle income,Net official development assistance and official aid received (current US$),20601269947,23955089995,22325039914,21322649957,18218299997,19138769966,18896220076,18170840093,20579050163,21108920071,21684289986,25837539832,32166030067,38800149904,32316029814,33929129795,39292800020,39140480450,41171820145,43484100364,53023620277,49241190365,45087469860,43001720097,45126029835,42137980312,47092100067
Low & middle income,Net official development assistance and official aid received (current US$),56205907715,60063948242,59733471191,54406188477,49098779541,51907479492,54788208984,51576988770,52861252441,62990270996,72579603271,81293860107,1.07E+11,1.05E+11,1.06E+11,1.24E+11,1.24E+11,1.28E+11,1.38E+11,1.33E+11,1.50E+11,1.61E+11,1.46E+11,1.58E+11,1.64E+11,1.66E+11,1.68E+11
Lesotho,Net official development assistance and official aid received (current US$),143059997.6,115620002.7,112650001.5,103209999.1,91489997.86,61849998.47,31670000.08,37169998.17,55549999.24,77000000,79129997.25,95309997.56,68440002.44,71190002.44,130899993.9,144710006.7,122269996.6,256049987.8,256769989,276260009.8,320670013.4,107169998.2,86489997.86,112069999.7,145660003.7,153690002.4,145979995.7
Late-demographic dividend,Net official development assistance and official aid received (current US$),,,,,,,,,,,,,,,,,,,,,,,,,,,
Lithuania,Net official development assistance and official aid received (current US$),62200000.76,71430000.31,179130004.9,90720001.22,103580001.8,130130004.9,132399993.9,97819999.69,130229995.7,132210006.7,370880004.9,249380004.9,,,,,,,,,,,,,,,
Luxembourg,Net official development assistance and official aid received (current US$),,,,,,,,,,,,,,,,,,,,,,,,,,,
Latvia,Net official development assistance and official aid received (current US$),33310001.37,52759998.32,63349998.47,72190002.44,81199996.95,97889999.39,98930000.31,90589996.34,105180000.3,75199996.95,113370002.7,161809997.6,,,,,,,,,,,,,,,
"Macao SAR, China",Net official development assistance and official aid received (current US$),180000.0072,289999.9917,-4010000.229,319999.9928,360000.0143,500000,319999.9928,680000.0072,529999.9714,980000.0191,129999.9952,119999.9973,,,,,,,,,,,,,,,
St. Martin (French part),Net official development assistance and official aid received (current US$),,,,,,,,,,,,,,,,,,,,,,,,,,,
Morocco,Net official development assistance and official aid received (current US$),780000000,683520019.5,500559997.6,649590026.9,471559997.6,531210022,681940002.4,447380004.9,493850006.1,364390014.6,584390014.6,780599975.6,732640014.6,1101530029,1219229980,1453359985,1045959961,985500000,1440239990,1471140015,2008650024,2240149902,1518280029,2062310059,2427649902,818200012.2,757859985.4
Monaco,Net official development assistance and official aid received (current US$),,,,,,,,,,,,,,,,,,,,,,,,,,,
Moldova,Net official development assistance and official aid received (current US$),28809999.47,54270000.46,65819999.69,36360000.61,65290000.92,39779998.78,107260002.1,122650001.5,119239997.9,142979995.7,119059997.6,119900001.5,169710006.7,224820007.3,270299987.8,298170013.4,245779998.8,473010009.8,461690002.4,475489990.2,348690002.4,517799987.8,312579986.6,262049987.8,243210006.7,230509994.5,342690002.4
Madagascar,Net official development assistance and official aid received (current US$),361220001.2,288140014.6,299410003.7,354690002.4,837669982.9,484670013.4,362390014.6,324480011,374529998.8,373940002.4,545359985.4,1252520020,916150024.4,784409973.1,896830017.1,847200012.2,434510009.8,477309997.6,447279998.8,368489990.2,499279998.8,588119995.1,677510009.8,621580017.1,779039978,695840026.9,756169982.9
Maldives,Net official development assistance and official aid received (current US$),26540000.92,27489999.77,52490001.68,26489999.77,23479999.54,24829999.92,30420000.08,18139999.39,22299999.24,21530000.69,17000000,26620000.84,72389999.39,34090000.15,33790000.92,52930000.31,29090000.15,88279998.78,49830001.83,56729999.54,21700000.76,22540000.92,23989999.77,22709999.08,46479999.54,131429992.7,72080001.83
Middle East & North Africa,Net official development assistance and official aid received (current US$),7239709974,8482250066,6049049883,8352679907,6907199941,7314299971,6309470008,5660689941,5173360026,5612479944,8870149879,11311219825,28264389896,17181700251,18003889759,24222650215,13675179916,12273710113,15597039665,13656770119,25861659805,32511739838,19311190262,26468600037,28100299438,32132330185,29074119453
Mexico,Net official development assistance and official aid received (current US$),446410003.7,450220001.2,410559997.6,305429992.7,113800003.1,30040000.92,45950000.76,-40459999.08,98940002.44,135550003.1,115639999.4,135929992.7,200000000,245899993.9,112459999.1,148300003.1,186679992.7,454730011,967020019.5,407929992.7,562390014.6,814890014.6,321070007.3,809340026.9,754609985.4,549299987.8,535789978
Marshall Islands,Net official development assistance and official aid received (current US$),30159999.85,46330001.83,33389999.39,69940002.44,52930000.31,42479999.54,59080001.83,47459999.08,67709999.08,55729999.54,52130001.07,49919998.17,56290000.92,55330001.83,53319999.69,53209999.08,61169998.17,24930000.31,84519996.64,83849998.47,93739997.86,55700000.76,57060001.37,12560000.42,72510002.14,54389999.39,65970001.22
Middle income,Net official development assistance and official aid received (current US$),37098387939,38272948242,37983861572,34368589600,29265880981,31947889160,35428990479,32088829346,33209720947,36287569336,38163640015,43887238281,67871046875,61576250000,54979378906,60324761719,58471140625,56223109375,61746558594,61335539063,70281882813,68166109375,63065648438,64890750000,66264968750,62532980469,64364621094
North Macedonia,Net official development assistance and official aid received (current US$),3319999.933,104260002.1,78800003.05,105389999.4,98279998.78,104910003.7,276950012.2,250850006.1,247639999.4,273859985.4,266109985.4,264000000,227399993.9,200850006.1,201830001.8,202800003.1,194220001.2,194309997.6,192289993.3,147710006.7,196729995.7,211919998.2,214320007.3,168350006.1,149949996.9,170179992.7,141800003.1
Mali,Net official development assistance and official aid received (current US$),369959991.5,440149993.9,540409973.1,490170013.4,429329986.6,346820007.3,354390014.6,288040008.5,351739990.2,420480011,556229980.5,585299987.8,724590026.9,869200012.2,1021010010,967750000,984659973.1,1091459961,1267619995,995580017.1,1397560059,1235839966,1201640015,1205160034,1360079956,1499569946,1863209961
Malta,Net official development assistance and official aid received (current US$),30870000.84,42490001.68,9210000.038,72169998.17,22389999.39,21870000.84,25100000.38,21239999.77,1700000.048,11039999.96,9109999.657,6190000.057,,,,,,,,,,,,,,,
Myanmar,Net official development assistance and official aid received (current US$),103529998.8,177149993.9,160449996.9,49419998.17,61040000.92,72430000.31,81050003.05,105639999.4,125669998.2,119029998.8,125019996.6,123449996.9,144830001.8,145710006.7,195889999.4,534590026.9,355959991.5,354920013.4,379950012.2,504529998.8,3936120117,1384459961,1168500000,1536660034,1542339966,1712050049,2079929932
Middle East & North Africa (excluding high income),Net official development assistance and official aid received (current US$),5676859937,6934940009,5498919888,5799829891,5431319966,5441200032,5223479983,4668359943,4896110023,4674679945,8195879887,10634699821,28220239895,17103330252,17920979771,24148000214,13530689911,12295320114,15597039665,13656770119,25861659805,32511739838,19311190262,26468600037,28100299438,32132330185,29074119453
Montenegro,Net official development assistance and official aid received (current US$),,,,,,,,,,,8140000.343,20129999.16,3859999.895,95589996.34,105650001.5,104470001.2,76489997.86,80069999.69,126629997.3,103089996.3,117180000.3,100419998.2,99959999.08,85730003.36,117989997.9,156210006.7,96940002.44
Mongolia,Net official development assistance and official aid received (current US$),106870002.7,156350006.1,153179992.7,165179992.7,183550003.1,171789993.3,176559997.6,185570007.3,183300003.1,183559997.6,213570007.3,219490005.5,195199996.9,182399993.9,212089996.3,230630004.9,306760009.8,286660003.7,337450012.2,446529998.8,430519989,316910003.7,236339996.3,325670013.4,765590026.9,333519989,314529998.8
Northern Mariana Islands,Net official development assistance and official aid received (current US$),88949996.95,2299999.952,-699999.9881,-1570000.052,689999.9976,200000.003,119999.9973,180000.0072,,,,,,,,,,,,,,,,,,,
Mozambique,Net official development assistance and official aid received (current US$),1176959961,1199939941,1063390015,886729980.5,948210022,1039949951,818669982.9,907390014.6,961469970.7,2217370117,1049520020,1244290039,1289859985,1641939941,1784989990,1993089966,2013599976,1943130005,2065469971,2071699951,2312699951,2106010010,1819119995,1533770020,1806089966,1823510010,1907780029
Mauritania,Net official development assistance and official aid received (current US$),337839996.3,268940002.4,230229995.7,272269989,239070007.3,165860000.6,222699996.9,223630004.9,282739990.2,363459991.5,260850006.1,194770004.3,188800003.1,216320007.3,348850006.1,454790008.5,375980011,373609985.4,381720001.2,409790008.5,294739990.2,260709991.5,329459991.5,307290008.5,291730011,448380004.9,412179992.7
Mauritius,Net official development assistance and official aid received (current US$),26739999.77,14840000.15,23819999.69,20329999.92,42060001.37,40409999.85,41819999.69,20750000,21280000.69,23850000.38,-14520000.46,32799999.24,34400001.53,19129999.16,69209999.08,108680000.3,156029998.8,124589996.3,185690002.4,176679992.7,145740005.5,44590000.15,78419998.17,42340000.15,14630000.11,69180000.31,22180000.31
Malawi,Net official development assistance and official aid received (current US$),497339996.3,471140014.6,435140014.6,492540008.5,344100006.1,434679992.7,446779998.8,448149993.9,411100006.1,379739990.2,519570007.3,507420013.4,573650024.4,722869995.1,766669982.9,924739990.2,773710022,1016849976,798280029.3,1170910034,1132550049,931159973.1,1049380005,1241609985,1520439941,1279310059,1206219971
Malaysia,Net official development assistance and official aid received (current US$),94010002.14,65690002.44,106750000,-456600006.1,-240339996.3,201740005.5,145929992.7,48650001.53,29329999.92,89339996.34,110319999.7,299230011,29219999.31,241360000.6,202149993.9,156350006.1,139919998.2,-6139999.866,40810001.37,18319999.69,-113309997.6,19920000.08,-600000.0238,-51819999.69,-29250000,-34549999.24,5989999.771
North America,Net official development assistance and official aid received (current US$),-4820000.172,-12479999.54,-2079999.924,-4070000.172,-8220000.267,550000.0119,79999.99821,59999.99866,19999.99955,19999.99955,29999.99933,90000.00358,0,0,0,0,0,0,0,0,0,0,0,0,0,0,0
Namibia,Net official development assistance and official aid received (current US$),152550003.1,137100006.1,190369995.1,185919998.2,165160003.7,180830001.8,178630004.9,152410003.7,109510002.1,135020004.3,148380004.9,175330001.8,113379997.3,149330001.8,220850006.1,205490005.5,331130004.9,261329986.6,278209991.5,252440002.4,261040008.5,226220001.2,142380004.9,170190002.4,190449996.9,159449996.9,148410003.7
New Caledonia,Net official development assistance and official aid received (current US$),394730011,408429992.7,451209991.5,396140014.6,338820007.3,338390014.6,314510009.8,350170013.4,294149993.9,323829986.6,453899993.9,524340026.9,,,,,,,,,,,,,,,
Niger,Net official development assistance and official aid received (current US$),338519989,372950012.2,272390014.6,252059997.6,333230011,292339996.3,187270004.3,209210006.7,258980011,295809997.6,481019989,548679992.7,523090026.9,541940002.4,575450012.2,615450012.2,470630004.9,741380004.9,644669982.9,891140014.6,797299987.8,917780029.3,869280029.3,952479980.5,1224699951,1199520020,1490349976
Nigeria,Net official development assistance and official aid received (current US$),288420013.4,189660003.7,210960006.7,188750000,199839996.3,203339996.3,151990005.5,173800003.1,167820007.3,299549987.8,309850006.1,578770019.5,6401790039,11431959961,1958599976,1293719971,1639229980,2052360107,1809859985,1916170044,2515719971,2478600098,2431540039,2498189941,3358959961,3304949951,3517320068
Nicaragua,Net official development assistance and official aid received (current US$),316929992.7,538539978,569070007.3,883359985.4,354160003.7,504510009.8,597739990.2,501929992.7,825070007.3,416049987.8,737340026.9,1104910034,656349975.6,623849975.6,729799987.8,662229980.5,661429992.7,511160003.7,536580017.1,532320007.3,495799987.8,432170013.4,457920013.4,430980011,562590026.9,353760009.8,389239990.2
Netherlands,Net official development assistance and official aid received (current US$),,,,,,,,,,,,,,,,,,,,,,,,,,,
Norway,Net official development assistance and official aid received (current US$),,,,,,,,,,,,,,,,,,,,,,,,,,,
Nepal,Net official development assistance and official aid received (current US$),299380004.9,384160003.7,380630004.9,331339996.3,315339996.3,307730011,292230011,311239990.2,347820007.3,334500000,452880004.9,429660003.7,407230011,452510009.8,556969970.7,614659973.1,708989990.2,767349975.6,749320007.3,769679992.7,873330017.1,883820007.3,1224439941,1064500000,1269650024,1452260010,1360739990
Nauru,Net official development assistance and official aid received (current US$),419999.9869,11119999.89,2529999.971,3250000,2619999.886,2119999.886,6550000.191,4000000,7260000.229,11720000.27,16139999.39,13750000,9239999.771,17520000.46,25610000.61,31239999.77,23430000.31,27780000.69,37529998.78,35619998.93,28750000,22520000.46,31250000,22680000.31,25760000.23,37529998.78,54330001.83
New Zealand,Net official development assistance and official aid received (current US$),,,,,,,,,,,,,,,,,,,,,,,,,,,
OECD members,Net official development assistance and official aid received (current US$),,,,,,,,,,,,,,,,,,,,,,,,,,,
Oman,Net official development assistance and official aid received (current US$),129679992.7,155470001.2,75089996.34,82930000.31,100400001.5,555739990.2,53150001.53,79669998.17,8310000.42,76970001.22,64309997.56,100339996.3,19040000.92,54069999.69,213979995.7,74650001.53,144490005.5,-21610000.61,,,,,,,,,
Other small states,Net official development assistance and official aid received (current US$),,,,,,,,,,,,,,,,,,,,,,,,,,,
Pakistan,Net official development assistance and official aid received (current US$),826059997.6,1187180054,500640014.6,687250000,682229980.5,825549987.8,613630004.9,549619995.1,1785150024,1951550049,1043199951,1327510010,1476699951,2059510010,2003900024,1060079956,2532870117,2933209961,3714360107,2017410034,2194469971,3615820068,3764020020,2961110107,2364310059,1386930054,2170739990
Panama,Net official development assistance and official aid received (current US$),80709999.08,38470001.22,46549999.24,58020000.46,54930000.31,32060001.37,24350000.38,26950000.76,34819999.69,29780000.69,36540000.92,30969999.31,28440000.53,38810001.37,-127669998.2,35439998.63,66550003.05,129610000.6,110940002.4,51349998.47,9210000.038,-193259994.5,10250000,22610000.61,41750000,39099998.47,71459999.08
Peru,Net official development assistance and official aid received (current US$),577000000,347209991.5,386950012.2,331700012.2,402339996.3,492820007.3,459279998.8,412670013.4,461089996.3,497540008.5,509160003.7,479079986.6,465420013.4,459899993.9,321339996.3,474589996.3,442950012.2,-298890014.6,590719970.7,385559997.6,363660003.7,328299987.8,334829986.6,320200012.2,-1259999.99,450760009.8,475899993.9
Philippines,Net official development assistance and official aid received (current US$),1390089966,1008820007,857570007.3,860909973.1,630840026.9,592719970.7,662549987.8,552799987.8,553179992.7,553179992.7,724770019.5,465010009.8,587760009.8,595010009.8,636289978,66879997.25,339690002.4,582450012.2,-135869995.1,-3369999.886,192059997.6,677440002.4,514950012.2,283649993.9,160479995.7,547340026.9,905380004.9
Palau,Net official development assistance and official aid received (current US$),9999.999776,201889999.4,142320007.3,63020000.46,38380001.07,89120002.75,28840000.15,39130001.07,34279998.78,31459999.08,25829999.92,19780000.69,23670000.08,37389999.39,22409999.85,42290000.92,34919998.17,28750000,24520000.46,15460000.04,35419998.17,23479999.54,13930000.31,17799999.24,22149999.62,84540000.92,24940000.53
Papua New Guinea,Net official development assistance and official aid received (current US$),282890014.6,298750000,358320007.3,379220001.2,338700012.2,358799987.8,212410003.7,274980011,205949996.9,203600006.1,222839996.3,262149993.9,268390014.6,273690002.4,328660003.7,306420013.4,405410003.7,514280029.3,616479980.5,670270019.5,657440002.4,581909973.1,591390014.6,531580017.1,532630004.9,790330017.1,667349975.6
Poland,Net official development assistance and official aid received (current US$),1071560059,1809520020,3788879883,1164369995,860479980.5,875330017.1,1179150024,1393410034,958489990.2,876440002.4,1185640015,1520160034,,,,,,,,,,,,,,,
Pre-demographic dividend,Net official development assistance and official aid received (current US$),,,,,,,,,,,,,,,,,,,,,,,,,,,
Puerto Rico,Net official development assistance and official aid received (current US$),,,,,,,,,,,,,,,,,,,,,,,,,,,
"Korea, Dem. People’s Rep.",Net official development assistance and official aid received (current US$),14060000.42,5659999.847,13479999.54,25569999.69,88430000.31,105260002.1,200929992.7,73550003.05,117889999.4,264399993.9,131139999.4,160850006.1,87449996.95,55180000.31,99569999.69,206229995.7,65220001.22,78830001.83,118489997.9,97870002.75,109099998.5,153529998.8,131429992.7,119650001.5,133119995.1,120510002.1,151289993.3
Portugal,Net official development assistance and official aid received (current US$),,,,,,,,,,,,,,,,,,,,,,,,,,,
Paraguay,Net official development assistance and official aid received (current US$),106279998.8,90330001.83,121309997.6,71980003.36,82019996.64,60689998.63,74040000.92,80190002.44,68889999.39,65989997.86,65500000,34549999.24,63619998.93,68989997.86,120660003.7,138559997.6,161669998.2,112360000.6,79980003.36,104569999.7,130710006.7,62419998.17,60180000.31,88540000.92,142750000,164509994.5,129880004.9
West Bank and Gaza,Net official development assistance and official aid received (current US$),178740005.5,471980011,514109985.4,552409973.1,613030029.3,612570007.3,580549987.8,684500000,997590026.9,971609985.4,1041839966,1160839966,1015710022,1360250000,1717109985,2470080078,2827669922,2512560059,2434739990,2006109985,2602330078,2487840088,1872209961,2401659912,2147179932,2296110107,2234330078
Pacific island small states,Net official development assistance and official aid received (current US$),,,,,,,,,,,,,,,,,,,,,,,,,,,
Post-demographic dividend,Net official development assistance and official aid received (current US$),,,,,,,,,,,,,,,,,,,,,,,,,,,
French Polynesia,Net official development assistance and official aid received (current US$),333489990.2,367910003.7,450929992.7,404070007.3,367390014.6,370369995.1,351500000,402589996.3,388329986.6,418390014.6,518539978,579750000,,,,,,,,,,,,,,,
Qatar,Net official development assistance and official aid received (current US$),3769999.981,3220000.029,3740000.01,3279999.971,2059999.943,2660000.086,6340000.153,1940000.057,3910000.086,5019999.981,4820000.172,3630000.114,,,,,,,,,,,,,,,
Romania,Net official development assistance and official aid received (current US$),166679992.7,154389999.4,297850006.1,230919998.2,218419998.2,366119995.1,386390014.6,430769989,646580017.1,418149993.9,597729980.5,910950012.2,,,,,,,,,,,,,,,
Russian Federation,Net official development assistance and official aid received (current US$),2419399902,1846890015,1916780029,1403150024,903010009.8,1183119995,1937319946,1553719971,1089810059,1284520020,1244479980,1319550049,,,,,,,,,,,,,,,
Rwanda,Net official development assistance and official aid received (current US$),353910003.7,711750000,694700012.2,465309997.6,229729995.7,350130004.9,373140014.6,321459991.5,304660003.7,359589996.3,335959991.5,491140014.6,572710022,605390014.6,780039978,935500000,934250000,1033089966,1263209961,878640014.6,1086290039,1035030029,1088439941,1150469971,1231329956,1119660034,1191099976
South Asia,Net official development assistance and official aid received (current US$),4613720020,6117210093,4453159962,4488510042,4074329994,4284769922,3822920023,3644300041,5534260006,6386380079,5672769974,6732410093,9018010022,8716180012,10921769829,11186779800,13776020321,14937079826,16802860359,14128850086,13939530216,15584860260,15700559961,13996790146,14985200001,12219479950,15465510086
Saudi Arabia,Net official development assistance and official aid received (current US$),29069999.69,16719999.31,16989999.77,14079999.92,1379999.995,16590000.15,22149999.62,21959999.08,13109999.66,16780000.69,13789999.96,20239999.77,25110000.61,24299999.24,-131070007.3,709999.9785,289999.9917,,,,,,,,,,
Sudan,Net official development assistance and official aid received (current US$),447899993.9,408290008.5,237429992.7,218100006.1,138940002.4,211210006.7,246339996.3,225289993.3,192259994.5,304929992.7,620229980.5,994580017.1,1826109985,2048439941,2120590088,2566429932,2352469971,2025849976,1742400024,1369130005,1507329956,874679992.7,969700012.2,809090026.9,862409973.1,967489990.2,1624670044
Senegal,Net official development assistance and official aid received (current US$),493119995.1,635489990.2,652340026.9,573880004.9,424529998.8,502079986.6,535979980.5,432149993.9,423579986.6,445279998.8,458279998.8,1066339966,701349975.6,869359985.4,865330017.1,1065829956,1017989990,936400024.4,1054599976,1075780029,994479980.5,1108680054,869400024.4,731219970.7,908179992.7,998940002.4,1443880005
Singapore,Net official development assistance and official aid received (current US$),23639999.39,16860000.61,16659999.85,14880000.11,2809999.943,1620000.005,-1110000.014,1090000.033,850000.0238,7190000.057,7070000.172,9140000.343,,,,,,,,,,,,,,,
Solomon Islands,Net official development assistance and official aid received (current US$),53430000.31,46889999.39,47830001.83,42750000,41790000.92,28629999.16,40069999.69,68379997.25,59180000.31,26180000.31,61939998.63,121559997.6,196789993.3,199699996.9,237169998.2,224160003.7,205779998.8,332850006.1,327880004.9,305100006.1,289829986.6,200520004.3,190029998.8,175500000,186809997.6,195559997.6,223889999.4
Sierra Leone,Net official development assistance and official aid received (current US$),206470001.2,273730011,212270004.3,182520004.3,118010002.1,106529998.8,73730003.36,180639999.4,334630004.9,383209991.5,337170013.4,376230011,339980011,380339996.3,550530029.3,379339996.3,447290008.5,458299987.8,423890014.6,439750000,449070007.3,914030029.3,946820007.3,693260009.8,541169982.9,507980011,594640014.6
El Salvador,Net official development assistance and official aid received (current US$),341100006.1,273380004.9,279190002.4,274070007.3,265940002.4,187470001.2,197940002.4,192440002.4,252949996.9,249460006.7,211419998.2,237339996.3,218490005.5,178240005.5,107529998.8,243309997.6,292420013.4,302420013.4,297390014.6,219910003.7,169139999.4,98069999.69,89699996.95,128970001.2,151619995.1,253440002.4,305640014.6
San Marino,Net official development assistance and official aid received (current US$),,,,,,,,,,,,,,,,,,,,,,,,,,,
Somalia,Net official development assistance and official aid received (current US$),892119995.1,535119995.1,187929992.7,88180000.31,81180000.31,81319999.69,115699996.9,102230003.4,149300003.1,152720001.2,176179992.7,201279998.8,240220001.2,396170013.4,393739990.2,765869995.1,661640014.6,505679992.7,1098979980,990460022,1054579956,1109199951,1260560059,1183640015,1760369995,1575180054,1865579956
Serbia,Net official development assistance and official aid received (current US$),,49220001.22,95059997.56,69510002.14,97360000.61,108230003.4,707400024.4,1134270020,1304180054,2084639893,1310479980,1159699951,1068489990,1579589966,842460022,975890014.6,623140014.6,661469970.7,1379170044,1087780029,780270019.5,367049987.8,312480011,633469970.7,1688420044,1070020020,570700012.2
Sub-Saharan Africa (excluding high income),Net official development assistance and official aid received (current US$),17277129900,19151559784,18589920097,16300660059,14854800032,14430289968,13192960072,13012830087,14261540023,18970730118,24849029913,26448710003,32783320145,41157109867,36135010303,40215629883,44254090176,44223909771,47284939728,46714430058,47671100197,46447200043,44754540089,44302510124,49551899611,50470799862,55181060062
South Sudan,Net official development assistance and official aid received (current US$),,,,,,,,,,,,,,,,,,,435829986.6,1186260010,1399300049,1964119995,1674829956,1587030029,2183239990,1577500000,1885270020
Sub-Saharan Africa,Net official development assistance and official aid received (current US$),17349529900,19194359783,18636510098,16350740059,14895890032,14476799969,13226520071,13057700088,14288190022,19048810118,24879349914,26488490003,32838650146,41197029866,36172450304,40255199884,44309030176,44362909771,47332209726,46763630057,47703150197,46459720043,44768810089,44315230124,49575029612,50477519862,55245130062
Small states,Net official development assistance and official aid received (current US$),,,,,,,,,,,,,,,,,,,,,,,,,,,
Sao Tome and Principe,Net official development assistance and official aid received (current US$),46490001.68,49930000.31,84089996.34,47400001.53,33419998.17,28059999.47,27520000.46,34939998.63,38180000.31,26090000.15,37849998.47,33680000.31,32700000.76,23059999.47,51069999.69,47290000.92,30459999.08,50189998.63,73480003.36,50700000.76,53750000,41380001.07,48950000.76,47040000.92,40240001.68,46259998.32,51369998.93
Suriname,Net official development assistance and official aid received (current US$),78029998.78,60020000.46,76730003.36,108470001.2,75379997.25,57950000.76,33819999.69,34830001.83,23750000,12329999.92,11140000.34,24799999.24,42880001.07,63029998.78,150309997.6,100019996.6,154520004.3,100809997.6,76330001.83,40349998.47,30819999.69,13390000.34,15979999.54,16530000.69,20129999.16,14180000.31,23379999.16
Slovak Republic,Net official development assistance and official aid received (current US$),50520000.46,78389999.39,97959999.08,97589996.34,70419998.17,154820007.3,318709991.5,112989997.9,164039993.3,152649993.9,161869995.1,234789993.3,,,,,,,,,,,,,,,
Slovenia,Net official development assistance and official aid received (current US$),7139999.866,31870000.84,52540000.92,82199996.95,96620002.75,39759998.32,31049999.24,60810001.37,125559997.6,52759998.32,56209999.08,62220001.22,,,,,,,,,,,,,,,
Sweden,Net official development assistance and official aid received (current US$),,,,,,,,,,,,,,,,,,,,,,,,,,,
Eswatini,Net official development assistance and official aid received (current US$),54209999.08,57779998.78,57750000,33049999.24,28440000.53,34959999.08,29149999.62,13130000.11,29149999.62,22159999.85,34189998.63,21920000.08,46709999.08,34779998.78,50669998.17,70010002.14,55770000.46,91139999.39,124089996.3,89620002.75,117790000.9,86370002.75,92629997.25,147639999.4,147610000.6,121300003.1,73400001.53
Sint Maarten (Dutch part),Net official development assistance and official aid received (current US$),,,,,,,,,,,,,,,,,,,,,,,,,,,
Seychelles,Net official development assistance and official aid received (current US$),19739999.77,13069999.69,13189999.58,19260000.23,17200000.76,24350000.38,13319999.69,23600000.38,13409999.85,57930000.31,9390000.343,10630000.11,17200000.76,13710000.04,6079999.924,7489999.771,23159999.85,53930000.31,22719999.31,34750000,27420000.08,12000000,6780000.21,5800000.191,16200000.76,,
Syrian Arab Republic,Net official development assistance and official aid received (current US$),258579986.6,744020019.5,355970001.2,215990005.5,198110000.6,156020004.3,229369995.1,159759994.5,153679992.7,62819999.69,118389999.4,106510002.1,71099998.47,19920000.08,84199996.95,157740005.5,203619995.1,131059997.6,335519989,1671599976,3637929932,4174310059,4920470215,8899750000,10427849609,9997000000,10249809570
Turks and Caicos Islands,Net official development assistance and official aid received (current US$),10899999.62,15789999.96,5550000.191,4179999.828,4199999.809,6019999.981,7380000.114,6650000.095,6670000.076,4099999.905,2200000.048,3150000.095,5199999.809,-419999.9869,15390000.34,,,,,,,,,,,,
Chad,Net official development assistance and official aid received (current US$),223470001.2,212289993.3,235020004.3,295779998.8,227960006.7,174440002.4,187929992.7,131330001.8,188600006.1,229250000,251990005.5,332079986.6,386440002.4,290730011,367980011,441809997.6,558330017.1,490160003.7,457660003.7,475130004.9,459339996.3,391929992.7,606409973.1,624460022,648979980.5,875159973.1,707049987.8
East Asia & Pacific (IDA & IBRD countries),Net official development assistance and official aid received (current US$),,,,,,,,,,,,,,,,,,,,,,,,,,,
Europe & Central Asia (IDA & IBRD countries),Net official development assistance and official aid received (current US$),,,,,,,,,,,,,,,,,,,,,,,,,,,
Togo,Net official development assistance and official aid received (current US$),95819999.69,124650001.5,191339996.3,155399993.9,125129997.3,128460006.7,71529998.78,69629997.25,46090000.15,51130001.07,50090000.15,65129997.25,82610000.61,79830001.83,122489997.9,330140014.6,494510009.8,403380004.9,542380004.9,245080001.8,226320007.3,210940002.4,199470001.2,168250000,344950012.2,296959991.5,411619995.1
Thailand,Net official development assistance and official aid received (current US$),581900024.4,577780029.3,836380004.9,831440002.4,624869995.1,699840026.9,1015940002,700669982.9,284350006.1,297799987.8,-938590026.9,51860000.61,-164580001.8,-214169998.2,-307230011,-615510009.8,-31030000.69,-20360000.61,-134119995.1,-131369995.1,28790000.92,354510009.8,58669998.17,227779998.8,250220001.2,-419350006.1,-338200012.2
Tajikistan,Net official development assistance and official aid received (current US$),25959999.08,66500000,65080001.83,103139999.4,85940002.44,160589996.3,112629997.3,111769996.6,162639999.4,154699996.9,133300003.1,228919998.2,226369995.1,206809997.6,196429992.7,234160003.7,298250000,387950012.2,282130004.9,394230011,390549987.8,356459991.5,432250000,359730011,328190002.4,403570007.3,366559997.6
Turkmenistan,Net official development assistance and official aid received (current US$),31090000.15,26579999.92,30700000.76,23639999.39,20819999.69,27530000.69,25350000.38,35529998.78,74930000.31,44110000.61,28840000.15,54040000.92,29049999.24,41110000.61,28770000.46,18120000.84,40639999.39,43799999.24,40819999.69,37659999.85,35909999.85,34479999.54,22950000.76,32229999.54,28139999.39,20459999.08,25360000.61
Latin America & the Caribbean (IDA & IBRD countries),Net official development assistance and official aid received (current US$),,,,,,,,,,,,,,,,,,,,,,,,,,,
Timor-Leste,Net official development assistance and official aid received (current US$),419999.9869,230000.0042,19999.99955,79999.99821,430000.0072,1669999.957,152820007.3,231270004.3,194169998.2,219050003.1,175029998.8,161240005.5,184619995.1,209139999.4,279959991.5,271350006.1,212399993.9,289950012.2,275720001.2,283640014.6,258570007.3,249539993.3,212289993.3,223699996.9,231960006.7,207649993.9,235929992.7
Middle East & North Africa (IDA & IBRD countries),Net official development assistance and official aid received (current US$),,,,,,,,,,,,,,,,,,,,,,,,,,,
Tonga,Net official development assistance and official aid received (current US$),28420000.08,29329999.92,32040000.92,29319999.69,25670000.08,20090000.15,19319999.69,16420000.08,20639999.39,18010000.23,22260000.23,20309999.47,32889999.39,22559999.47,32020000.46,25639999.39,36849998.47,66319999.69,88559997.56,78180000.31,81089996.34,80330001.83,68400001.53,82610000.61,87230003.36,87769996.64,107949996.9
South Asia (IDA & IBRD),Net official development assistance and official aid received (current US$),,,,,,,,,,,,,,,,,,,,,,,,,,,
Sub-Saharan Africa (IDA & IBRD countries),Net official development assistance and official aid received (current US$),,,,,,,,,,,,,,,,,,,,,,,,,,,
Trinidad and Tobago,Net official development assistance and official aid received (current US$),1429999.948,20149999.62,23610000.61,15100000.38,33479999.54,14560000.42,26930000.31,-1559999.943,-6179999.828,-9430000.305,-3140000.105,-1519999.981,-2410000.086,12289999.96,20469999.31,9289999.962,6699999.809,4340000.153,,,,,,,,,
Tunisia,Net official development assistance and official aid received (current US$),243199996.9,105790000.9,75389999.39,126860000.6,195220001.2,150960006.7,253429992.7,222839996.3,366220001.2,217350006.1,301670013.4,333690002.4,368350006.1,436850006.1,326489990.2,378760009.8,493690002.4,550150024.4,925229980.5,1022130005,714659973.1,922700012.2,495869995.1,646820007.3,811890014.6,806780029.3,984030029.3
Turkey,Net official development assistance and official aid received (current US$),447730011,198350006.1,313559997.6,246080001.8,6760000.229,28090000.15,12449999.81,328570007.3,133259994.5,273440002.4,167639999.4,288880004.9,399329986.6,569260009.8,795659973.1,1117479980,1356239990,1049589966,3288270020,3112169922,2847840088,3446770020,2141260010,3609090088,3147209961,1189800049,824909973.1
Tuvalu,Net official development assistance and official aid received (current US$),4050000.191,6739999.771,7440000.057,10340000.15,10130000.11,5190000.057,3980000.019,4030000.21,8340000.153,11710000.04,6179999.828,8020000.458,9020000.458,14229999.54,10689999.58,15750000,15930000.31,13909999.85,37250000,25479999.54,27590000.15,34299999.24,49650001.53,24440000.53,28530000.69,20190000.53,36479999.54
Tanzania,Net official development assistance and official aid received (current US$),944429992.7,963570007.3,871049987.8,867210022,943849975.6,1001500000,991940002.4,1064250000,1274900024,1260430054,1725760010,1774199951,1492449951,1887650024,2823810059,2331149902,3127199951,2960310059,2441830078,2822229980,3433239990,2650520020,2584709961,2317889893,2585790039,2455000000,2153139893
Uganda,Net official development assistance and official aid received (current US$),609989990.2,751969970.7,833960022,674880004.9,813440002.4,658099975.6,607679992.7,855929992.7,828940002.4,732979980.5,1003710022,1222239990,1195329956,1589229980,1738150024,1643390015,1786349976,1690140015,1572920044,1642500000,1697089966,1633680054,1638160034,1762599976,2011810059,1945469971,2100010010
Ukraine,Net official development assistance and official aid received (current US$),328440002.4,290350006.1,319619995.1,398059997.6,272579986.6,468399993.9,573159973.1,543320007.3,514830017.1,476209991.5,328359985.4,376390014.6,404100006.1,484630004.9,420980011,617349975.6,654719970.7,656650024.4,777929992.7,772059997.6,790739990.2,1403819946,1449349976,1523319946,1180729980,1223170044,1148250000
Upper middle income,Net official development assistance and official aid received (current US$),13867599785,13212250023,15066369968,12627939854,10714710050,12336989799,15465789968,13199260087,12261860266,13951629920,15755399869,17193999879,34797039741,21842100271,21825419740,25255280336,18092790119,15635910058,19101509948,16834119991,16117920076,17788720106,16653660112,20700040086,19837089931,18716760179,15961019829
Uruguay,Net official development assistance and official aid received (current US$),113959999.1,75010002.14,68930000.31,36599998.47,37259998.32,27520000.46,25620000.84,21549999.24,16420000.08,16209999.08,17270000.46,24479999.54,18340000.15,24610000.61,37040000.92,32860000.61,50729999.54,45909999.85,18229999.54,17360000.61,36520000.46,91569999.69,23180000.31,18250000,41639999.39,,
United States,Net official development assistance and official aid received (current US$),,,,,,,,,,,,,,,,,,,,,,,,,,,
Uzbekistan,Net official development assistance and official aid received (current US$),7980000.019,28250000,83720001.22,87690002.44,139880004.9,158039993.3,156250000,185240005.5,149630004.9,183419998.2,192100006.1,243149993.9,169070007.3,149610000.6,167679992.7,179440002.4,171210006.7,198139999.4,143779998.8,255910003.7,295160003.7,324670013.4,451000000,511049987.8,639140014.6,557960022,1156449951
St. Vincent and the Grenadines,Net official development assistance and official aid received (current US$),13689999.58,12619999.89,47639999.39,26319999.69,5940000.057,20659999.85,16489999.77,6300000.191,8119999.886,4570000.172,6269999.981,10579999.92,7860000.134,4800000.191,65849998.47,26280000.69,28780000.69,16850000.38,17760000.23,8310000.42,8520000.458,9890000.343,13500000,9119999.886,11859999.66,18149999.62,84480003.36
"Venezuela, RB",Net official development assistance and official aid received (current US$),42090000.15,27540000.92,44860000.61,36080001.83,7400000.095,40189998.63,43779998.78,78139999.39,45020000.46,57590000.15,82419998.17,46669998.17,48799999.24,57250000,73019996.64,60060001.37,59049999.24,53110000.61,48990001.68,50790000.92,37830001.83,43130001.07,36590000.15,43430000.31,86849998.47,149009994.5,284000000
British Virgin Islands,Net official development assistance and official aid received (current US$),3309999.943,10979999.54,1429999.948,1210000.038,1870000.005,1169999.957,2559999.943,4840000.153,2059999.943,-79999.99821,-529999.9714,-1220000.029,,,,,,,,,,,,,,,
Virgin Islands (U.S.),Net official development assistance and official aid received (current US$),,,,,,,,,,,,,,,,,,,,,,,,,,,
Vietnam,Net official development assistance and official aid received (current US$),249809997.6,895460022,777989990.2,910299987.8,851989990.2,1050660034,1239790039,1485270020,1256020020,1064170044,1533939941,1657989990,1693479980,1690099976,2346639893,2320510010,3328030029,2769860107,3332000000,4113310059,4085600098,4215620117,3167389893,2906070068,2407489990,1647770020,1094630005
Vanuatu,Net official development assistance and official aid received (current US$),33540000.92,40549999.24,44599998.47,30739999.77,27069999.69,29500000,31100000.38,35490001.68,29049999.24,27290000.92,33009998.32,38599998.47,40299999.24,49590000.15,57619998.93,93160003.66,100989997.9,109470001.2,92889999.39,101940002.4,91339996.34,100410003.7,186559997.6,129130004.9,132699996.9,130929992.7,130589996.3
World,Net official development assistance and official aid received (current US$),58381261230,64054621582,64730697754,59223170410,52805730957,56807050781,58195972168,55331960449,56575352051,66247742188,76607449707,86971649414,1.07E+11,1.06E+11,1.07E+11,1.25E+11,1.25E+11,1.29E+11,1.39E+11,1.34E+11,1.51E+11,1.61E+11,1.47E+11,1.59E+11,1.65E+11,1.66E+11,1.68E+11
Samoa,Net official development assistance and official aid received (current US$),48540000.92,44250000,38419998.17,32459999.08,28110000.61,32860000.61,24659999.85,28850000.38,40810001.37,38040000.92,33270000.46,30379999.16,43229999.54,48250000,39099998.47,40509998.32,67730003.36,124440002.4,88800003.05,117290000.9,113010002.1,93989997.86,93720001.22,88639999.39,136220001.2,128100006.1,123720001.2
Kosovo,Net official development assistance and official aid received (current US$),,,,,,,,,,,,,,,,,782130004.9,527520019.5,583179992.7,566739990.2,568549987.8,579390014.6,437809997.6,370029998.8,392369995.1,345109985.4,345260009.8
"Yemen, Rep.",Net official development assistance and official aid received (current US$),313739990.2,171699996.9,171789993.3,252270004.3,355399993.9,394239990.2,460829986.6,312799987.8,371829986.6,216500000,244059997.6,266519989,296000000,287809997.6,242899993.9,429119995.1,559299987.8,667080017.1,477549987.8,711820007.3,1039630005,1163439941,1778410034,2301110107,3234010010,7985339844,4396520020
South Africa,Net official development assistance and official aid received (current US$),270450012.2,293079986.6,386170013.4,362339996.3,495589996.3,515640014.6,543270019.5,490010009.8,428880004.9,506959991.5,642150024.4,631609985.4,681229980.5,723239990.2,795119995.1,1114910034,1074180054,1036270020,1396969971,1065829956,1295339966,1077400024,1420270020,1180280029,1014809998,921140014.6,971479980.5
Zambia,Net official development assistance and official aid received (current US$),866919982.9,715130004.9,2030670044,608059997.6,609690002.4,348149993.9,623210022,794650024.4,570840026.9,810729980.5,770450012.2,1128449951,1169050049,1470270020,1022489990,1114699951,1270819946,919320007.3,1033469971,957140014.6,1145250000,997729980.5,797140014.6,966460022,1040489990,1000440002,976280029.3
Zimbabwe,Net official development assistance and official aid received (current US$),499309997.6,561380004.9,491500000,371760009.8,336640014.6,261339996.3,244630004.9,175639999.4,160210006.7,199130004.9,186919998.2,187300003.1,372940002.4,278239990.2,477459991.5,612750000,736549987.8,712530029.3,722580017.1,1001590027,827539978,760570007.3,788289978,654250000,725840026.9,794510009.8,974890014.6
