country,RSA,rural water supply,urban water supply,ARA,Health,2018 EPI SCORE,Rural population (1000 inhab),Urban population (1000 inhab),Population density (inhab/km2)_x,GDP per capita (current US$/inhab),Human Development Index (HDI) [highest = 1] (-),Groundwater: accounted outflow to other countries (10^9 m3/year),Produced municipal wastewater (km<sup>3</sup>/year or 10^9m<sup>3</sup>/year),Collected municipal wastewater (km<sup>3</sup>/year or 10^9m<sup>3</sup>/year),Treated municipal wastewater (km<sup>3</sup>/year or 10^9m<sup>3</sup>/year),Number of municipal wastewater treatment facilities (-),Capacity of the municipal wastewater treatment facilities (10^9 m3/yr),SDG 6.4.1. Water Use Efficiency (US$/m3)_x,Non-irrigated cultivated area drained (1000 ha),Flood occurrence (WRI) (-),Population affected by water related disease (1000 inhabitants),Total renewable water resources per capita (m3/inhab/yr),Agricultural water withdrawal (10^9 m3/year),Industrial water withdrawal (km<sup>3</sup>/year or 10<sup>9</sup>m<sup>3</sup>/year),Municipal water withdrawal (km<sup>3</sup>/year or 10<sup>9</sup>m<sup>3</sup>/year),Total water withdrawal per capita (m<sup>3</sup>/year per inhabitant),MDG 7.5. Freshwater withdrawal as % of total renewable water resources (%),SDG 6.4.2. Water Stress (%),SDG 6.4.1. Water Use Efficiency (US$/m3)_y,Resilience and securityStorage ,water productivity(industry),water productivity(Total agricultural production_US$)
Afghanistan,62.26143773,57.32129212,95.90874286,2.730664253,694.1095419,37.74,26558.609,8971.472,55.59555341,605.557362,0.493,,,,,,,0.923777773,,3.7,,1799.917253,20,0.1695,0.2034,561.2970182,31.0454615,54.75701944,0.923777773,2.009,1.022642732,4500000000
Albania,98.28801438,89.87517388,91.8354214,-0.265874296,2.511507426,65.46,1190.155,1740.032,104.0089794,4445.132198,0.789,0,0.054,,0.0205,7,,6.656907137,,2.7,,10470.95368,0.905,0.2318,0.283,492.273511,3.933774834,7.139423077,6.656907137,4.03,11.7654776,2310000000
Algeria,89.67236867,88.69095651,95.44293244,0.073382147,137.4427876,57.18,11547.532,29770.61,17.37771083,4051.244377,0.758,0.1,1.5,0.705,0.4,138,0.27,14.35461959,0,2.8,,281.8852044,6.671,0.191,3.6,252.7713215,84.01474244,137.9203602,14.35461959,8.61925,20.23597883,60800000000
American Samoa,-,-,-,-,,,,,,,,,,,,,,,,,,,,,,,,,,,,
Andorra,>99,>99,>99,0,,,9.12,67.845,163.8319149,39249.68902,0.852,,,,,,,,,3.3,,4098.64807,,,,,,,,,,256000000
Angola,64.3256498,27.4442923,71.24295652,0.598613501,2106.792507,37.44,10472.554,19311.639,23.9165525,4100.291004,0.576,0,,,,,,142.4678362,,1.7,,4977.065588,0.1467,0.2396,0.3195,23.6712459,0.475539084,1.871883289,142.4678362,9.44521,144.0740152,50900000000
Anguilla,96.70216161,-,97.48227425,0.077237852,,,,,,,,,,,,,,,,,,,,,,,,,,,,
Antigua and Barbuda,-,-,-,-,0.068272461,59.18,76.802,25.21,216.8772727,14390.24603,0.774,0,,,0.0002,,,109.8390235,,3.6,,544.9248632,0.0018,0.0025,0.0072,120.5122294,8.461538462,8.461538462,109.8390235,0.005021,308.4103714,223000000
Argentina,95.85623215,-,>99,0.059384599,77.47035453,59.3,3652.804,40618.237,15.80245288,14517.29125,0.832,0,2.458,1.596,0.29,25,0.295,13.61656379,,2.5,5607,19943.0368,27.93,4,5.85,859.8647978,4.301332968,10.45666408,13.61656379,131.563865,12.17625216,1.29E+11
Armenia,>99,>99,>99,0.066932529,2.771226763,62.07,1081.248,1849.202,99.01785474,3933.682101,0.758,,0.236,,0.17,,,3.260519012,0,3.3,1.644,2638.217789,2.127,0.1224,0.6164,973.1760251,36.87733299,57.79705467,3.260519012,1.38691,4.315758661,2450000000
Aruba,-,-,-,-,,,,,,,,,,,,,,,,,,,,,,,,,,,,
Australia,-,>99,>99,0.007647059,5.049121503,74.12,3446.638,21003.923,3.175806914,57917.09369,0.937,0,2.094,1.828,2,580,,72.2797509,,2.7,,20012.51189,10.5,2.662,3.392,673.3478085,3.240853659,6.411338963,72.2797509,77.7863,86.4937304,3.05E+11
Austria,>99,>99,>99,0,1.70084725,78.97,3660.707,5074.746,105.1502879,47887.17438,0.912,0,1.054,1.919,1.919,1842,1.142,100.7329373,,3.3,,8809.622693,0.0771,2.695,0.72,395.9341494,4.491634492,9.643547941,100.7329373,2.1277,123.5972493,95900000000
Azerbaijan,96.44327863,81.57112838,>99,0.498430103,23.7803258,62.33,4388.663,5438.926,113.6872979,4158.357869,0.752,,0.659,,0.161,,,3.665471529,0,3,,3521.977955,9.27,3.062,0.4496,1298.241195,36.86113915,56.44336498,3.665471529,21.5424,4.444316073,19800000000
Bahamas,-,-,-,-,0.267221973,54.99,67.508,327.853,27.50396254,30732.41923,0.804,0,,,,,,,,,,1833.636757,,,0.031,,,,,,,1350000000
Bahrain,-,-,-,-,0.310289481,55.15,161.409,1331.175,1915.482051,23739.14392,0.839,0,0.151,0.1482,0.1482,11,0.073,76.21351986,,0,,77.63995941,0.1447,0.0141,0.2756,290.7482618,133.7068966,133.7068966,76.21351986,0,213.5348505,14200000000
Bangladesh,50.69439557,96.75254739,97.48727374,-0.068709746,1415.845781,29.56,105622.933,59046.818,1079.123269,1491.67341,0.609,0.032,0.725,,,,,5.715194816,1383,4.9,,7684.057626,31.5,0.77,3.6,224.6291434,2.923314143,5.723339482,5.715194816,6.477,5.017901276,64900000000
Barbados,-,-,-,-,0.430799983,55.76,196.693,89.026,665.655814,17423.25113,0.813,0,0.011,,0.003,,,52.09693956,,3.6,,279.4935577,0.0548,0.0062,0.02,282.9872271,87.5,87.5,52.09693956,,66.46428571,523000000
Belarus,98.21911502,98.30019115,95.97570065,-0.20607096,5.898086861,64.98,2070.383,7397.955,45.52134393,5779.833675,0.815,,1.17,,0.699,,1.35,32.02741327,2872,2.6,,6126.83436,0.431,0.443,0.523,147.8270743,2.412780656,4.604482531,32.02741327,3.1,43.34586781,15100000000
Belgium,>99,>99,>99,0,6.948033737,77.38,233.097,11196.239,374.0500491,44118.92566,0.917,0,0.871,0.1501,,1222,,106.0715152,,2.8,,1602.4872,0.045,3.21,0.739,349.7450206,21.82513661,49.06633907,106.0715152,0.1443,132.1760609,86200000000
Belize,93.05868755,97.21425507,98.92107,0.451797068,0.769070987,57.79,203.824,170.857,16.35912059,4901.752333,0.719,0,0.002,,,,,13.2831854,,2.6,,57838.72539,0.0684,0.0212,0.0114,268.7821507,0.464709672,1.260294485,13.2831854,0.1217,15.66919358,191000000
Benin,26.50506959,58.2163994,75.74617558,-0.051243912,1028.458715,38.17,5949.046,5226.646,97.37886023,829.419035,0.515,0,,,,,,27.26190133,0,3.6,,2361.479412,0.059,0.03,0.145,20.93922631,0.492610837,0.975243811,27.26190133,0.0235,100.2983649,1910000000
Bermuda,>99,-,>99,-0.005353111,,,,,,,,,,,,,,,,,,,,,,,,,,,,
Bhutan,72.59437296,96.73119365,97.98144806,0.131186739,3.971106365,47.22,483.217,324.393,19.4187373,3130.235119,0.615,,0.0039,,,,,5.860524693,,4.7,,104618.9256,0.318,0.003,0.017,453.3486774,0.433205128,1.413807531,5.860524693,0,6.778336876,691000000
Bolivia (Plurinational State of),71.74619747,78.11954185,>99,0.255368054,86.93119425,,3417.155,7634.445,10.18847512,3393.959523,0.7,26.12,0.157,,0.0336,15,,13.12862012,,3.1,,51282.71563,1.92,0.032,0.136,186.5475788,0.363763066,1.177001127,13.12862012,0.5950653,,9090000000
Bosnia and Herzegovina,98.86717837,97.33333333,94.8457044,-0.223682821,1.884643827,41.84,1828.006,1679.011,65.4466901,5155.552675,0.767,,0.0901,0.104,0.0484,11,,,,3.6,,11188.93638,,0.0718,0.3608,,1.069066667,2.662018592,,2.9124,48.72811387,3450000000
Botswana,89.4208567,75.52805342,97.08505559,0.169497743,24.291099,51.7,717.29,1574.371,3.790555756,7595.147598,0.724,0,0.011,,0.008,,,71.36955646,,2.1,,5550.819018,0.069,0.0234,0.1006,87.52516915,1.576797386,2.018195127,71.36955646,1.109705,89.79520008,5020000000
Brazil,92.75885347,89.73861393,>99,0.079129256,536.3300165,60.7,28654.406,180633.872,24.40575814,9812.31098,0.76,0,7468,5466,4047,,,22.0105277,,3.1,,41605.35506,39.43,9.511,16.74,316.0265209,0.759569793,3.105437352,22.0105277,700.4359,34.87646058,3.40E+11
British Virgin Islands,-,-,-,-,,,,,,,,,,,,,,,,,,,,,,,,,,,,
Brunei Darussalam,-,-,-,-,0.136754254,63.57,97.263,331.434,73.56551127,28290.76622,0.843,0,,,,,,,,2.3,,20024.83079,0.0053,,0.1515,216.739345,1.082352941,3.466465712,,0.045013,146.501969,7130000000
Bulgaria,86.7803838,98.04585046,>99,-0.023115726,7.056496152,67.85,1794.614,5289.957,63.98598198,8321.113046,0.813,0.08,0.428,,,90,,7.930078984,,3.2,,2998.967679,0.8345,3.942,0.882,796.6975875,26.56338028,41.82127282,7.930078984,6.5184,10.44754975,11600000000
Burkina Faso,39.37882555,34.98996386,79.86406799,0.347581148,2222.420759,42.83,13676.652,5516.73,69.99210123,738.274757,0.429,0,0.0487,0.0024,0.0014,,,11.14139593,,3.3,6172,703.3728657,0.4207,0.0217,0.3756,42.61918549,6.04962963,7.807839388,11.14139593,5.337571725,18.13451468,3400000000
Burundi,41.70324682,56.6183336,89.76972568,0.45421198,892.3735093,27.43,9483.827,1380.418,389.0412864,296.110481,0.421,0,,,,,,6.142078443,,3.3,,1157.844094,0.222,0.015,0.0431,25.87046351,2.234365029,10.19286754,6.142078443,,8.277367933,512000000
Cabo Verde,79.97577346,75.78000768,93.1,0.408881515,,56.94,189.808,356.58,133.3741935,3239.065521,0.647,0,0.0039,,,,,51.27383291,,,,558.1416117,0.025,0.0004,0.0016,50.23274505,8.433333333,8.433333333,51.27383291,0,76.89863401,278000000
Cambodia,95.83492605,72.8966363,97.32665586,1.280442238,122.788768,43.23,12327.338,3678.035,88.43023089,1385.609732,0.578,0,,,0.0002,,,6.999746947,,3.9,507,29738.76175,2.053,0.033,0.098,136.4197766,0.458727158,1.036544851,6.999746947,0.001,8.326099915,6720000000
Cameroon,55.947277,39.01202163,77.33040017,-0.426173598,1608.215201,40.81,10637.19,13416.537,51.67018551,1455.460927,0.56,,0.0662,,,,,23.85536394,,2.2,,11526.05872,0.737,0.1046,0.2468,44.30500553,0.384389899,1.560430108,23.85536394,15.610623,33.44385772,8370000000
Canada,>99,98.88074497,>99,0.012372836,10.50681459,72.18,6830.253,29793.946,3.717917457,45057.28723,0.921,0,6.074,5.91,5.804,1265,10.3,41.6896946,,1.9,,79004.47824,2.639,28.07,4.888,969.0980054,1.231219848,3.679711638,41.6896946,841.5057,52.33526796,3.71E+11
Caribbean Netherlands,-,-,-,-,,,,,,,,,,,,,,,,,,,,,,,,,,,,
Cayman Islands,-,-,-,-,,,,,,,,,,,,,,,,,,,,,,,,,,,,
Central African Republic,-,-,-,-,573.021566,36.42,2749.797,1909.283,7.377480818,428.701433,0.376,0,,,,,,16.83252092,,2.3,,30678.69765,0.0004,0.012,0.0601,15.77450766,0.05141844,0.335648148,16.83252092,,23.52588138,500000000
Chad,30.1194044,29.47099615,69.84899943,-0.389890403,1928.482254,45.34,11494.121,3405.873,11.6952905,697.585531,0.401,0,,,,,,8.359339149,,3,,3043.267742,0.6722,0.1037,0.1037,58.57458,1.924726477,4.294921875,8.359339149,,13.95716753,2080000000
Channel Islands,-,-,-,-,,,,,,,,,,,,,,,,,,,,,,,,,,,,
Chile,>99,>99,>99,0.041824494,7.095533783,57.49,2258.558,15796.168,24.42869556,15383.58771,0.845,0,1.112,1.067,0.768,268,0.974,6.408561684,,2.5,,49974.98977,29.42,4.744,1.267,1918.254352,3.831603579,8.982121089,6.408561684,13.21584,7.6983798,74000000000
China,90.79676437,86.15161125,97.70186044,-0.032093082,1315.734011,50.74,597816.52,843314.783,151.3149594,8843.579277,0.753,0,48.51,31.14,49.31,4436,62.46,20.98816234,4204,3.5,,1955.23244,385.2,133.5,79.4,411.7373028,20.83641408,43.22168826,20.98816234,830.46,17.21124954,4.94E+12
"China, Hong Kong Special Administrative Region",96.43622449,-,>99,0.076131798,,,,,,,,,,,,,,,,,,,,,,,,,,,,
"China, Macao Special Administrative Region",-,-,>99,0,,,,,,,,,,,,,,,,,,,,,,,,,,,,
Colombia,92.89369701,86.44691135,>99,0.118938252,118.9489312,65.22,9594.518,39471.097,42.83764558,6354.5494,0.76,0,2.397,2.53,0.154,411,0.608,19.03005579,0,3.7,7.089,48252.05006,6.391,3.73,3.49,278.287565,0.576351936,2.036213427,19.03005579,11.28233,27.40335285,73500000000
Comoros,45.23662961,76.91172345,88.22284558,-0.084087618,31.86627848,44.24,579.639,234.273,437.3412144,1308.519021,0.539,0,,,,,,69.46334888,,1.6,,1474.397094,0.0047,0.0005,0.0048,12.28664245,0.833333333,0.833333333,69.46334888,,112.880502,124000000
"Congo, Rep.",27.19611854,45.72441318,87.09329616,0.14058204,265.1483682,,1764.522,3496.228,14.94355263,2086.959331,0.609,0,,,0,,,97.19945835,,1.7,175.2,162795.8624,0.004,0.024,0.0637,17.94276512,0.005528846,0.027446301,97.19945835,0.009,,4230000000
Cook Islands,-,-,-,-,,,4.374,13.006,72.94583333,19885.44277,,0,,,,,,,,,,0,,,,,,,,,,18800000
Costa Rica,98.3758607,>99,>99,0.042383388,7.782661154,67.85,1051.813,3853.956,96.86798434,11858.39574,0.792,0,0.314,0.084,0.047,,0.099,16.38459045,0,3.1,315.9,22828.49497,2.302,0.24,0.652,645.2585216,2.826548673,5.450511945,16.38459045,1.99667,15.15028559,9480000000
Cote d'Ivoire,46.06694395,57.83495766,87.70816123,-0.18167375,1709.06689,45.25,12068.187,12226.563,75.7845004,1570.209076,0.512,0,,,0.0001,,,23.16732202,,2.3,1423,3443.07328,0.6,0.242,0.32,47.5499305,1.381031614,5.087565674,23.16732202,37.2439,,8770000000
Croatia,97.84882859,>99,>99,-0.025163399,1.179566438,65.45,1815.373,2373.98,73.10131073,13204.75154,0.835,,0.312,,0.264,112,,58.96846744,,3,,25221.9954,0.076,0.184,0.455,170.9357982,0.637819905,1.495998221,58.96846744,0.962,94.3744737,9620000000
Cuba,92.21689641,90.30722875,96.82912204,-0.02093811,28.24836928,63.42,2644.108,8840.528,105.5108775,8433.092699,0.777,0,0.839,0.725,0.223,8,,12.33314138,65.5,3,1033,3361.773182,4.519,0.74,1.7,613.7088031,18.25288562,23.93944607,12.33314138,5.662135,10.86393533,22100000000
Curacao,-,-,-,-,,,,,,,,,,,,,,,,,,,,,,,,,,,,
Cyprus,>99,>99,>99,-0.02662194,0.207181058,72.6,391.192,788.359,127.5327568,26473.00761,0.871,0,0.024,0.023,0.0302,35,0.054,60.41558311,,0,,661.1973776,0.184,0.017,0.11,263.6312621,27.69230769,29.52433024,60.41558311,0.333706,122.3951567,2130000000
Czech Republic,>99,>99,>99,0.001574664,6.262588746,67.68,,,,,,,,,,,,,,,,,,,,,,,,,150.4306769,
North Korea,89.91585721,90.18529665,97.20101723,-0.111704871,53.39483547,,9768.556,15722.409,210.965862,684.600808,,0,,,,,,1.739039425,,3,,3033.839203,6.61,1.145,0.9028,340.4584971,11.222035,27.7404678,1.739039425,21.226366,,7030000000
"Congo, Dem. Rep.",23.3823009,22.8307623,69.34981467,0.085295379,8711.911996,,45647.604,35692.384,34.7136989,462.779322,0.456,0,,,,,,44.61334042,,1.9,,15761.91009,0.0719,0.1468,0.4649,8.398161918,0.053281372,0.226883505,44.61334042,0.052868,,14300000000
Denmark,>99,>99,>99,0,2.590231859,81.6,701.971,5031.58,140.0506719,57454.28922,0.929,,0.5,0.24,,906,0.795,368.6129021,,0,,1046.705025,0.3267,0.0329,0.3815,129.2855157,12.35166667,20.04056247,368.6129021,0.02,491.7541014,61400000000
Djibouti,76.32466501,47.05603427,83.85836499,0.112171546,23.53573678,40.04,213.906,743.079,40.69392241,2891.234525,0.492,,,,,,,,,2.9,,317.7632854,0.003,0,0.016,20.12500808,6.333333333,6.333333333,,,,202000000
Dominica,-,-,-,-,,59.38,22.044,51.881,95.27733333,7031.951803,0.723,0,,,,,,,,3.6,,2798.846875,0.001,0,0.019,279.8846875,10,10,,,23.44325253,38500000
Dominican Republic,86.42816224,90.2798891,98.26516237,0.117819287,32.93474066,64.71,2123.575,8643.423,216.0078899,7059.653433,0.741,0,0.427,0.041,0.008,91,,7.506169335,,3.7,,2235.305577,7.563,0.6599,0.855,863.4842764,38.6293617,50.30979827,7.506169335,2.2657,8.423283021,18900000000
Ecuador,90.86047726,83.46967779,>99,0.566640556,51.96715947,57.42,6039.811,10585.047,65.47318719,6273.488892,0.757,0,0.4575,,0.158,,,9.028908108,0,3.2,8.57,26356.2994,8.076,0.549,1.293,590.8720104,2.24136528,6.782352941,9.028908108,7.6918,8.81226039,32100000000
Egypt,98.30131913,98.81710841,>99,0.002839562,361.4133613,61.21,55893.406,41659.745,96.30295172,2000.297246,0.696,0,7.078,6.497,4.282,382,4.745,4.379320712,0,2.5,,596.2096145,61.35,5.4,10.75,803.5868717,111.6521739,116.9398907,4.379320712,168.196754,,61400000000
El Salvador,90.99767725,92.21841285,>99,0.362288535,18.36961906,53.91,1832.049,4545.804,303.6181559,3908.521206,0.665,0,0.097,,0.001,21,,9.990202639,,3.8,12,4112.317133,1.431,0.213,0.474,331.5526337,8.062428626,13.21272614,9.990202639,3.879,10.37938105,5400000000
Equatorial Guinea,69.89879365,30.77536932,78.07800598,0.830107451,90.13357809,60.4,359.435,908.254,44.99115865,9874.401949,0.59,0,,,,,,,,0,,20602.18605,0.001,0.003,0.0158,15.68935707,0.076153846,0.183503244,,,715.4763315,6880000000
Eritrea,-,-,-,-,166.3396226,39.34,3069.11,1999.721,29.02119898,1169.565874,0.431,0,0.018,,,,,6.872905433,,2.5,,2143.342906,0.55,0.001,0.031,170.5298115,7.956254272,11.17511521,6.872905433,0.04411,,1310000000
Estonia,>99,>99,>99,0.001721338,0.652880627,64.31,409.687,899.945,29.09991178,20508.89185,0.879,,0.289,0.311,0.307,588,0.445,11.82182494,,1.1,,9706.0005,0.0045,1.721,0.0594,1352.822138,13.93096986,19.30735931,11.82182494,0.1825,14.15413995,5480000000
Eswatini,50.89582469,60.41789146,96.78091815,0.600264907,38.8482884,,1044.238,323.016,64.79291475,3251.938239,0.603,,0.0132,,0.009,,,3.532410671,,3.1,2.926,4009.583883,1.006,0.0207,0.0413,949.497913,23.68070953,77.55991285,3.532410671,0.58499,4.94865192,1450000000
Ethiopia,19.59827569,31.06674856,80.27010879,0.192561805,3813.108978,44.78,83640.582,21316.856,96.35056054,731.580209,0.467,,,,0,,,4.317547931,,3.2,,1146.61736,9.687,0.0511,0.81,99.13634901,8.645983607,32.25718654,4.317547931,31.484,5.531976933,17500000000
Falkland Islands (Malvinas),>99,78.17294282,>99,0,,,,,,,,,,,,,,,,,,,,,,,,,,,,
Faroe Islands,-,-,-,-,,,28.63,20.66,34.62106017,,,0,,,,,,,,,,0,,,,,,,,,,
Fiji,95.32935799,88.7010264,97.83218939,-0.062732413,4.640693763,53.09,400.76,504.742,48.02731253,5912.155229,0.721,0,,,,,,40.94970719,,,,32537.13279,0.05,0.0096,0.0253,96.75665758,0.29737303,0.29737303,40.94970719,0.133036,48.06182693,734000000
Finland,>99,>99,>99,0,0.62074957,78.64,810.547,4712.684,16.28415128,46180.40861,0.924,,0.4,0.4,0.5,,,111.8047093,,0.2,,19958.73622,0.05,1.417,0.4,338.7541866,5.965454546,15.56082523,111.8047093,18.603,40.4708366,55400000000
France,98.59013092,>99,>99,0,21.66136097,83.95,12879.012,52100.536,118.0915028,38566.56609,0.89,,4,3.77,3.77,3275,4.95,83.62451756,,2.5,,3254.03818,3.113,18.15,5.175,407.7263574,12.52890995,23.14278211,83.62451756,9.9813,108.7980537,3.91E+11
French Guiana,-,-,-,-,,,,,,,,,,,,,,,,,,,,,,,,,,,,
French Polynesia,-,-,-,-,,,,,,,,,,,,,,,,,,,,,,,,,,,,
Gabon,48.65327072,55.05480828,89.57669523,-0.079162598,62.91746078,45.05,223.245,1801.892,7.714062091,7372.081131,0.7,0,,,,,,94.78987071,,0.7,,80394.30014,0.0403,0.0141,0.0847,67.36654909,0.083795181,0.502166065,94.78987071,0.22,136.7491708,6600000000
Gambia,45.48860678,63.36870053,87.49924519,0.276318163,97.06259248,42.42,827.654,1272.914,195.9193805,716.451019,0.459,0,,,,,,10.36088055,,1.5,,3613.550634,0.0392,0.0212,0.0412,45.89209305,1.27,2.209656372,10.36088055,,,247000000
Georgia,95.25108591,96.15609516,>99,0.095460959,3.575140702,55.69,1634.019,2278.042,57.5138594,4151.94766,0.783,,,,0.009,,,7.350328656,132.9,3.6,,15798.07599,1.060819084,0.402206288,0.359974628,454.75908,2.878572557,5.938110749,7.350328656,3.4139,9.228519699,2840000000
Germany,>99,>99,>99,0,35.9047824,78.37,18672.1,63442.124,231.374133,44642.74205,0.938,0,5.287,5.213,5.183,9636,,128.5673392,,2.9,,1863.089332,0.2997,19.75,4.388,295.6468712,15.87207792,33.50191886,128.5673392,4,158.4697417,9.14E+11
Ghana,23.73608351,67.54033598,92.65097717,0.874373376,1342.5149,49.66,12857.864,15975.765,122.0821036,2046.043362,0.591,0,0.28,0.028,0.022,,,27.57753458,,3,,1929.847966,1.07,0.095,0.2996,50.29279949,2.577580071,6.314734089,27.57753458,148.50437,34.96883344,16600000000
Gibraltar,>99,-,>99,0,,,,,,,,,,,,,,,,,,,,,,,,,,,,
Greece,>99,>99,>99,0.004504084,6.701323495,73.6,2374.332,8785.441,80.09586238,18243.10246,0.871,0,,0.568,0.566,235,0.846,15.18615178,,2.4,,6471.481487,9.041,0.2083,1.991,1063.470663,16.43274854,22.73922719,15.18615178,12.322,22.0576038,24300000000
Greenland,>99,>99,>99,0,,,,,,,,,,,,,,,,,,,,,,,,,,,,
Grenada,-,-,-,-,0.29930216,50.93,,,,,,,,,,,,,,,,,,,,,,,,,,
Guadeloupe,-,-,-,-,,,,,,,,,,,,,,,,,,,,,,,,,,,,
Guam,-,-,-,-,,,,,,,,,,,,,,,,,,,,,,,,,,,,
Guatemala,79.22827071,90.35784024,97.92046958,0.193784237,139.0693323,52.33,8341.671,8571.832,155.3399761,4470.96539,0.649,0,0.668,,0.0065,,,18.36791412,0,3.5,1880,7561.940695,1.886,0.6031,0.835,196.5182321,2.598780393,5.742097081,18.36791412,0.463840109,15.90661559,17300000000
Guinea,33.76984121,48.71778387,85.54325298,0.072435744,1234.274266,46.62,8165.321,4551.855,49.08288864,779.651277,0.463,0,,,,,,14.23062328,,1.1,,18727.95891,0.2929,0.0562,0.2248,47.55741425,0.253982301,0.883076923,14.23062328,1.837,18.26989608,3080000000
Guinea-Bissau,36.94176651,53.48166199,84.10863696,0.569499493,103.8031746,44.67,1061.947,799.336,50.59908663,725.401249,0.46,0,,,,,,2.891567776,,1,,17175.88047,0.144,0.0119,0.0341,103.9304869,0.557324841,1.495726496,2.891567776,0,6.425033226,162000000
Guyana,91.51075875,93.9284905,>99,0.415896267,4.934912348,47.93,571.434,206.425,3.60618691,4570.504571,0.668,0,,,,,,1.929147117,,2.4,,349577.2824,1.363,0.0204,0.0613,1863.595202,0.533099631,3.298401827,1.929147117,0.80915,3.007390031,1110000000
Haiti,43.78211008,42.63560959,84.64645957,-0.005699672,255.0958381,33.74,5013.421,5967.808,395.7609369,775.972532,0.501,0,,,,,,4.893885794,,3.9,,1276.774058,1.209,0.051,0.19,132.0298377,10.34089288,13.38379177,4.893885794,0.297,9.674891882,2610000000
Holy See,-,-,-,-,,,0,0.792,,,,,,,,,,,,2.9,,0,,,,,,,,,,
Honduras,85.27111662,88.8744946,>99,0.237764806,37.34537676,51.51,4034.31,5230.757,83.82089964,2493.320528,0.621,0,,0.426,0.043,,,11.98979354,,3.6,,9774.511924,1.178,0.114,0.315,170.4314121,1.743630919,4.621268764,11.98979354,5.804656,12.7693313,5450000000
Hungary,97.75510204,>99,>99,0,3.044552837,65.01,2813.212,6908.347,104.5880146,14556.36725,0.841,0,0.2167,0.5525,0.5393,739,,23.88020301,,3.5,,10688.78642,0.5186,3.358,0.6245,462.6086209,4.325961539,7.77029361,23.88020301,0.2564,34.61797249,33000000000
Iceland,98.7012987,>99,>99,0,0.072433869,78.57,20.862,314.163,3.246533981,73108.08321,0.935,0,,,,18,,58.33898906,,0.1,,508383.8477,0.0003,0.198,0.08,832.2542637,0.170588235,0.394075282,58.33898906,2.3061,60.44543383,3820000000
India,72.0122331,90.99546177,95.99302392,0.267978519,17162.14101,30.57,889216.746,449963.381,407.2319172,1960.222536,0.643,0,15.45,,4.416,498,4.573,2.820582855,,3.9,44000,1427.45435,688,17,56,568.4717988,33.88455702,66.49209283,2.820582855,247.4626545,4.107218064,6.31E+11
Indonesia,80.25182657,81.98209522,95.45090538,0.348521978,1279.595423,46.92,119696.518,144294.861,133.6939055,3846.426581,0.704,,14.29,,,26,0.301,3.745190995,,3.1,5.111,7627.78256,189.7,9.135,23.8,841.2400903,11.02863229,29.69654528,3.745190995,24.000736,4.898058092,3.87E+11
Iran (Islamic Republic of),91.7399848,89.01395519,97.38907954,-0.030727999,150.0940164,,20782.6,60380.188,46.22747787,5679.648509,0.799,0,3.548,1.162,0.885,129,0.885,4.773850191,0,3.2,,1698.75299,86,1.1,6.2,1156.508111,67.82443723,81.28908129,4.773850191,44.441792,,1.42E+11
Iraq,96.68913778,91.06469557,98.84634165,0.297067016,195.7165245,43.2,11375.936,26898.682,86.31791372,4980.948425,0.684,,0.85,0.579,0.4,21,1.091,4.740492943,,2.4,,2392.898678,35.27,2.05,1.23,1026.55513,42.88671266,54.12640449,4.740492943,151.8,5.491584266,91200000000
Ireland,89.44920013,98.09555256,96.98190463,-0.002018592,1.394257146,78.77,1764.335,2997.322,67.63345191,70492.92173,0.939,0,0.783,0.757,0.723,1063,0.757,349.7670678,,2.2,,10939.81649,0.179,0.051,0.631,181.1381154,1.455769231,3.64292589,349.7670678,0.869,455.6919109,1.16E+11
Isle of Man,-,-,-,-,,,,,,,,,,,,,,,,,,,,,,,,,,,,
Israel,>99,>99,>99,0,3.388863977,75.01,637.763,7683.807,373.5318532,42450.33189,0.904,0.025,0.5,0.48,0.45,376,,125.6368321,0,2.9,,215.9185856,1.249,0.072,0.983,279.4811355,67.30337079,103.3560521,125.6368321,,249.056462,62600000000
Italy,98.82847604,>99,>99,-0.031324655,15.65717655,76.96,17722.588,41637.312,201.3463231,33049.35427,0.881,0,3.926,,3.902,2717,,48.99527206,,2.6,,3152.931119,17,7.7,9.488,563.4731265,17.79702039,29.99885452,48.99527206,10.0476,62.38731842,3.72E+11
Jamaica,85.52851547,84.61291096,95.51168952,-0.129495263,4.645640008,58.58,1289.697,1600.602,265.7732484,5122.769551,0.725,0,,,,,,8.647570869,,3.5,,3705.430752,0.114,1.1,0.14,463.5640061,12.4734362,12.4734362,8.647570869,0.00545,10.3542152,2460000000
Japan,-,-,-,-,141.1279905,74.69,10791.174,116693.276,337.335569,38121.90866,0.913,0,16.93,12.02,11.56,2148,14.71,54.79946858,,3,,3372.476941,54.43,11.61,15.41,638.8098764,18.88883721,37.34344828,54.79946858,31.47347,75.72401907,1.29E+12
Jordan,97.44993113,97.70094185,>99,-0.036950082,16.46308419,62.2,897.788,8804.565,109.5593708,4195.802289,0.722,,0.18,0.115,0.1467,32,0.148,34.98204396,0,3,,95.75056538,0.5547,0.0325,0.4569,106.694947,96.43543223,100.077528,34.98204396,0.27492,35.7754547,9820000000
Kazakhstan,97.03486214,92.31445982,98.09276673,0.233850226,30.74767741,54.56,7766.771,10437.728,6.635107978,9162.888194,0.813,,0.33,,0.274,65,0.365,7.13553973,0,1.7,3.22,5996.122017,15.12,6.984,2.347,1352.376897,20.70842173,31.13730929,7.13553973,79.9469,8.731841291,50700000000
Kenya,34.681215,49.61046424,84.64498494,-0.198687583,2045.692941,47.25,36498.515,13201.347,86.53297379,1584.659911,0.574,0,0.0805,,0.0424,27,0.125,10.55128668,,3.8,,611.2963341,3.234,0.303,0.495,80.28491268,13.13355049,33.23990107,10.55128668,24.785275,14.40411256,11300000000
Kiribati,-,-,-,-,1.67440406,55.26,54.402,61.996,140.9358025,1594.344097,0.623,0,,,,,,,,,,0,,,,,,,,,,26800000
Kuwait,-,-,-,-,2.572354715,62.28,0,4136.528,227.6149832,28897.24196,0.809,0,0.292,0.319,0.289,6,0.301,102.435536,,0.6,,4.930846116,0.7784,0.0233,0.4483,308.1778822,3850.5,3850.5,102.435536,,175.7033394,62000000000
Kyrgyzstan,91.79413636,81.97940601,97.13506378,0.143160418,16.49702297,54.86,3860.7,2184.417,30.9564041,1274.241408,0.671,,0.0658,,0.0002,,,0.836195637,3,2.1,122.8,3815.673471,7.1,0.336,0.224,1237.533186,32.63189093,50.03895598,0.836195637,23.57,,1890000000
Lao People's Democratic Republic,95.36570614,75.58232284,94.43584008,1.038455725,98.41754746,,4501.174,2356.986,29.36247889,2457.379901,0.602,0,0.0836,0.546,0,,,1.746073507,,3.9,,47964.66579,7.02,0.17,0.13,1052.777672,2.194902549,4.771838331,1.746073507,10.62,,3390000000
Latvia,96.23076025,98.18160271,98.83467607,0.00443017,1.120862363,66.12,622.436,1327.234,30.2167725,15527.24692,0.849,0,0.1764,,0.1348,648,,132.4173946,,1.8,,17907.87439,0.0615,0.0252,0.0944,92.81957791,0.518317115,1.067177372,132.4173946,1.005,166.3697384,4880000000
Lebanon,-,-,-,-,5.977701981,61.08,703.805,5378.552,652.5715789,8778.471832,0.732,0.28,0.31,0.103,0.056,3,3,25.64012067,7,2.8,,660.3246369,0.7,0.9,0.24,269.8195274,40.23984011,58.79299156,25.64012067,0.228,23.95015857,6640000000
Lesotho,42.72394054,59.32292479,92.95802343,0.755262256,77.89192769,33.78,1614.034,619.305,68.89110672,1154.64483,0.514,0,,,,,,49.29573206,,3.3,,1444.872519,0.0038,0.02,0.02,20.94156729,1.449371277,2.565905097,49.29573206,2.873395,66.4637616,677000000
Liberia,27.74916627,61.96201851,83.63196599,0.328206658,282.0941445,41.62,2332.953,2398.953,42.22165754,453.383621,0.466,0,,,,,,4.136983936,,1.9,,49338.33465,0.0123,0.0534,0.0802,31.02785787,0.062887931,0.264311594,4.136983936,0.2386,17.66189512,179000000
Libya,-,-,-,-,10.80384442,49.79,1286.565,5088.051,3.740025234,3940.67063,0.704,0,0.504,0.167,0.04,79,0.074,3.793107867,0,0,,106.3712747,4.85,0.28,0.7,885.9207589,817.1428571,817.1428571,3.793107867,0.38989,8.152058404,15100000000
Liechtenstein,-,-,-,-,,,32.493,5.429,236.25,172799.8047,0.916,,,,0.0105,,,,,3.3,,0,,,0.0079,,,,,,,2850000000
Lithuania,97.31196407,92.76134829,>99,0.184613764,1.702779941,69.33,938.898,1951.399,43.58383114,16521.10774,0.866,,0.2466,0.2288,0.1901,561,,147.5173016,,2.4,,8610.346333,0.0589,0.0697,0.1304,91.02366123,1.057142857,1.867339582,147.5173016,0.4952,184.6447711,11100000000
Luxembourg,97.48310469,98.80952381,>99,0,0.138454826,79.12,54.103,529.352,228.5366795,110003.2474,0.908,0,0.0208,0.04,0.04,251,0.049,1221.061026,,3.1,,5913.061107,0.0004,0.0016,0.0436,77.038739,1.302857143,3.781094527,1221.061026,0.062,1431.375886,6470000000
Madagascar,17.77210381,36.3313416,85.81559855,1.05079639,874.178627,33.73,16231.87,9339.025,43.53946824,515.285585,0.518,0,,,,,,0.743273285,,2.6,,13179.24334,13,0.1619,0.395,530.177104,4.022818991,11.34468619,0.743273285,0.49346,0.90796768,2530000000
Malawi,34.05709825,65.41860306,85.84023655,-0.008980857,786.5130254,49.21,15509.514,3112.59,149.1407495,340.870048,0.482,0,,,,,,3.101513728,,3.3,,977.9178454,1.166,0.0477,0.1431,76.78466045,7.851851852,17.50483809,3.101513728,0.041755,6.676430761,813000000
Malaysia,>99,89.33715854,>99,-0.016205857,125.9200254,59.22,7764.814,23859.45,94.02855502,10085.77479,0.802,0,4.227,,2.603,8291,3.138,55.02887889,600,3.1,7,18646.73207,2.505,1.641,1.342,176.4366648,1.15637931,3.43948718,55.02887889,22.450184,54.43193711,1.13E+11
Maldives,>99,>99,98.30332325,0.021396721,0.278149755,52.14,264.503,171.827,1654.673333,10854.16923,0.716,0,0.0037,,,,,,0,,,60.43488946,0,0.0003,0.0056,11.88552826,15.66666667,15.66666667,,0,827.7647651,456000000
Mali,53.26090338,68.34898462,92.19157903,0.936401784,2561.744472,43.71,10833.712,7708.268,14.92709182,829.238323,0.426,0,0.0967,,,,,1.721866725,,2.6,2291,6482.131195,5.075,0.004,0.107,280.1361031,4.321666667,8.00308642,1.721866725,13.795,2.734888005,2810000000
Malta,>99,>99,>99,0,0.200398677,80.9,23.498,407.337,1368.540625,29664.30781,0.883,0,0.0233,0.0233,0.0233,4,,164.7435093,,0,,115.3144431,0.0254,0.001,0.0374,145.6843855,85.14851485,85.14851485,164.7435093,0,306.9368471,1330000000
Marshall Islands,91.10629561,94.35404,86.69738579,-,,,12.413,40.714,322.5444444,3910.437649,0.696,0,,,,,,,,,,0,,,,,,,,,,16300000
Martinique,-,-,-,-,,,,,,,,,,,,,,,,,,,,,,,,,,,,
Mauritania,74.79857654,49.9113389,89.25869465,1.311632872,213.486544,39.24,2085.278,2334.906,4.155011158,1597.806534,0.524,0,0.0214,,0.0007,,,3.832713273,,2.5,111.6,2661.952986,1.223,0.0318,0.0954,315.2779756,11.82631579,13.24621733,3.832713273,0.5,5.449658806,1650000000
Mauritius,95.96853657,>99,>99,0.010026868,1.819582441,56.63,748.44,516.698,619.852451,10480.55486,0.793,0,0.0243,,0.051,,,17.60014701,0,,0,2175.565184,0.344,0.012,0.26,487.149456,22.173755,22.173755,17.60014701,0.09287,21.14490851,2100000000
Mayotte,-,-,-,-,,,,,,,,,,,,,,,,,,,,,,,,,,,,
Mexico,93.38603258,96.61361437,>99,0.32818839,202.0692495,59.69,26004.525,103158.751,63.51995235,8967.170167,0.765,0,7.41,6.79,4.28,2289,4.8,12.93557207,2420,2.9,,3701.698235,66.8,6.814,14.23,704.0061221,19.01759734,32.94972017,12.93557207,152.282,14.59980421,3.32E+11
Micronesia (Federated States of),-,-,-,-,0.675337631,,81.683,23.861,159.2271429,3435.533995,0.612,0,,,,,,,,,,0,,,,,,,,,,11700000
Monaco,>99,-,>99,0,,,0,38.695,,166204.2883,,,0.008,,0.006,,,,,2.8,,,0,0,0.005,130.2354657,,,,,1429.603712,823000000
Mongolia,66.32877723,55.87466912,96.01106821,0.555165112,7.31768158,57.51,973.037,2102.61,1.990763858,3717.473332,0.729,0,0.146,,0.12,115,,22.25559069,,1.3,,11176.10523,0.2509,0.1662,0.0453,148.5008925,1.328735632,3.395007342,22.25559069,0.25,26.91887449,4130000000
Montenegro,>99,>99,95.91428571,-,0.246667126,61.33,210.847,418.113,45.44265025,7721.655345,0.813,,0.031,,0.0095,,,20.84890131,,3.5,,,0.0017,0.0628,0.0964,256.3886016,,,20.84890131,1.028,30.37389163,527000000
Montserrat,-,-,-,-,,,,,,,,,,,,,,,,,,,,,,,,,,,,
Morocco,94.35506608,70.72863688,96.654003,0.273066521,101.3819716,63.47,13613.878,22125.702,79.68033815,3069.826908,0.675,0.03,0.7,,0.166,73,,8.435295817,20,2.9,,815.0358946,9.156,0.212,1.063,293.1599799,36.45862069,50.75121202,8.435295817,17.95849,11.29801124,25900000000
Mozambique,52.29057708,39.95500064,84.34640864,1.524504423,1801.103543,46.37,19149.788,10519.046,35.83904776,445.554402,0.442,,,,0,,,7.619941221,,3,,7577.92117,1.076,0.025,0.372,51.41537487,0.678489176,1.751486326,7.619941221,74.13657,11.4696985,2790000000
Myanmar,76.00268792,76.90591354,92.96070408,1.442465901,540.357545,45.32,37187.526,16183.083,78.89470316,1245.826398,0.577,,,,0,,,1.772520971,,3.2,,21876.07356,29.57,0.4984,3.323,625.5118365,2.845607125,5.801501397,1.772520971,15.53,2.381762803,23200000000
Namibia,51.45174116,69.21513143,96.40820706,-0.092577972,50.13447759,58.46,1292.108,1241.686,2.914790911,5354.102245,0.643,0,0.0195,,0.006,,0.007,35.20359816,0,2.1,,16610.94308,0.201,0.014,0.073,119.8684943,0.706339263,0.861552567,35.20359816,0.708533,51.25064439,3530000000
Nauru,65.59552643,-,>99,0.218547657,,,0,11.359,528.65,11778.66744,,0,,,,,,,,,,945.8053533,,,,,,,,,,39100000
Nepal,67.2568861,88.73224089,89.14601392,-0.225527838,310.1552068,31.44,23638.57,5666.428,187.7475268,873.142986,0.574,,,,0.006,,,2.127185275,,4.5,,7606.934702,9.32,0.0295,0.1476,343.6908637,4.518125595,8.311832662,2.127185275,0.0853,2.266709276,3090000000
Netherlands,97.5,>99,>99,0,6.505834024,75.46,1520.119,15515.819,455.2379513,48947.68,0.932,0,1.921,1.921,1.921,341,3.421,44.20930522,,2.5,,5346.227887,0.0765,14.74,1.26,944.4904684,8.778461539,15.16688817,44.20930522,9.234,115.6799642,1.37E+11
New Caledonia,-,-,-,-,,,,,,,,,,,,,,,,,,,,,,,,,,,,
New Zealand,>99,>99,>99,0,1.171849048,75.96,636.894,4068.924,17.56390871,43651.46822,0.92,0,,,0.284,,,33.30312278,,1.7,,69544.37165,3.207,1.184,0.81,1106.117055,3.019877676,8.04808476,33.30312278,16.8877,18.31397049,36300000000
Nicaragua,83.67279488,59.10744663,97.55976449,0.108621784,19.96183471,55.04,2592.801,3624.78,48.97481016,2226.522932,0.653,0,0.304,0.1793,0.1112,356,,6.955392845,,3.6,214,25767.26205,1.185,0.0736,0.286,241.9165631,0.938062242,2.692428472,6.955392845,32.00546,8.099883576,2990000000
Niger,43.81794232,43.62373416,84.29243024,-0.56572479,2606.823182,35.74,17965.903,3511.445,17.05002526,520.085384,0.373,0,0.0396,,,,,3.603993269,,3.4,3143,1576.215067,1.536,0.036,0.1789,81.05124703,5.131277533,7.453924915,3.603993269,0.093644,6.616929603,2080000000
Nigeria,47.84483458,55.59290593,87.46698441,0.852161944,19036.03394,54.76,96361.295,94525.016,206.6242073,1968.552472,0.533,0,,,,,,30.81603801,,3.1,,1499.424403,5.51,1.965,5,65.35751024,4.357791754,9.668217054,30.81603801,50.666735,36.72583776,81200000000
Niue,-,-,-,-,,,0.905,0.713,6.188461539,,,0,,,,,,,,,,0,,,,,,,,,,
North Macedonia,>99,96.63789222,90.58326412,-0.545602739,,,880.172,1202.988,80.98000778,5427.843757,0.758,0,0.0412,,,,,10.17342533,,3.3,,3073.973245,0.329217708,0.225809582,0.2775,399.8697833,16.3125,25.26621491,10.17342533,2.2899,10.57114511,2330000000
Northern Mariana Islands,-,-,-,-,,,,,,,,,,,,,,,,,,,,,,,,,,,,
Norway,98,>99,>99,0,2.04452326,77.49,961.814,4343.569,13.74926274,75092.40243,0.953,0,0.93,0.883,,2240,0.929,128.7703217,,1.3,,74202.38105,0.8449,1.071,0.7753,508.1258216,0.68475827,2.046463878,128.7703217,33.2799,179.5181685,1.08E+11
Oman,>99,77.9,94.7,-,2.045451718,51.32,762.22,3874.042,15.07569628,17099.28119,0.833,,0.09,0.073,0.009,,0.037,37.12259004,,1.9,,300.0474932,1.607,0.135,0.13,401.2063624,116.7142857,116.7142857,37.12259004,0.08838,45.87999814,41700000000
Pakistan,76.61905036,89.88374298,94.2240858,-0.054451067,3593.462911,37.5,125220.255,71795.7,261.1558962,1538.413187,0.558,,3.06,,0.0306,8,0.1237,1.435567923,0,3.9,,1187.073735,172.4,1.4,9.65,882.3690302,81.03727715,122.6918594,1.435567923,27.80822847,1.200981076,48900000000
Palau,>99,>99,>99,0.234897539,,,4.484,17.245,38.71304348,13176.94095,0.811,0,,,,,,,,,,0,,,,,,,,,,15900000
Panama,92.26566585,92.85992516,98.08889267,0.089565918,10.43205361,62.71,1337.579,2761.008,54.61128989,15196.39734,0.793,0,0.394,,,,,46.5098211,,2.8,313.7,33920.58331,0.4461,0.0062,0.7591,294.9764158,0.869608913,0.90107111,46.5098211,9.1371,39.08813131,17200000000
Papua New Guinea,47.84349822,34.62688693,85.7653619,0.159001276,319.107765,39.35,7170.073,1081.089,18.23099991,2667.000159,0.543,,,,,,,,0,1.6,,94927.30299,0.001,0.1676,0.2235,46.46815918,0.048951311,0.132242833,,0,52.77430367,6340000000
Paraguay,94.19180335,>99,>99,0.366852969,20.63896551,53.93,2635.972,4175.325,16.88267298,5727.088492,0.722,0,0.2048,,,9,,13.61550318,,3.3,,56468.11642,1.897,0.154,0.362,351.3875878,0.622276092,1.835399711,13.61550318,33.529,15.00440472,10200000000
Peru,79.56539476,75.57858304,95.58538297,0.239736423,107.4481191,61.92,7166.47,24999.015,24.46608207,6550.996247,0.756,0,0.995,0.655,0.275,147,,11.02352582,,2.8,600.2,59781.90386,13.1,0.2066,2.797,512.131007,0.856665603,3.001031652,11.02352582,5.772836,12.32490072,60800000000
Philippines,78.48698699,89.9595977,97.6901543,0.279507488,858.7419564,57.65,55939.801,48978.289,350.5764167,2989.185417,0.709,0,1.259,,,31,0.136,3.375686298,0,4,866.4,4554.404092,67.97,15.85,8.929,881.8714512,19.36325679,28.35524304,3.375686298,7.105,3.45023504,85800000000
Poland,98.5045374,>99,>99,-,27.42284086,64.11,15228.329,22942.383,121.3724976,13790.05371,0.868,0,2.168,2.089,1.316,3264,5.762,43.57022182,,2.7,,1594.069324,1.018,7.035,2.028,265.6167415,16.66115702,34.89096573,43.57022182,2.9559,59.53422269,1.30E+11
Portugal,>99,>99,>99,0.083407111,8.71627119,71.91,3651.305,6678.201,111.558255,21429.66708,0.848,0,0.577,0.54,0.27,4287,1.079,16.05155371,,2.4,,7522.942789,8.767,1.497,0.9141,1086.46262,11.81653747,18.37653205,16.05155371,11.6327,26.33152733,35800000000
Puerto Rico,-,-,-,-,,,234.919,3428.212,356.6704622,28459.31527,,0,,,,,,30.29882963,,,,2244.231141,0.1135,2.365,0.796,1035.03308,12.32394366,19.53561063,30.29882963,,104.7410101,51300000000
Qatar,-,-,-,-,0.388950939,67.8,24.338,2614.873,237.1390775,63249.46732,0.848,0,0.274,0.2315,0.2287,6,,191.6389489,,0,,21.28652842,0.2917,0.1437,0.4772,334.9325144,432.4137931,432.4137931,191.6389489,,700.4414447,93400000000
South Korea,-,-,-,-,22.70623366,,9429.948,41552.264,509.3850563,31852.31481,0.904,0,7.838,,6.583,505,9.208,52.44500978,,3.5,,1364.087872,15.96,4.45,6.672,530.0176147,41.88952654,85.22183304,52.44500978,18.83455,,5.29E+11
Republic of Moldova,86.24700144,83.15996392,97.01359283,0.112229444,6.716715239,,2327.145,1724.067,119.9315805,2386.876265,0.709,,0.0525,,0.296,,,7.59932276,12.6,3.8,,3022.402729,0.042,0.65,0.148,206.9126563,6.84596577,12.47401247,7.59932276,1.1275,,1810000000
Reunion,-,-,-,-,,,,,,,,,,,,,,,,,,,,,,,,,,,,
Romania,95.2872172,>99,>99,0,32.1581214,64.78,9065.003,10614.303,82.44114513,10757.2827,0.813,0,0.9831,0.795,0.907,481,0.777,25.47891272,,3.7,,10787.13414,1.491,4.234,1.048,344.6123274,3.194660629,6.341166557,25.47891272,11.0624,31.75853749,54500000000
Russian Federation,94.75836136,92.61907611,98.63699525,-0.004730279,192.0155461,,37017.128,106972.626,8.511402161,10983.02208,0.822,0,12.32,11.33,,9616,20.92,18.7394646,,2,,31096.28565,18.66,28.04,17.71,442.5889075,1.423285445,4.096168705,18.7394646,801.5436,26.33297396,4.36E+11
Rwanda,51.9287636,52.64485024,82.24150624,0.676546156,432.566261,43.68,10117.663,2090.744,454.8580486,748.350053,0.529,0,,,,,,31.51707184,,3.6,,1110.094591,0.102,0.0205,0.0614,15.34935303,1.382706767,6.089403974,31.51707184,0,52.08462306,1290000000
Saint Helena,-,-,-,-,,,,,,,,,,,,,,,,,,,,,,,,,,,,
Saint Kitts and Nevis,-,-,-,-,,,38.314,17.031,200.1730769,18013.27029,0.774,0,,,,,,,,,,461.1393986,0.0002,0,0.0154,299.7406091,50.83333333,50.83333333,,,,269000000
Saint Lucia,77.79603573,98.2403,97.8196,0.2909953,0.419395044,56.18,145.557,33.287,291.8612903,10158.17545,0.744,0,,,,,,,,3.6,,1657.879903,0.0304,0,0.0125,237.0768262,14.3,14.3,,0.0026,,148000000
Saint Pierre and Miquelon,-,-,-,-,,,,,,,,,,,,,,,,,,,,,,,,,,,,
Saint Vincent and the Grenadines,-,-,-,-,0.324912255,,52.988,56.909,281.6076923,7208.365813,0.726,0,,,,,,,,3.6,,910.5229133,0,0.000002,0.0085,77.41265809,7.9,7.9,,,,94000000
Samoa,98.4617263,96.79035539,>99,0.592174649,0.528344291,54.5,160.194,36.246,68.78591549,4197.37637,0.706,0,,,,,,,,,,0,,,,,,,,0.01,,108000000
San Marino,-,-,-,-,,,0.978,32.422,561.1833333,45767.10165,,,,,,,,,,2.3,,,,,,,,,,,,496000000
Sao Tome and Principe,47.62429371,76.95269199,87.1481462,0.965141773,3.064145788,,57.276,147.051,215.7177083,1788.765113,0.603,0,,,,,,7.489641146,,,,10526.87492,0.0256,0.0006,0.0147,197.4996258,1.876146789,1.876146789,7.489641146,0.039,6.499286703,50200000
Saudi Arabia,-,-,-,-,18.6663411,57.47,5394.59,27543.623,15.3981174,20905.39169,0.856,0.394,1.546,1.144,1.6,30,1.144,28.27098524,,1.2,,72.50497029,19.2,1,3.15,705.4129401,883.3333333,883.3333333,28.27098524,1.0040595,32.30905213,3.05E+11
Senegal,64.99204914,70.45991018,92.32114903,0.168690354,547.3543208,49.52,8442.004,7408.563,78.38622846,1321.086287,0.51,0,0.0696,,0.0112,9,0.0004,6.944874027,,2.5,,2527.34307,2.065,0.058,0.098,144.0397474,5.699127534,11.80728336,6.944874027,0.25,10.38170436,4480000000
Serbia,>99,88.37699149,83.27371454,-0.578517497,6.782261678,57.49,3872.979,4917.595,99.92788592,6271.824095,0.794,,0.449,0.409,0.0493,53,,5.911265871,,3.5,,18369.96983,0.6608,4.057,0.6595,609.0064043,3.315043157,6.059957173,5.911265871,2.2699,8.572659432,9410000000
Seychelles,-,-,-,-,0.143414508,66.02,41.437,53.3,209.6043478,15867.05451,0.8,0,0.0088,,,,,89.32303541,0,,,0,0.0009,0.0038,0.009,142.0896513,,,89.32303541,0.001,119.0503545,133000000
Sierra Leone,25.65327138,50.14271322,75.75582528,0.465462953,1000.149902,42.54,4410.71,3146.502,103.5743154,494.765953,0.435,0,,,,,,8.197602082,,1.6,,21366.31438,0.0457,0.0555,0.111,28.33707444,0.132625,0.495794393,8.197602082,0.22,16.47825604,184000000
Singapore,>99,-,>99,0,7.631517468,64.23,0,5708.844,7938.860918,58974.9681,0.934,0,0.511,0.511,0.5954,,0.531,,,2.9,,105.1148722,0.026376,0.336294,0.29673,115.5212445,82.01666667,82.01666667,,0.0749,654.3887222,74200000000
Sint Maarten (Dutch part),-,-,-,-,,,,,,,,,,,,,,,,,,,,,,,,,,,,
Slovakia,98.89790852,>99,>99,0.041476123,3.638096429,70.6,2519.468,2928.194,111.1136039,17526.28369,0.854,0.95,0.56,,,254,,146.1561717,,3.8,,9196.204042,0.0316,0.2312,0.2935,102.1127407,1.110379242,2.393717728,146.1561717,1.7267,,24600000000
Slovenia,>99,>99,>99,-0.01020963,0.918521364,67.57,951.104,1128.872,102.4549994,23347.22728,0.899,0.95,0.2177,,0.156,352,,42.54633758,,3.5,,15348.72476,0.0039,0.758,0.1695,448.5661199,2.922497647,6.29749831,42.54633758,0.0335,57.08319266,12400000000
Solomon Islands,77.90905232,60.60177274,91.41077689,0.056427371,7.932105372,43.22,468.983,142.36,22.0082699,1961.155429,0.555,0,,,,,,,,,,70278.70932,,,,,,,,,,162000000
Somalia,61.10327181,28.113847,82.90500354,1.910257578,1360.596106,,8198.119,6544.404,22.87924442,101.563368,,0,,,0,,,0.197997563,,3.8,,1007.596109,3.281,0.002,0.015,226.0579571,22.43537415,24.52774059,0.197997563,0,,94800000
South Africa,76.30662433,80.67576083,98.90346246,0.03112956,768.0369628,44.73,19369.002,37348.154,46.76418968,6153.459018,0.704,0,3.542,2.769,1.919,923,2.414,14.65909676,0,2.8,,900.7230271,11.39,4.1,3.89,339.9418163,37.74099318,62.05571566,14.65909676,31.021875,21.98954553,79900000000
South Sudan,36.86588556,34.88321917,64.82631885,-,937.8865185,,10142.827,2432.887,16.93350147,606.006392,0.414,0,,,,,,19.17980474,,2.5,,4536.804621,0.24,0.225,0.193,60.30742305,1.329292929,4.226075787,19.17980474,,,3550000000
Spain,>99,>99,>99,-0.005414988,14.88126332,78.39,9233.918,37120.403,92.2003949,28315.62792,0.891,0,5.206,,4.686,2041,,35.97783064,,2.7,,2390.271121,20.36,5.966,4.89,669.1901641,28.00358744,42.56850716,35.97783064,53.8146,48.21169141,2.24E+11
Sri Lanka,94.8190229,87.71959694,96.94881553,0.093217328,36.97506932,60.61,17038.849,3838.068,322.0245694,4216.125203,0.776,0,0.1181,,,,,5.814464248,,3.7,120,2499.049604,11.31,0.831,0.805,612.7404578,24.51893939,90.78541374,5.814464248,5.942,6.394026201,23200000000
Sudan,60.14022363,53.19902707,73.76365956,0.790883601,984.850055,51.49,26602.042,13931.288,21.71664662,3059.743671,0.507,1,0.4797,,,,,2.654930547,,3.3,,926.1664742,25.91,0.075,0.95,659.9548673,71.25661376,118.6563877,2.654930547,21.23,2.524778544,19900000000
Suriname,89.41330703,89.99594305,98.21629774,0.033723094,1.425713029,54.2,191.326,372.076,3.482456355,5697.565867,0.722,0,,,,,,6.90031187,,1.4,,173533.2062,0.4311,0.1355,0.0493,1079.586886,0.622121212,3.950609365,6.90031187,20,7.385149237,999000000
Sweden,>99,>99,>99,0,3.489214635,80.51,1273.943,8636.758,22.13730863,54541.57444,0.935,0,1,1,1,1243,1.134,194.0764723,,0.4,,17567.06986,0.075,1.345,0.955,239.7804076,1.364942529,3.427128427,194.0764723,35.959,243.3634716,1.06E+11
Switzerland,>99,>99,>99,0,2.305235795,87.42,2224.037,6251.968,204.7886687,80220.63248,0.943,0,1.409,1.409,1.084,826,2.37,390.4934882,,3.2,,6327.015148,0.1601,0.6427,0.931,205.0425956,3.241,6.613,390.4934882,3.3435,378.6465663,1.58E+11
Syrian Arab Republic,91.43963238,95.16712351,98.99774539,-0.015889652,87.26249589,,8495.489,9774.379,92.31924614,721.520956,0.544,0.34,1.37,,0.55,7,,0.980660727,0,2.7,,982.8215061,14.67,0.6154,1.475,980.3881425,83.11153434,124.3601389,0.980660727,19.65,,3900000000
Tajikistan,94.94339958,75.63837836,96.2369121,0.343522519,50.96401455,47.85,6514.203,2407.14,62.81134531,802.326545,0.651,,4.7,,0.1522,,0.087,0.68550315,0,3.7,,2467.26788,10.44,0.4078,0.647,1294.420394,47.55727978,68.74125874,0.68550315,29.505,0.873435399,1930000000
Thailand,>99,>99,>99,0.113571875,223.3157321,49.88,35071.057,33966.456,134.8803594,6594.608057,0.762,,5.11,1.168,1.168,101,1.168,7.234318206,,3.7,960,6337.396389,51.79,2.777,2.739,828.0040069,13.06559358,23.01393518,7.234318206,79.2309,7.409830267,1.47E+11
Timor-Leste,75.92583444,69.69430257,98.323865,-,17.1930108,49.54,904.669,391.642,83.60847344,1918.728945,0.624,0,,,,,,2.229719288,,2.2,,6607.638962,1.071,0.002,0.099,942.6844629,14.26658551,28.26821032,2.229719288,,0.918340664,1140000000
Togo,28.61436712,48.389673,89.05623032,0.586428523,596.6049348,41.78,4588.034,3209.66,135.5603803,593.975597,0.51,,,,,,,13.40516608,,3.1,,1909.469331,0.076,0.0063,0.1407,28.96677965,1.517006803,3.391634981,13.40516608,1.717469,22.82436017,635000000
Tokelau,-,>99,-,-,,,1.3,0,130,,,0,,,,,,,,,,0,,,,,,,,,,
Tonga,96.59960695,>99,>99,0.141629532,0.305167748,62.49,82.993,25.027,135.9973333,4558.478241,0.717,0,,,,,,,,,,0,,,,,,,,,,64300000
Trinidad and Tobago,-,-,-,-,0.913540338,67.36,640.679,728.446,269.797076,16415.40548,0.799,0,,,,,,58.57557822,0,2.2,,2774.448199,0.0167,0.1289,0.2376,276.8668099,8.755208333,20.32648126,58.57557822,0.07147,62.83025006,8190000000
Tunisia,95.29350413,88.71376281,>99,0.108885065,18.52186033,62.35,3616.197,7915.93,69.88229937,3452.359126,0.738,0,0.287,0.241,0.226,109,0.238,7.834119455,5,2.6,,403.6404432,3.773,0.965,0.137,426.3807499,103.3152763,121.0674657,7.834119455,2.691378,10.41536751,8760000000
Turkey,>99,>99,98.61939891,-0.014143363,67.89581377,52.96,20473.563,60271.457,103.2870058,10560.02154,0.805,11,4.647,,4.039,604,5.289,13.60315254,113.6,2.6,,2608.595421,50.05,2.898,6.016,726.9055783,28.36011342,44.57401768,13.60315254,157.8260719,20.23842545,2.31E+11
Turkmenistan,97.97476117,97.572682,>99,0.223187536,38.66824527,66.1,2812.629,2945.446,11.79608072,6584.696357,0.708,,0.268,,0.336,1,,1.436789537,0,1.8,12.29,4301.221311,26.36,0.839,0.755,4855.091481,112.5176661,143.5600206,1.436789537,5.5945,1.512111928,21400000000
Turks and Caicos Islands,-,-,-,-,,,,,,,,,,,,,,,,,,,,,,,,,,,,
Tuvalu,82.75888889,98.78,>99,-,,,4.306,6.886,379,3923.561196,,0,,,,,,,,,,0,,,,,,,,,,6492014.996
Uganda,26.10599993,41.25117261,75.10554817,0.277684152,2083.757907,44.28,32920.646,9942.312,170.4267771,634.769133,0.522,0,0.0419,,,,,28.46577793,,3.6,,1459.921818,0.259,0.05,0.328,15.47371378,1.059900166,5.82799634,28.46577793,80.00075,58.99651092,4400000000
Ukraine,97.39260155,>99,91.31101316,-0.491750032,47.94239837,52.87,13600.408,30622.539,73.71006379,2536.92565,0.747,,2.154,,0.866,,7.19,7.749510712,1492.736056,2.4,,3939.964632,3.206,3.577,2.397,206.3491289,4.926403469,11.18813164,7.749510712,55.3987,14.70388131,22600000000
United Arab Emirates,-,-,-,-,1.886877395,58.9,1292.709,8107.436,133.5849479,40180.34405,0.864,0,0.5,,0.7356,41,0.673,92.77376275,,1.2,,15.81077163,3.312,0.069,0.617,421.4097664,1708,1708,92.77376275,0.0610703,153.529323,1.48E+11
United Kingdom,>99,>99,>99,0,42.22954325,79.89,11156.164,55025.421,273.9110094,40286.57186,0.919,0,4.089,4.048,4.048,8035,7.29,319.7364282,,3.4,,2202.991059,1.183,1.01,6.227,126.1849301,5.727210884,14.35464621,319.7364282,5.2715,337.4792952,4.12E+11
United Republic of Tanzania,42.57247402,42.50152908,85.53822506,1.214075685,2864.28544,,38367.191,18942.828,57.70119181,954.877401,0.522,0,,0.028,,,,6.915170435,,3.1,,1761.240449,4.632,0.025,0.527,94.84024605,5.384855095,12.96324081,6.915170435,104.1987,,13200000000
United States Virgin Islands,-,-,-,-,,,,,,,,,,,,,,,,,,,,,,,,,,,,
United States of America,>99,96.97277071,>99,0,130.9979759,71.19,58215.947,266243.516,33.0594443,60159.82342,0.919,0,60.41,47.24,45.35,14581,63.99,42.37850126,,3.1,,9440.614927,176.2,209.7,58.39,1366.689738,14.48016004,28.16198427,42.37850126,735.8673807,,3.26E+12
Uruguay,96.57211537,95.30083,>99,0.040060524,2.042893895,64.65,164.541,3292.209,19.50199183,17221.4078,0.807,0,0.1152,,,,,13.14470353,,3,,50107.06676,3.17,0.08,0.41,1064.993405,2.12543554,9.786096257,13.14470353,17.15366949,13.55633343,13100000000
Uzbekistan,>99,96.07258236,>99,0.254053056,55.93672841,45.88,15779.684,16130.957,71.43447698,1853.925426,0.707,,0.3397,,,,,1.337755258,0,2.7,271.8,1529.10916,54.36,2.13,2.41,1842.941059,120.5238388,168.9131058,1.337755258,22.0119,1.259460861,13600000000
Vanuatu,48.29092592,88.48513287,>99,0.215787977,3.543310439,44.55,206.733,69.511,23.4216571,3185.75966,0.595,0,,,,,,,,,,35025.04291,,,,,,,,,,74000000
Venezuela (Bolivarian Republic of),-,-,-,-,111.1534333,,3778.814,28198.251,32.23779837,7756.479109,0.735,0,2.903,,0.93,,,9.557190087,,2.7,22.06,45064.21974,16.71,0.7933,5.123,769.5370228,1.70725283,7.540366667,9.557190087,157.6257,,84000000000
Viet Nam,94.25686046,92.63541199,98.55195869,0.242696896,302.0071418,46.96,61898.302,33642.498,285.6041059,2342.244006,0.69,0,1.972,0.197,0.197,34,0.423,2.349447563,0,3.8,177.6,9345.813361,77.75,3.074,1.206,867.1187961,9.259150342,18.13031538,2.349447563,44.71559,,63900000000
Wallis and Futuna Islands,-,>99,-,-,,,,,,,,,,,,,,,,,,,,,,,,,,,,
West Bank and Gaza Strip,97.19336735,95.9390489,97.10890078,0.301824927,,,,,,,,,,,,,,,,,,,,,,,,,,,,
Western Sahara,-,-,-,-,,,,,,,,,,,,,,,,,,,,,,,,,,,,
Yemen,87.85827458,54.7044139,79.0521,0.408400238,449.2916169,,18075.808,10174.612,52.72045571,854.926716,0.463,0,0.1315,,0.046,20,,5.21935743,,2.9,,75.44507475,3.235,0.065,0.265,128.0769959,169.7619048,169.7619048,5.21935743,0.4625,,4560000000
Zambia,36.23959371,41.95205833,83.86311876,-0.026165381,943.0223992,50.97,9747.709,7346.421,22.39353583,1513.27609,0.589,,0.1184,,,,,12.76489398,,2.5,,6218.256409,1.152,0.13,0.29,93.27384614,1.5,2.835497836,12.76489398,101.1334,17.80536619,8660000000
Zimbabwe,46.21599338,49.80476283,93.9976692,-0.057547696,528.6731258,43.41,11201.138,5328.766,36.43309192,1333.395663,0.553,,0.194,,0.095,137,,5.213329172,,2.8,,1404.830298,2.77,0.0814,0.4877,234.5434424,16.695,31.34622606,5.213329172,99.929946,5.386517974,4190000000
Cape Verde,,,,,2.802650732,,,,,,,,,,,,,,,,,,,,,,,,,,,
The former Yugoslav Republic of Macedonia,,,,,1.187287622,,,,,,,,,,,,,,,,,,,,,,,,,,,
Taiwan,,,,,,72.84,,,,,,,,,,,,,,,,,,,,,,,,,,
St. Vincent & Grenadines,,,,,,66.48,,,,,,,,,,,,,,,,,,,,,,,,,,
Venezuela,,,,,,63.89,,,,,,,,,,,,,,,,,,,,,,,,,,
Russia,,,,,,63.79,,,,,,,,,,,,,,,,,,,,,,,,,,
South Korea,,,,,,62.3,,,,,,,,,,,,,,,,,,,,,,,,,,
Macedonia,,,,,,61.06,,,,,,,,,,,,,,,,,,,,,,,,,,
Iran,,,,,,58.16,,,,,,,,,,,,,,,,,,,,,,,,,,
Bolivia,,,,,,55.98,,,,,,,,,,,,,,,,,,,,,,,,,13.35292594,
Sao Tome and Principe,,,,,,54.01,,,,,,,,,,,,,,,,,,,,,,,,,,
Moldova,,,,,,51.97,,,,,,,,,,,,,,,,,,,,,,,,,10.89475434,
Tanzania,,,,,,50.83,,,,,,,,,,,,,,,,,,,,,,,,,9.594274841,
Micronesia,,,,,,49.8,,,,,,,,,,,,,,,,,,,,,,,,,,
Laos,,,,,,42.94,,,,,,,,,,,,,,,,,,,,,,,,,,
"Congo, Rep.",,,,,,42.39,,,,,,,,,,,,,,,,,,,,,,,,,,
Swaziland,,,,,,40.32,,,,,,,,,,,,,,,,,,,,,,,,,,
"Congo, Dem. Rep.",,,,,,30.41,,,,,,,,,,,,,,,,,,,,,,,,,,
Czechia,,,,,,,2795.276,7823.027,134.9186509,20334.09153,0.888,0,1.299,0.3093,0.2941,2636,1.386,107.4473576,,3.2,,1235.782162,0.0466,0.9672,0.6166,153.2181929,12.39543726,24.78710462,107.4473576,3.1843,,63700000000
Grenade,,,,,,,68.831,38.994,326.1,10439.93149,0.76,0,0.011,0.001,,,,,,,,1803.849415,0.0021,0,0.012,127.1713837,7.05,7.05,,0.000022,,113000000
Palestine,,,,,,,1186.188,3734.536,788.5759136,3277.485183,0.689,,0.071,0.122,0.083,,,34.74897042,,3,,176.3134563,0.162,0.032,0.1812,79.03561384,34.40860215,41.07830552,34.74897042,0,,2790000000
"China, Hong Kong SAR",,,,,,,,,,,,,,,,,,,,,,,,,,,,,,,,
"China, Macao SAR",,,,,,,,,,,,,,,,,,,,,,,,,,,,,,,,
"China, mainland",,,,,,,,,,,,,,,,,,,,,,,,,,,,,,,,
"China, Taiwan Province of",,,,,,,,,,,,,,,,,,,,,,,,,,,,,,,,
Cote d'Ivoire,,,,,,,,,,,,,,,,,,,,,,,,,,,,,,,,
United Kingdom of Great Britain and Northern Ireland,,,,,,,,,,,,,,,,,,,,,,,,,,,,,,,,
Arab World,,,,,,,,,,,,,,,,,,,,,,,,,,,,,,,13.17109509,
"Bahamas, The",,,,,,,,,,,,,,,,,,,,,,,,,,,,,,,,
Central Europe and the Baltics,,,,,,,,,,,,,,,,,,,,,,,,,,,,,,,48.53983021,
Cote d'Ivoire,,,,,,,,,,,,,,,,,,,,,,,,,,,,,,,33.6649323,
"Congo, Dem. Rep.",,,,,,,,,,,,,,,,,,,,,,,,,,,,,,,48.69217781,
"Congo, Rep.",,,,,,,,,,,,,,,,,,,,,,,,,,,,,,,280.0462894,
Caribbean small states,,,,,,,,,,,,,,,,,,,,,,,,,,,,,,,13.80590785,
Curacao,,,,,,,,,,,,,,,,,,,,,,,,,,,,,,,,
East Asia & Pacific (excluding high income),,,,,,,,,,,,,,,,,,,,,,,,,,,,,,,11.57529038,
Early-demographic dividend,,,,,,,,,,,,,,,,,,,,,,,,,,,,,,,6.090214836,
East Asia & Pacific,,,,,,,,,,,,,,,,,,,,,,,,,,,,,,,17.95259804,
Europe & Central Asia (excluding high income),,,,,,,,,,,,,,,,,,,,,,,,,,,,,,,12.50635774,
Europe & Central Asia,,,,,,,,,,,,,,,,,,,,,,,,,,,,,,,47.51428661,
"Egypt, Arab Rep.",,,,,,,,,,,,,,,,,,,,,,,,,,,,,,,4.23408126,
Euro area,,,,,,,,,,,,,,,,,,,,,,,,,,,,,,,84.06164683,
European Union,,,,,,,,,,,,,,,,,,,,,,,,,,,,,,,81.7894197,
Fragile and conflict affected situations,,,,,,,,,,,,,,,,,,,,,,,,,,,,,,,6.949389029,
"Micronesia, Fed. Sts.",,,,,,,,,,,,,,,,,,,,,,,,,,,,,,,,
"Gambia, The",,,,,,,,,,,,,,,,,,,,,,,,,,,,,,,16.56334178,
"Hong Kong SAR, China",,,,,,,,,,,,,,,,,,,,,,,,,,,,,,,,
"Iran, Islamic Rep.",,,,,,,,,,,,,,,,,,,,,,,,,,,,,,,6.030978812,
Kyrgyz Republic,,,,,,,,,,,,,,,,,,,,,,,,,,,,,,,0.862531519,
St. Kitts and Nevis,,,,,,,,,,,,,,,,,,,,,,,,,,,,,,,70.75815434,
South Korea,,,,,,,,,,,,,,,,,,,,,,,,,,,,,,,48.36357348,
Latin America & Caribbean (excluding high income),,,,,,,,,,,,,,,,,,,,,,,,,,,,,,,19.03280278,
Lao PDR,,,,,,,,,,,,,,,,,,,,,,,,,,,,,,,1.621228563,
St. Lucia,,,,,,,,,,,,,,,,,,,,,,,,,,,,,,,38.15777512,
Latin America & Caribbean,,,,,,,,,,,,,,,,,,,,,,,,,,,,,,,18.05879094,
Least developed countries: UN classification,,,,,,,,,,,,,,,,,,,,,,,,,,,,,,,4.794330839,
Low income,,,,,,,,,,,,,,,,,,,,,,,,,,,,,,,3.823961273,
Lower middle income,,,,,,,,,,,,,,,,,,,,,,,,,,,,,,,4.250793905,
Low & middle income,,,,,,,,,,,,,,,,,,,,,,,,,,,,,,,9.512528133,
Late-demographic dividend,,,,,,,,,,,,,,,,,,,,,,,,,,,,,,,18.128883,
"Macao SAR, China",,,,,,,,,,,,,,,,,,,,,,,,,,,,,,,,
St. Martin (French part),,,,,,,,,,,,,,,,,,,,,,,,,,,,,,,,
Middle East & North Africa,,,,,,,,,,,,,,,,,,,,,,,,,,,,,,,12.89378366,
Middle income,,,,,,,,,,,,,,,,,,,,,,,,,,,,,,,9.715877367,
Middle East & North Africa (excluding high income),,,,,,,,,,,,,,,,,,,,,,,,,,,,,,,6.664757269,
North America,,,,,,,,,,,,,,,,,,,,,,,,,,,,,,,40.14304129,
OECD members,,,,,,,,,,,,,,,,,,,,,,,,,,,,,,,50.9638547,
Other small states,,,,,,,,,,,,,,,,,,,,,,,,,,,,,,,56.79156266,
Pre-demographic dividend,,,,,,,,,,,,,,,,,,,,,,,,,,,,,,,9.201384542,
North Korea,,,,,,,,,,,,,,,,,,,,,,,,,,,,,,,,
West Bank and Gaza,,,,,,,,,,,,,,,,,,,,,,,,,,,,,,,,
Pacific island small states,,,,,,,,,,,,,,,,,,,,,,,,,,,,,,,48.06182693,
Post-demographic dividend,,,,,,,,,,,,,,,,,,,,,,,,,,,,,,,57.92676829,
South Asia,,,,,,,,,,,,,,,,,,,,,,,,,,,,,,,3.465789867,
Sub-Saharan Africa (excluding high income),,,,,,,,,,,,,,,,,,,,,,,,,,,,,,,14.17005915,
Sub-Saharan Africa,,,,,,,,,,,,,,,,,,,,,,,,,,,,,,,14.21451137,
Small states,,,,,,,,,,,,,,,,,,,,,,,,,,,,,,,41.51192896,
Slovak Republic,,,,,,,,,,,,,,,,,,,,,,,,,,,,,,,193.9095519,
East Asia & Pacific (IDA & IBRD countries),,,,,,,,,,,,,,,,,,,,,,,,,,,,,,,11.57529038,
Europe & Central Asia (IDA & IBRD countries),,,,,,,,,,,,,,,,,,,,,,,,,,,,,,,14.62389761,
Latin America & the Caribbean (IDA & IBRD countries),,,,,,,,,,,,,,,,,,,,,,,,,,,,,,,17.96213456,
Middle East & North Africa (IDA & IBRD countries),,,,,,,,,,,,,,,,,,,,,,,,,,,,,,,6.664757269,
South Asia (IDA & IBRD),,,,,,,,,,,,,,,,,,,,,,,,,,,,,,,3.465789867,
Sub-Saharan Africa (IDA & IBRD countries),,,,,,,,,,,,,,,,,,,,,,,,,,,,,,,14.21451137,
Upper middle income,,,,,,,,,,,,,,,,,,,,,,,,,,,,,,,14.55994907,
United States,,,,,,,,,,,,,,,,,,,,,,,,,,,,,,,39.16277111,
St. Vincent and the Grenadines,,,,,,,,,,,,,,,,,,,,,,,,,,,,,,,93.57398061,
"Venezuela, RB",,,,,,,,,,,,,,,,,,,,,,,,,,,,,,,,
Virgin Islands (U.S.),,,,,,,,,,,,,,,,,,,,,,,,,,,,,,,,
Vietnam,,,,,,,,,,,,,,,,,,,,,,,,,,,,,,,2.141214252,
World,,,,,,,,,,,,,,,,,,,,,,,,,,,,,,,20.61141524,
Kosovo,,,,,,,,,,,,,,,,,,,,,,,,,,,,,,,,
"Yemen, Rep.",,,,,,,,,,,,,,,,,,,,,,,,,,,,,,,5.02169842,
